date, pm25, o3, no2, so2, co, aqi
2023/4/2, 125, 3, 11, 9, , 
2023/4/3, 94, 4, 11, 9, , 
2023/4/4, 94, 4, 13, 9, , 
2023/4/5, 126, 4, 13, 9, , 
2023/4/6, 139, 5, 12, 9, , 
2023/4/7, 135, 4, 14, 8, , 
2023/4/8, 128, 6, 10, 8, , 
2023/4/9, 132, 3, 12, 9, , 
2023/4/10, 144, 2, 14, 9, , 
2023/4/11, 153, 2, 14, 9, , 
2023/4/12, 143, , , , , 
2023/1/3, 167, 1, 13, , , 
2023/1/4, 150, 1, 16, 9, , 
2023/1/5, 172, 1, 13, 9, , 
2023/1/6, 157, 3, 9, , , 
2023/1/7, 133, 3, 16, 9, , 
2023/1/8, 156, 4, 19, 9, , 
2023/1/9, 182, 4, 17, 9, , 
2023/1/10, 184, , 13, 9, , 
2023/1/11, 185, , 9, 9, , 
2023/1/12, 152, , 9, 9, , 
2023/1/13, 105, , 10, 9, , 
2023/1/14, 118, 4, 10, 9, , 
2023/1/15, 154, 1, 7, 9, , 
2023/1/16, 125, 2, 6, 8, , 
2023/1/17, 96, 2, 3, 9, , 
2023/1/18, 137, 3, 3, 9, , 
2023/1/19, 141, 2, 4, 9, , 
2023/1/20, 168, 2, 4, 9, , 
2023/1/21, 179, 6, 6, 9, , 
2023/1/22, 193, 3, 6, 9, , 
2023/1/23, 189, 1, 7, 9, , 
2023/1/24, 158, 4, 4, 8, , 
2023/1/25, 105, 4, 6, , , 
2023/1/26, 150, 2, 3, 9, , 
2023/1/27, 160, 3, 4, 9, , 
2023/1/28, 148, 5, 5, 9, , 
2023/1/29, 143, 6, 7, 9, , 
2023/1/30, 163, 5, 12, 9, , 
2023/1/31, 181, 2, 16, 9, , 
2023/2/1, 156, 2, 15, 9, , 
2023/2/2, 148, , 12, 9, , 
2023/2/3, 151, , , , , 
2023/2/4, 106, , , , , 
2023/2/5, 99, , , , , 
2023/2/6, 78, , , , , 
2023/2/7, 87, , , , , 
2023/2/8, 81, , , , , 
2023/2/9, 72, , , , , 
2023/2/10, 78, 2, 10, 10, , 
2023/2/11, 86, 2, 7, 10, , 
2023/2/12, 99, 2, 9, 9, , 
2023/2/13, 116, 2, 13, 9, , 
2023/2/14, 114, 2, 10, 9, , 
2023/2/15, 108, 4, 10, 10, , 
2023/2/16, 120, 4, 12, 10, , 
2023/2/17, 152, 3, 18, 10, , 
2023/2/18, 170, 2, 19, 10, , 
2023/2/19, 135, 2, 11, 10, , 
2023/2/20, 153, 7, 13, 10, , 
2023/2/21, 139, 4, 21, 10, , 
2023/2/22, 154, 5, 17, 10, , 
2023/2/23, 115, 3, 18, 10, , 
2023/2/24, 118, , , , , 
2023/2/25, 112, 8, 14, 10, , 
2023/2/26, 99, 10, 14, 10, , 
2023/2/27, 145, 8, 19, 10, , 
2023/2/28, 160, 5, 20, 10, , 
2023/3/1, 151, 2, 17, 10, , 
2023/3/2, 153, 10, 17, 11, , 
2023/3/3, 180, 6, 20, 9, , 
2023/3/4, 172, , 11, 8, , 
2023/3/5, 150, , 14, 8, , 
2023/3/6, 169, 7, 17, 8, , 
2023/3/7, 158, 7, 14, 8, , 
2023/3/8, 121, 5, 17, 8, , 
2023/3/9, 133, 7, 13, 8, , 
2023/3/10, 165, 4, 14, 8, , 
2023/3/11, 164, 2, 15, 8, , 
2023/3/12, 144, 6, 15, 9, , 
2023/3/13, 148, 7, 7, 8, , 
2023/3/14, 119, 8, 12, 8, , 
2023/3/15, 153, 4, 16, 9, , 
2023/3/16, 148, 4, 11, 9, , 
2023/3/17, 94, 3, 11, 9, , 
2023/3/21, 114, 3, 13, 9, , 
2023/3/22, 124, 6, 13, 8, , 
2023/3/23, 157, 5, 14, 8, , 
2023/3/24, 146, 4, 14, 9, , 
2023/3/25, 147, 4, 11, 8, , 
2023/3/26, 122, 2, 8, 9, , 
2023/3/27, 88, 2, 8, 9, , 
2023/3/28, 73, 2, 9, 9, , 
2023/3/29, 97, 2, 9, 9, , 
2023/3/30, 92, 2, 11, 9, , 
2023/3/31, 112, 2, 18, 10, , 
2023/4/1, 157, 2, 16, 10, , 
2022/10/2, 85, 1, 9, 8, , 
2022/10/26, 140, 4, 15, 8, , 
2022/10/27, 161, 1, 14, 8, , 
2022/10/28, 99, 2, 20, 8, , 
2022/10/29, 123, 8, 18, 8, , 
2022/10/30, 163, 6, 13, 8, , 
2022/10/31, 154, 4, 9, , , 
2022/11/1, 90, 5, 12, 8, , 
2022/11/2, 92, 6, 17, 8, , 
2022/11/3, 139, 7, 20, 9, , 
2022/11/4, 169, 6, 18, 9, , 
2022/11/5, 159, 7, 14, 8, , 
2022/11/6, 155, 8, 15, 8, , 
2022/11/7, 157, 2, 21, 9, , 
2022/11/8, 159, 7, 16, 9, , 
2022/11/9, 170, 7, 15, 9, , 
2022/11/10, 158, , 16, 9, , 
2022/11/11, 136, , 15, 9, , 
2022/11/12, 128, 1, 14, 9, , 
2022/11/13, 117, 1, 15, 9, , 
2022/11/14, 129, 1, 16, 9, , 
2022/11/15, 123, , 13, 9, , 
2022/11/16, 113, 1, 12, 9, , 
2022/11/17, 96, 1, 9, 9, , 
2022/11/18, 77, 1, 11, 9, , 
2022/11/19, 83, 1, 12, 8, , 
2022/11/20, 96, 2, 10, 8, , 
2022/11/21, 113, 1, 16, 8, , 
2022/11/22, 145, 2, 13, 8, , 
2022/11/23, 156, 2, 11, 8, , 
2022/11/24, 145, , 8, 8, , 
2022/11/25, 94, , 9, 8, , 
2022/11/26, 107, , 8, 8, , 
2022/11/27, 118, , 7, 8, , 
2022/11/28, 78, 1, 9, 8, , 
2022/11/29, 74, 1, 9, 8, , 
2022/11/30, 82, 1, 7, 8, , 
2022/12/1, 69, , 5, 8, , 
2022/12/2, 62, 1, 6, 8, , 
2022/12/3, 71, 1, 10, 8, , 
2022/12/4, 109, , 6, 8, , 
2022/12/5, 89, 1, 7, 8, , 
2022/12/6, 71, 1, 12, 8, , 
2022/12/7, 136, 2, 10, 8, , 
2022/12/8, 160, , 8, 8, , 
2022/12/9, 131, , 7, 8, , 
2022/12/10, 137, , 7, 8, , 
2022/12/11, 128, 2, 12, 8, , 
2022/12/12, 157, 6, 14, 8, , 
2022/12/13, 156, 4, 20, 8, , 
2022/12/14, 168, 6, 15, 8, , 
2022/12/15, 168, 5, 21, 9, , 
2022/12/16, 179, 8, 19, 9, , 
2022/12/17, 203, 5, 11, 8, , 
2022/12/18, 147, 6, 11, 8, , 
2022/12/19, 117, 5, 18, 8, , 
2022/12/20, 180, 3, 22, 8, , 
2022/12/21, 188, 7, 18, 9, , 
2022/12/22, 172, 6, 18, 8, , 
2022/12/23, 180, 3, 20, 8, , 
2022/12/24, 148, 6, 19, 9, , 
2022/12/25, 160, 3, 19, 9, , 
2022/12/26, 155, 2, 19, 9, , 
2022/12/27, 176, 1, 19, 9, , 
2022/12/28, 140, 1, 12, 8, , 
2022/12/29, 116, 2, 7, , , 
2022/12/30, 105, 1, 9, , , 
2022/12/31, 123, 1, 10, 9, , 
2023/1/1, 154, 4, 14, 9, , 
2023/1/2, 156, 3, 12, 9, , 
2022/7/2, 87, 4, 10, 7, , 
2022/7/3, 72, 3, 9, 7, , 
2022/7/4, 74, 4, 9, 7, , 
2022/7/5, 110, 2, 12, 7, , 
2022/7/6, 92, 3, 13, 7, , 
2022/7/7, 108, 2, 10, 7, , 
2022/7/8, 67, 2, 12, 7, , 
2022/7/9, 83, 2, 11, 7, , 
2022/7/10, 95, 3, 9, 7, , 
2022/7/11, 96, 2, 11, 7, , 
2022/7/12, 80, 2, 11, 7, , 
2022/7/13, 76, 2, 10, 7, , 
2022/7/14, 74, 2, 10, 7, , 
2022/7/15, 85, 2, 10, 7, , 
2022/7/16, 66, 2, 9, 7, , 
2022/7/17, 65, 2, 9, 7, , 
2022/7/18, 74, 2, 12, 7, , 
2022/7/19, 84, 1, 10, 7, , 
2022/7/20, 71, 2, 10, 7, , 
2022/7/21, 67, 2, 9, 7, , 
2022/7/22, 82, , 10, 7, , 
2022/7/23, 68, , 10, 7, , 
2022/7/24, 84, , 8, 7, , 
2022/7/25, 67, , 9, 7, , 
2022/7/26, 69, , 9, 7, , 
2022/7/27, 72, , 8, 7, , 
2022/7/28, 74, , 11, 7, , 
2022/7/29, 91, 1, 12, 7, , 
2022/7/30, 101, 2, 13, 7, , 
2022/7/31, 98, , 12, 7, , 
2022/8/1, 74, 1, 12, 7, , 
2022/8/2, 76, 1, 13, 7, , 
2022/8/3, 76, 1, 13, 7, , 
2022/8/4, 84, 1, 13, 7, , 
2022/8/5, 82, 1, 13, 7, , 
2022/8/6, 85, , 12, 7, , 
2022/8/7, 70, 1, 11, 7, , 
2022/8/8, 84, 2, 9, 7, , 
2022/8/9, 83, 2, 10, 7, , 
2022/8/10, 81, 2, 9, 7, , 
2022/8/11, 89, 2, 7, 7, , 
2022/8/12, 54, 2, 12, 7, , 
2022/8/13, 77, 3, 13, 7, , 
2022/8/14, 103, 2, 10, 7, , 
2022/8/15, 75, 2, 11, 7, , 
2022/8/16, 73, 3, 13, 7, , 
2022/8/17, 87, 2, 11, 7, , 
2022/8/18, 81, 4, 12, 7, , 
2022/8/19, 101, 5, 13, 7, , 
2022/8/20, 111, 2, 10, 7, , 
2022/8/21, 73, 2, 8, 7, , 
2022/8/22, 68, 1, 10, 7, , 
2022/8/23, 59, 2, 11, 7, , 
2022/8/24, 91, 5, 13, 7, , 
2022/8/25, 134, 2, 12, 7, , 
2022/8/26, 93, 2, 7, 7, , 
2022/8/27, 56, 2, 10, 7, , 
2022/8/28, 69, 2, 8, 7, , 
2022/8/29, 76, 2, 8, 7, , 
2022/8/30, 68, 2, 11, 7, , 
2022/8/31, 76, 2, 15, 7, , 
2022/9/1, 100, 3, 9, 7, , 
2022/9/2, 93, 4, 9, 7, , 
2022/9/3, 104, 4, 13, 7, , 
2022/9/4, 124, 3, 9, 7, , 
2022/9/5, 95, 4, 12, 7, , 
2022/9/6, 83, 7, 14, 7, , 
2022/9/7, 110, 6, 15, 7, , 
2022/9/8, 149, 2, 8, 7, , 
2022/9/9, 82, 2, 11, 7, , 
2022/9/10, 98, 3, 12, 7, , 
2022/9/11, 121, 2, 13, 7, , 
2022/9/12, 96, 4, 15, 7, , 
2022/9/13, 104, 7, 12, 7, , 
2022/9/14, 133, 7, 15, 7, , 
2022/9/15, 150, 3, 15, 7, , 
2022/9/16, 122, 1, 13, 7, , 
2022/9/17, 99, 1, 14, 8, , 
2022/9/18, 106, 6, 15, 8, , 
2022/9/19, 133, 5, 14, 7, , 
2022/9/20, 107, 4, 12, 8, , 
2022/9/21, 120, 2, 12, 8, , 
2022/9/22, 110, 2, 14, 8, , 
2022/9/23, 82, 5, 11, 7, , 
2022/9/24, 98, 4, 10, , , 
2022/9/25, 111, 4, 9, 7, , 
2022/9/26, 110, 5, 14, 7, , 
2022/9/27, 127, 6, 14, 8, , 
2022/9/28, 153, 2, 11, 8, , 
2022/9/29, 152, 2, 11, 8, , 
2022/9/30, 113, 1, 9, 8, , 
2022/10/1, 83, 2, 9, 8, , 
2022/5/9, 7, 2, 6, 6, , 
2022/5/10, 24, 2, 5, 6, , 
2022/5/11, 89, 2, 6, 6, , 
2022/5/12, 110, 3, 9, 7, , 
2022/5/13, 83, 3, 9, 6, , 
2022/5/14, 91, 4, 5, 7, , 
2022/5/15, 98, , , , , 
2022/5/16, 77, , , , , 
2022/5/17, 60, , , , , 
2022/5/18, 104, , , , , 
2022/5/19, 91, , , , , 
2022/5/20, 82, , , , , 
2022/5/21, 89, , , , , 
2022/5/22, 119, , , , , 
2022/5/23, 102, , , , , 
2022/5/24, 59, , , , , 
2022/5/25, 60, , , , , 
2022/5/26, 119, , , , , 
2022/5/27, 107, , , , , 
2022/5/28, 88, , , , , 
2022/5/29, 87, , , , , 
2022/5/30, 88, , , , , 
2022/5/31, 94, , , , , 
2022/6/1, 78, , , , , 
2022/6/2, 77, , , , , 
2022/6/3, 80, , , , , 
2022/6/4, 73, , , , , 
2022/6/5, 88, , , , , 
2022/6/6, 118, , , , , 
2022/6/7, 80, , , , , 
2022/6/8, 72, , , , , 
2022/6/9, 98, , , , , 
2022/6/10, 123, , , , , 
2022/6/11, 97, , , , , 
2022/6/12, 139, , , , , 
2022/6/13, 110, , , , , 
2022/6/14, 95, , , , , 
2022/6/15, 64, , , , , 
2022/6/16, 70, , , , , 
2022/6/17, 73, , , , , 
2022/6/18, 67, 2, 8, 7, , 
2022/6/19, 76, 3, 7, 6, , 
2022/6/20, 85, 3, 7, 6, , 
2022/6/21, 89, 3, 9, 6, , 
2022/6/22, 99, 2, 9, 7, , 
2022/6/23, 97, 3, 10, 7, , 
2022/6/24, 99, 4, 12, 7, , 
2022/6/25, 93, 2, 9, 7, , 
2022/6/26, 68, 2, 8, 6, , 
2022/6/27, 88, 2, 9, 7, , 
2022/6/28, 72, 2, 10, 6, , 
2022/6/29, 99, 5, 16, 7, , 
2022/6/30, 123, 6, 12, 7, , 
2022/7/1, 100, 2, 14, 7, , 
2022/1/4, 178, 5, 18, 6, , 
2022/1/5, 194, 3, 15, 6, , 
2022/1/6, 124, 2, 12, 6, , 
2022/1/7, 97, 4, 14, 6, , 
2022/1/8, 112, 4, 13, 7, , 
2022/1/9, 131, 2, 6, 5, , 
2022/1/10, 104, 1, 5, 5, , 
2022/1/11, 98, 4, 10, 6, , 
2022/1/12, 102, 1, 17, 8, , 
2022/1/13, 129, 2, 10, 6, , 
2022/1/14, 136, 1, 16, 8, , 
2022/1/15, 174, 2, 14, 6, , 
2022/1/16, 176, 2, 12, 5, , 
2022/1/17, 149, 2, 5, 5, , 
2022/1/18, 63, 7, 11, 6, , 
2022/1/19, 115, 6, 13, 7, , 
2022/1/20, 125, 2, 16, 6, , 
2022/1/21, 136, 1, 15, 7, , 
2022/1/22, 156, 1, 13, 6, , 
2022/1/23, 153, 2, 12, 6, , 
2022/1/24, 150, 2, 12, 5, , 
2022/1/25, 96, 2, 9, 5, , 
2022/1/26, 86, 2, 10, 5, , 
2022/1/27, 89, 3, 9, 5, , 
2022/1/28, 77, 4, 9, 5, , 
2022/1/29, 78, 3, 6, 5, , 
2022/1/30, 78, 3, 5, 5, , 
2022/1/31, 72, 4, 3, 5, , 
2022/2/1, 54, 4, 2, , , 
2022/2/2, 66, 3, 2, , , 
2022/2/3, 49, 5, 3, , , 
2022/2/4, 62, 6, 4, 5, , 
2022/2/5, 91, 6, 7, 5, , 
2022/2/6, 117, 4, 8, 5, , 
2022/2/7, 133, 3, 8, 6, , 
2022/2/8, 122, 2, 8, 5, , 
2022/2/9, 80, 1, 5, 5, , 
2022/2/10, 47, 1, 7, 5, , 
2022/2/11, 91, 1, 10, 6, , 
2022/2/12, 111, 1, 6, 6, , 
2022/2/13, 72, 2, 4, 5, , 
2022/2/14, 43, 4, 10, 6, , 
2022/2/15, 94, 2, 11, 7, , 
2022/2/16, 118, 1, 11, 6, , 
2022/2/17, 133, 1, 17, 6, , 
2022/2/18, 134, , 12, , , 
2022/2/19, 69, 4, 5, 5, , 
2022/2/20, 39, 5, 4, , , 
2022/2/21, 30, 5, 5, 5, , 
2022/2/22, 43, 4, 4, 5, , 
2022/2/23, 46, 6, 7, 6, , 
2022/2/24, 82, 7, 10, 6, , 
2022/2/25, 96, 6, 16, 7, , 
2022/2/26, 143, 7, 17, 7, , 
2022/2/27, 162, 9, 15, 6, , 
2022/2/28, 187, 6, 16, 7, , 
2022/3/1, 165, 5, 16, 6, , 
2022/3/2, 155, 6, 15, 6, , 
2022/3/3, 152, 3, 13, 7, , 
2022/3/4, 133, 2, 11, 6, , 
2022/3/5, 94, 2, 11, 6, , 
2022/3/6, 83, 2, 10, 6, , 
2022/3/7, 75, 5, 14, 6, , 
2022/3/8, 107, 7, 15, 6, , 
2022/3/9, 123, 6, 15, 6, , 
2022/3/10, 96, 2, 14, 6, , 
2022/3/11, 85, 2, 14, 6, , 
2022/3/12, 76, 3, 9, 6, , 
2022/3/13, 81, 2, 10, , , 
2022/3/14, 76, 2, 12, 6, , 
2022/3/15, 79, 4, 16, 6, , 
2022/3/16, 141, 2, 11, 6, , 
2022/3/17, 98, 3, 10, 6, , 
2022/3/18, 86, 3, 13, 6, , 
2022/3/19, 110, 2, 9, 6, , 
2022/3/20, 90, 2, 7, , , 
2022/3/21, 85, 3, 9, 6, , 
2022/3/22, 93, 4, 11, 6, , 
2022/3/23, 105, 3, 6, 6, , 
2022/3/28, 86, 2, 12, 6, , 
2022/3/29, 75, 1, 17, 8, , 
2021/10/2, 94, 7, 7, 5, , 
2021/10/3, 80, 12, 8, 5, , 
2021/10/4, 109, 12, 9, 5, , 
2021/10/5, 88, 10, 9, 5, , 
2021/10/6, 94, 14, 9, 5, , 
2021/10/7, 117, 17, 9, 5, , 
2021/10/8, 138, 16, 7, 5, , 
2021/10/9, 123, 9, 5, 5, , 
2021/10/10, 90, 8, 2, 4, , 
2021/10/11, 45, 7, 4, 4, , 
2021/10/12, 42, 12, 4, 5, , 
2021/10/13, 62, 4, 5, 5, , 
2021/10/14, 63, 5, 3, 4, , 
2021/10/15, 40, 4, 4, 4, , 
2021/10/16, 34, 7, 4, 4, , 
2021/10/17, 35, 6, 4, , , 
2021/10/18, 45, 3, 5, , , 
2021/10/19, 43, 4, 11, 4, , 
2021/10/20, 86, 8, 12, 5, , 
2021/10/21, 110, 6, 6, 5, , 
2021/10/22, 67, 9, 5, 5, , 
2021/10/23, 53, 14, 9, 5, , 
2021/10/24, 98, 17, 8, 5, , 
2021/10/25, 116, 22, 14, 5, , 
2021/10/26, 143, 26, 17, 7, , 
2021/10/27, 99, 26, 15, 5, , 
2021/10/28, 15, 8, 12, 5, , 
2021/10/30, 61, 7, 4, , , 
2021/10/31, 35, 5, 5, 5, , 
2021/11/1, 83, 3, 6, 5, , 
2021/11/2, 44, 3, 6, 5, , 
2021/11/3, 71, 4, 13, 5, , 
2021/11/4, 95, 5, 10, 5, , 
2021/11/5, 76, 5, 8, 5, , 
2021/11/6, 77, 2, 8, 5, , 
2021/11/7, 76, 3, 8, 5, , 
2021/11/8, 83, 5, 5, 5, , 
2021/11/9, 54, 7, 10, 5, , 
2021/11/10, 87, 8, 10, 5, , 
2021/11/11, 93, 9, 13, 5, , 
2021/11/12, 134, 9, 10, 6, , 
2021/11/13, 132, 10, 8, 5, , 
2021/11/14, 110, 10, 11, 6, , 
2021/11/15, 150, 6, 18, 7, , 
2021/11/16, 165, 3, 15, 6, , 
2021/11/17, 171, 3, 8, 5, , 
2021/11/18, 121, 6, 5, 5, , 
2021/11/19, 65, 3, 18, 6, , 
2021/11/20, 158, 3, 9, 5, , 
2021/11/21, 100, 3, 7, 5, , 
2021/11/22, 79, 5, 6, 5, , 
2021/11/23, 55, 5, 6, 5, , 
2021/11/24, 65, 6, 7, 5, , 
2021/11/25, 83, 4, 12, 5, , 
2021/11/26, 111, 6, 12, 6, , 
2021/11/27, 142, 11, 10, 6, , 
2021/11/28, 146, 3, 10, 6, , 
2021/11/29, 154, 10, 24, 6, , 
2021/11/30, 164, 9, 11, 8, , 
2021/12/1, 130, 10, 11, 6, , 
2021/12/2, 122, 11, 15, 7, , 
2021/12/3, 151, 10, 18, 6, , 
2021/12/4, 154, 10, 22, 6, , 
2021/12/5, 166, 12, 17, 6, , 
2021/12/6, 171, 11, 18, 6, , 
2021/12/7, 174, 9, 19, 8, , 
2021/12/8, 176, 8, 21, 8, , 
2021/12/9, 184, 6, 14, 6, , 
2021/12/10, 173, 8, 15, 6, , 
2021/12/11, 169, 6, 17, 5, , 
2021/12/12, 154, 9, 11, 6, , 
2021/12/13, 153, 5, 9, 6, , 
2021/12/14, 90, 15, 15, 6, , 
2021/12/15, 162, 5, 20, 7, , 
2021/12/16, 196, 6, 19, 5, , 
2021/12/17, 170, 6, 11, 6, , 
2021/12/18, 154, 7, 8, 6, , 
2021/12/19, 108, 5, 11, 6, , 
2021/12/20, 135, 6, 12, 7, , 
2021/12/21, 158, 6, 14, 5, , 
2021/12/22, 142, 6, 18, 6, , 
2021/12/23, 181, 5, 18, 7, , 
2021/12/24, 161, 5, 17, 7, , 
2021/12/25, 175, 4, 17, 6, , 
2021/12/26, 181, 4, 11, 7, , 
2021/12/27, 152, 1, 5, 5, , 
2021/12/28, 63, 4, 7, 5, , 
2021/12/29, 99, 2, 7, 6, , 
2021/12/30, 111, 4, 6, 5, , 
2021/12/31, 84, 2, 8, 5, , 
2022/1/1, 103, 2, 6, 6, , 
2022/1/2, 147, 5, 11, 6, , 
2022/1/3, 107, 3, 15, 6, , 
2021/7/2, 58, 7, 5, , , 
2021/7/3, 57, 9, 4, 4, , 
2021/7/4, 81, 9, 4, 4, , 
2021/7/5, 76, 8, 5, 3, , 
2021/7/6, 62, 10, 5, 4, , 
2021/7/7, 61, 8, , 4, , 
2021/7/8, 83, 8, , 3, , 
2021/7/9, 60, 6, , , , 
2021/7/10, 56, 7, , 4, , 
2021/7/11, 62, 7, , , , 
2021/7/12, 58, 7, 8, 5, , 
2021/7/13, 60, 7, 7, 4, , 
2021/7/14, 61, 7, 7, 4, , 
2021/7/15, 58, 7, 7, 4, , 
2021/7/16, 54, 7, 9, 4, , 
2021/7/17, 72, 6, 9, 4, , 
2021/7/18, 70, 7, 9, 4, , 
2021/7/19, 64, 6, 11, 4, , 
2021/7/20, 106, 10, 9, 4, , 
2021/7/21, 112, 9, 7, 4, , 
2021/7/22, 66, 8, 10, 4, , 
2021/7/23, 96, 7, 7, 4, , 
2021/7/24, 61, 7, 5, 4, , 
2021/7/25, 73, 11, 6, 4, , 
2021/7/26, 82, 15, 5, 4, , 
2021/7/27, 74, 11, 5, 4, , 
2021/7/28, 57, 11, 6, 4, , 
2021/7/29, 79, 11, 6, 4, , 
2021/7/30, 109, 12, 6, 4, , 
2021/7/31, 102, 12, 7, 4, , 
2021/8/1, 96, 8, 4, 4, , 
2021/8/2, 36, 11, 8, 4, , 
2021/8/3, 71, 15, 9, 4, , 
2021/8/4, 92, 14, 5, 4, , 
2021/8/5, 113, 13, 6, 4, , 
2021/8/6, 106, 10, 6, 4, , 
2021/8/7, 105, 11, 5, 5, , 
2021/8/8, 66, 9, 6, 4, , 
2021/8/9, 110, 9, 7, 4, , 
2021/8/10, 151, 8, 7, 4, , 
2021/8/11, 56, 8, 5, 4, , 
2021/8/12, 48, 8, 6, 4, , 
2021/8/13, 63, 7, 6, 4, , 
2021/8/14, 72, 9, 5, 4, , 
2021/8/15, 61, 8, 6, 4, , 
2021/8/16, 79, 8, 6, 4, , 
2021/8/17, 64, 9, 5, 4, , 
2021/8/18, 69, 8, 6, 4, , 
2021/8/19, 55, 8, 6, 4, , 
2021/8/20, 54, 9, 5, 4, , 
2021/8/21, 65, 10, 4, , , 
2021/8/22, 65, 9, 3, , , 
2021/8/23, 72, 9, 6, 5, , 
2021/8/24, 84, 8, 6, 5, , 
2021/8/25, 89, 7, 4, 4, , 
2021/8/26, 66, 7, 6, 4, , 
2021/8/27, 64, 8, 6, 4, , 
2021/8/28, 55, 10, 5, 4, , 
2021/8/29, 57, 12, 5, 5, , 
2021/8/30, 80, 9, 4, 4, , 
2021/8/31, 93, 10, 6, 5, , 
2021/9/1, 74, 14, 6, 5, , 
2021/9/2, 83, 11, 4, 4, , 
2021/9/3, 69, 10, 5, 5, , 
2021/9/4, 92, 11, 5, 4, , 
2021/9/5, 73, 8, 4, 4, , 
2021/9/6, 47, 14, 6, 4, , 
2021/9/7, 78, 7, 6, 4, , 
2021/9/8, 95, 8, 5, 4, , 
2021/9/9, 67, 10, 6, 4, , 
2021/9/10, 45, 14, 6, 4, , 
2021/9/11, 94, 23, 6, 4, , 
2021/9/12, 93, 42, 6, 5, , 
2021/9/13, 145, 14, 6, 4, , 
2021/9/14, 128, 8, 6, 4, , 
2021/9/15, 82, 7, 7, 4, , 
2021/9/16, 68, 7, 8, 4, , 
2021/9/17, 64, 7, 6, 4, , 
2021/9/18, 47, 7, 6, 5, , 
2021/9/19, 58, 7, 4, 4, , 
2021/9/20, 70, 13, 6, 5, , 
2021/9/21, 97, 11, 9, 5, , 
2021/9/22, 115, 7, 9, 6, , 
2021/9/23, 92, 10, 9, 5, , 
2021/9/24, 90, 7, 6, 4, , 
2021/9/25, 79, 7, 6, 4, , 
2021/9/26, 62, 8, 6, 4, , 
2021/9/27, 72, 13, 8, 4, , 
2021/9/28, 73, 15, 8, 4, , 
2021/9/29, 112, 22, 9, 5, , 
2021/9/30, 124, 19, 9, 5, , 
2021/10/1, 101, 8, 9, 5, , 
2021/4/2, 107, 6, 6, 3, , 
2021/4/3, 85, 6, 6, 3, , 
2021/4/4, 86, 6, 6, 3, , 
2021/4/5, 117, 3, 7, 4, , 
2021/4/6, 122, 9, 6, 4, , 
2021/4/7, 131, 7, 6, 3, , 
2021/4/8, 101, 7, 6, 3, , 
2021/4/9, 91, 3, 6, 4, , 
2021/4/10, 95, 3, 6, 4, , 
2021/4/11, 129, 5, 6, 4, , 
2021/4/12, 123, 6, 6, 3, , 
2021/4/13, 75, 7, 6, 3, , 
2021/4/14, 70, 7, 6, 4, , 
2021/4/15, 74, 8, 6, 3, , 
2021/4/16, 69, 8, 6, 4, , 
2021/4/17, 70, 7, 6, 3, , 
2021/4/18, 76, 3, 6, 4, , 
2021/4/19, 114, 6, 6, 4, , 
2021/4/20, 83, 8, 6, 4, , 
2021/4/21, 70, 9, 6, 3, , 
2021/4/22, 73, 10, 6, , , 
2021/4/23, 71, 9, 6, , , 
2021/4/24, 70, 9, 6, 4, , 
2021/4/25, 85, 10, 6, 4, , 
2021/4/26, 72, 9, 6, 4, , 
2021/4/27, 78, 3, 7, 5, , 
2021/4/28, 103, 6, 6, 4, , 
2021/4/29, 97, 15, 7, 4, , 
2021/4/30, 77, , , , , 
2021/5/1, 113, , , , , 
2021/5/2, 103, , , , , 
2021/5/3, 77, , , , , 
2021/5/4, 67, 7, 6, 3, , 
2021/5/5, 74, 9, 6, 4, , 
2021/5/6, 62, 9, 6, 4, , 
2021/5/7, 96, 8, 6, 4, , 
2021/5/8, 88, 8, 6, 4, , 
2021/5/9, 83, 9, 6, 4, , 
2021/5/10, 73, 9, 6, , , 
2021/5/11, 85, 13, 6, 3, , 
2021/5/12, 89, 9, 6, 4, , 
2021/5/13, 84, 10, 6, 4, , 
2021/5/14, 82, 9, 6, 4, , 
2021/5/15, 70, 10, 6, 4, , 
2021/5/16, 72, 12, 6, 4, , 
2021/5/17, 83, 12, 6, 4, , 
2021/5/18, 63, 12, 6, 4, , 
2021/5/19, 54, 9, 6, 4, , 
2021/5/20, 73, 11, 6, 4, , 
2021/5/21, 81, 11, 6, 4, , 
2021/5/22, 82, 13, 6, 4, , 
2021/5/23, 79, 16, 6, 4, , 
2021/5/24, 68, 13, 7, 5, , 
2021/5/25, 54, 6, 6, 4, , 
2021/5/26, 64, 9, 6, 4, , 
2021/5/27, 95, 10, 6, 4, , 
2021/5/28, 60, 9, 6, 4, , 
2021/5/29, 74, 9, 6, , , 
2021/5/30, 98, 12, 6, 4, , 
2021/5/31, 90, 11, 6, 4, , 
2021/6/1, 99, 9, 6, 4, , 
2021/6/2, 88, 13, 6, 4, , 
2021/6/3, 104, 12, 6, 4, , 
2021/6/4, 118, 8, 6, 5, , 
2021/6/5, 78, 13, 7, 5, , 
2021/6/6, 131, 10, 7, 4, , 
2021/6/7, 178, 9, 7, 5, , 
2021/6/8, 111, 9, 7, 4, , 
2021/6/9, 85, 9, 7, 4, , 
2021/6/10, 84, 9, 7, 5, , 
2021/6/11, 73, 9, 8, 4, , 
2021/6/12, 66, 8, 6, 5, , 
2021/6/13, 72, 8, 6, 4, , 
2021/6/14, 39, 9, 6, 5, , 
2021/6/15, 62, 9, 7, 5, , 
2021/6/16, 62, 9, 6, 4, , 
2021/6/17, 63, 11, 6, 3, , 
2021/6/18, 66, 12, 6, 3, , 
2021/6/19, 62, 10, 6, 3, , 
2021/6/20, 59, 8, 6, , , 
2021/6/21, 61, 10, 6, , , 
2021/6/22, 80, 11, 6, 3, , 
2021/6/23, 124, 9, 6, 3, , 
2021/6/24, 69, 9, 6, 3, , 
2021/6/25, 85, 8, 5, 4, , 
2021/6/26, 85, 9, 5, 3, , 
2021/6/27, 43, 9, 5, 3, , 
2021/6/28, 57, 8, , 3, , 
2021/6/29, 54, 7, , , , 
2021/6/30, 63, 8, 5, 4, , 
2021/7/1, 58, 8, 5, 3, , 
2021/1/5, 187, 4, 12, 3, , 
2021/1/6, 232, 6, 6, 2, , 
2021/1/7, 179, 2, 6, 2, , 
2021/1/8, 160, 4, 3, 1, , 
2021/1/9, 72, 4, 5, 1, , 
2021/1/10, 111, 4, 6, 1, , 
2021/1/11, 128, 6, 6, 2, , 
2021/1/12, 133, 8, 9, 2, , 
2021/1/13, 138, 6, 12, 5, , 
2021/1/14, 173, 9, 14, 6, , 
2021/1/15, 181, 1, 13, 3, , 
2021/1/16, 203, 1, 11, 5, , 
2021/1/17, 222, 4, 5, 2, , 
2021/1/18, 170, 9, 8, 1, , 
2021/1/19, 140, 6, 11, 3, , 
2021/1/20, 168, 3, 12, 3, , 
2021/1/21, 193, 1, 6, 2, , 
2021/1/22, 229, 3, , 2, , 
2021/1/23, 199, 2, , 2, , 
2021/1/24, 206, 5, , 2, , 
2021/1/25, 188, 2, 11, 1, , 
2021/1/26, 151, 3, 8, 1, , 
2021/1/27, 121, 4, 10, 1, , 
2021/1/28, 108, 1, 7, 1, , 
2021/1/29, 116, , 8, 3, , 
2021/1/30, 163, , 16, 2, , 
2021/1/31, 182, 1, 10, 3, , 
2021/2/1, 164, 1, 9, 5, , 
2021/2/2, 120, 2, 11, 4, , 
2021/2/3, 112, 6, 14, 4, , 
2021/2/4, 123, 5, 16, 4, , 
2021/2/5, 121, 4, 16, 4, , 
2021/2/6, 126, 7, 16, 4, , 
2021/2/7, 137, 5, 15, 4, , 
2021/2/8, 141, 7, 11, 4, , 
2021/2/9, 139, 9, 8, 3, , 
2021/2/10, 77, 10, 10, 4, , 
2021/2/11, 134, 14, 9, 4, , 
2021/2/12, 105, 12, 9, 3, , 
2021/2/13, 105, 13, 9, 3, , 
2021/2/14, 96, 11, 11, 4, , 
2021/2/15, 116, 7, 10, 4, , 
2021/2/16, 119, 6, 10, 4, , 
2021/2/17, 120, 6, 9, 4, , 
2021/2/18, 111, 6, 6, 5, , 
2021/2/19, 138, 9, 5, 5, , 
2021/2/20, 161, 13, 4, 5, , 
2021/2/21, 150, 14, 4, 4, , 
2021/2/22, 134, 7, 4, 4, , 
2021/2/23, 114, 6, 3, 3, , 
2021/2/24, 119, 8, , 3, , 
2021/2/25, 96, 4, , 3, , 
2021/2/26, 87, 3, , 3, , 
2021/2/27, 95, 2, , 3, , 
2021/2/28, 109, , , 3, , 
2021/3/1, 130, 2, 2, 3, , 
2021/3/2, 122, 2, 6, 3, , 
2021/3/3, 100, 2, 6, 3, , 
2021/3/4, 153, 2, 6, 3, , 
2021/3/5, 134, 2, 6, 3, , 
2021/3/6, 105, 4, 6, 3, , 
2021/3/7, 117, 5, 6, 3, , 
2021/3/8, 120, 4, 6, 3, , 
2021/3/9, 138, 3, 6, 3, , 
2021/3/10, 78, 4, 6, 3, , 
2021/3/11, 75, 4, 6, 3, , 
2021/3/12, 86, 4, 6, 3, , 
2021/3/13, 101, 3, 7, 3, , 
2021/3/14, 119, 6, 7, 3, , 
2021/3/15, 120, 6, 6, 3, , 
2021/3/16, 95, 4, 6, 3, , 
2021/3/17, 88, 3, 6, 3, , 
2021/3/18, 96, 4, 6, 3, , 
2021/3/19, 96, 3, 6, 3, , 
2021/3/20, 83, 4, 6, 3, , 
2021/3/21, 75, 6, 6, 3, , 
2021/3/22, 73, 7, 6, 4, , 
2021/3/23, 113, 9, 7, 4, , 
2021/3/24, 159, 3, 8, 5, , 
2021/3/25, 168, 4, 7, 3, , 
2021/3/26, 166, 3, 6, 3, , 
2021/3/27, 112, 3, 6, 3, , 
2021/3/28, 75, 2, 6, 3, , 
2021/3/29, 73, 4, 6, 3, , 
2021/3/30, 133, 5, 7, 3, , 
2021/3/31, 130, 5, 6, 3, , 
2021/4/1, 117, 5, 6, 3, , 
2020/10/2, 61, , 7, 2, , 
2020/10/3, 88, , 5, 3, , 
2020/10/4, 86, , 3, 3, , 
2020/10/5, 75, , 3, 2, , 
2020/10/6, 69, , , 2, , 
2020/10/7, 81, , , 3, , 
2020/10/8, 58, , 3, 3, , 
2020/10/9, 72, , 3, 3, , 
2020/10/10, 70, , 3, 3, , 
2020/10/11, 90, , 4, 3, , 
2020/10/12, 96, , 7, 4, , 
2020/10/13, 123, , 7, 3, , 
2020/10/14, 129, , 3, 3, , 
2020/10/15, 67, , 3, 3, , 
2020/10/16, 39, , 3, 3, , 
2020/10/17, 58, , 4, 3, , 
2020/10/18, 59, , 4, 3, , 
2020/10/19, 72, , 5, 3, , 
2020/10/20, 80, , 6, 4, , 
2020/10/21, 90, , 6, 4, , 
2020/10/22, 84, , 9, 4, , 
2020/10/23, 118, , 12, 4, , 
2020/10/24, 136, , 12, 5, , 
2020/10/25, 157, , 8, 4, , 
2020/10/26, 149, , 7, 3, , 
2020/10/27, 129, , 10, 3, , 
2020/10/28, 126, , 6, 3, , 
2020/10/29, 126, , 5, 3, , 
2020/10/30, 95, , 5, , , 
2020/10/31, 61, , 6, 3, , 
2020/11/1, 82, , 10, 4, , 
2020/11/2, 155, , 7, 3, , 
2020/11/3, 118, , 6, 4, , 
2020/11/4, 82, 5, 9, 2, , 
2020/11/5, 135, 5, 15, 1, , 
2020/11/6, 169, 4, 13, 1, , 
2020/11/7, 178, 7, 8, 1, , 
2020/11/8, 116, 9, 8, 1, , 
2020/11/9, 125, 11, 10, 2, , 
2020/11/10, 130, 12, 11, 3, , 
2020/11/11, 139, 10, 13, 3, , 
2020/11/12, 147, 15, 13, 2, , 
2020/11/13, 156, 13, 13, 2, , 
2020/11/14, 149, 12, 10, 2, , 
2020/11/15, 145, 8, 6, , , 
2020/11/16, 100, 1, 5, , , 
2020/11/17, 95, 2, 7, , , 
2020/11/18, 92, 2, 5, , , 
2020/11/19, 74, 1, 6, , , 
2020/11/20, 83, 1, 5, , , 
2020/11/21, 89, 1, 5, , , 
2020/11/22, 76, 1, 6, , , 
2020/11/23, 84, 1, 8, , , 
2020/11/24, 90, 1, 10, , , 
2020/11/25, 116, 3, 12, 1, , 
2020/11/26, 121, 1, 13, , , 
2020/11/27, 107, 7, 11, 1, , 
2020/11/28, 139, 4, 6, 1, , 
2020/11/29, 111, 7, 6, 1, , 
2020/11/30, 94, 8, 8, 1, , 
2020/12/1, 114, 5, 12, 2, , 
2020/12/2, 152, 4, 12, 2, , 
2020/12/3, 163, 5, 8, 1, , 
2020/12/4, 137, 5, 8, 1, , 
2020/12/5, 95, 6, 8, 1, , 
2020/12/6, 117, 7, 11, 2, , 
2020/12/7, 155, 10, 11, 2, , 
2020/12/8, 168, 6, 11, 1, , 
2020/12/9, 154, 5, 15, 2, , 
2020/12/10, 182, 9, 17, 2, , 
2020/12/11, 183, 6, 14, 2, , 
2020/12/12, 175, 5, 12, 2, , 
2020/12/13, 149, 3, 9, , , 
2020/12/14, 135, 2, 7, , , 
2020/12/15, 110, 1, 4, , , 
2020/12/16, 67, 1, 3, , , 
2020/12/17, 80, 2, 3, , , 
2020/12/18, 80, 2, 3, , , 
2020/12/19, 90, 5, 5, 1, , 
2020/12/20, 109, 7, 5, 1, , 
2020/12/21, 113, 10, 8, 2, , 
2020/12/22, 144, 9, 12, 2, , 
2020/12/23, 163, 4, 13, 4, , 
2020/12/24, 165, 6, 10, 1, , 
2020/12/25, 148, 5, 14, 4, , 
2020/12/26, 176, 1, 12, 3, , 
2020/12/27, 173, 1, 7, 1, , 
2020/12/28, 171, 2, 6, 1, , 
2020/12/29, 125, 2, 7, 1, , 
2020/12/30, 97, 5, 7, 1, , 
2020/12/31, 101, 6, 10, 2, , 
2021/1/1, 128, 11, 10, 3, , 
2021/1/2, 159, 11, 11, 3, , 
2021/1/3, 192, 7, 10, 3, , 
2021/1/4, 189, 8, 11, 3, , 
2020/7/2, 92, 6, 7, 1, , 
2020/7/3, 91, 7, 6, , , 
2020/7/4, 79, 6, 6, , , 
2020/7/5, 75, 6, 4, , , 
2020/7/6, 77, 7, 4, 1, , 
2020/7/7, 73, 9, 4, , , 
2020/7/8, 80, 7, 4, 1, , 
2020/7/9, 82, 7, 4, 1, , 
2020/7/10, 76, 7, 4, 1, , 
2020/7/11, 74, 7, 5, 1, , 
2020/7/12, 79, 8, 5, 1, , 
2020/7/13, 94, 9, 6, 1, , 
2020/7/14, 86, 12, 7, 1, , 
2020/7/15, 96, 9, 5, 1, , 
2020/7/16, 86, 8, 3, 1, , 
2020/7/17, 79, 8, 3, 1, , 
2020/7/18, 77, 9, 3, 1, , 
2020/7/19, 82, 8, 3, 1, , 
2020/7/20, 86, 8, 4, 1, , 
2020/7/21, 81, 5, 2, 2, , 
2020/7/22, 74, 5, 2, 1, , 
2020/7/23, 67, 5, , 1, , 
2020/7/24, 74, 5, , 1, , 
2020/7/25, 80, 6, , 1, , 
2020/7/26, 78, 5, , 1, , 
2020/7/27, 79, 5, , 2, , 
2020/7/28, 134, 11, , 1, , 
2020/7/29, 160, 6, , 1, , 
2020/7/30, 117, 6, 5, 1, , 
2020/7/31, 104, 6, 7, 2, , 
2020/8/1, 106, 5, 4, 1, , 
2020/8/2, 85, 5, 2, 1, , 
2020/8/3, 51, 4, 4, 2, , 
2020/8/4, 77, 4, 4, 1, , 
2020/8/5, 68, 4, 4, 1, , 
2020/8/6, 68, 4, 3, 1, , 
2020/8/7, 60, 4, 2, 1, , 
2020/8/8, 61, 5, 2, 1, , 
2020/8/9, 67, 5, 3, 1, , 
2020/8/10, 71, 6, 6, 1, , 
2020/8/11, 73, 3, 8, , , 
2020/8/12, 51, 4, 5, 1, , 
2020/8/13, 79, 4, 4, 1, , 
2020/8/14, 57, 4, 3, 2, , 
2020/8/15, 62, 2, 3, 2, , 
2020/8/16, 75, 2, 4, 2, , 
2020/8/17, 81, 2, 3, 2, , 
2020/8/18, 65, , 3, 2, , 
2020/8/19, 60, , 5, 2, , 
2020/8/20, 77, , 5, 2, , 
2020/8/21, 108, , 7, 1, , 
2020/8/22, 68, , 5, , , 
2020/8/23, 75, , 4, 2, , 
2020/8/24, 90, , 5, , , 
2020/8/25, 80, , 3, 2, , 
2020/8/26, 71, , 5, 2, , 
2020/8/27, 95, , 7, , , 
2020/8/28, 123, , 6, 2, , 
2020/8/29, 97, , 6, 2, , 
2020/8/30, 96, , 7, 2, , 
2020/8/31, 108, , 6, 2, , 
2020/9/1, 104, , 8, 2, , 
2020/9/2, 110, , 6, 2, , 
2020/9/3, 164, , 9, 2, , 
2020/9/4, 160, , 7, 2, , 
2020/9/5, 134, , 5, 2, , 
2020/9/6, 103, , 5, 2, , 
2020/9/7, 86, , 5, 2, , 
2020/9/8, 62, , 8, 2, , 
2020/9/9, 122, , 6, 3, , 
2020/9/10, 78, , 4, 2, , 
2020/9/11, 57, , 6, 2, , 
2020/9/12, 6, , 4, 2, , 
2020/9/13, 9, , 3, 2, , 
2020/9/14, 26, , 4, 2, , 
2020/9/15, 60, , 3, 2, , 
2020/9/16, 61, , 4, 2, , 
2020/9/17, 70, , 6, 2, , 
2020/9/18, 95, , 2, 2, , 
2020/9/19, 57, , 3, 2, , 
2020/9/20, 59, , 3, 2, , 
2020/9/21, 82, , 4, 2, , 
2020/9/22, 98, , 3, 2, , 
2020/9/23, 58, , 3, 2, , 
2020/9/24, 71, , 4, 2, , 
2020/9/25, 49, , 5, 3, , 
2020/9/26, 95, , 4, 2, , 
2020/9/27, 58, , 2, 2, , 
2020/9/28, 57, , 6, 2, , 
2020/9/29, 84, , 7, 2, , 
2020/9/30, 99, , 5, 2, , 
2020/10/1, 79, , 5, 2, , 
2020/4/2, 120, 2, 1, 2, , 
2020/4/3, 128, 2, 2, 2, , 
2020/4/4, 124, 2, , 2, , 
2020/4/5, 80, 4, , 2, , 
2020/4/6, 65, 4, 2, 3, , 
2020/4/7, 87, 8, 3, 2, , 
2020/4/8, 147, 7, 5, 2, , 
2020/4/9, 160, 10, 4, 2, , 
2020/4/10, 162, 9, 4, 2, , 
2020/4/11, 141, 7, 2, , , 
2020/4/12, 130, 8, 2, 2, , 
2020/4/13, 88, 8, 2, 2, , 
2020/4/14, 104, 15, 2, 2, , 
2020/4/15, 130, 12, 3, 3, , 
2020/4/16, 149, 6, 2, 2, , 
2020/4/17, 142, 5, , 2, , 
2020/4/18, 95, 6, 1, 2, , 
2020/4/19, 106, 5, , 2, , 
2020/4/20, 118, 5, 1, 20, , 
2020/4/21, 99, 5, 1, 10, , 
2020/4/22, 117, 4, 2, 8, , 
2020/4/23, 93, 7, , 2, , 
2020/4/24, 75, 6, , 5, , 
2020/4/25, 88, 8, 1, 3, , 
2020/4/26, 103, 6, 1, 3, , 
2020/4/27, 99, 11, 3, 4, , 
2020/4/28, 107, 15, 4, 8, , 
2020/4/29, 160, 16, 4, 5, , 
2020/4/30, 155, 9, 2, 3, , 
2020/5/1, 127, 4, 2, 2, , 
2020/5/2, 106, 9, 1, 2, , 
2020/5/3, 117, 6, 1, 2, , 
2020/5/4, 101, 8, 3, 2, , 
2020/5/5, 103, 6, 2, 2, , 
2020/5/6, 119, 5, 1, 2, , 
2020/5/7, 97, 4, 2, 2, , 
2020/5/8, 112, 7, 2, 2, , 
2020/5/9, 102, 7, 2, 2, , 
2020/5/10, 119, 10, 1, 2, , 
2020/5/11, 116, 5, 2, 3, , 
2020/5/12, 93, 5, 2, 2, , 
2020/5/13, 90, 6, 1, 2, , 
2020/5/14, 83, 7, 1, 3, , 
2020/5/15, 73, 5, 1, 2, , 
2020/5/16, 90, 7, , 3, , 
2020/5/17, 99, 6, , 2, , 
2020/5/18, 76, 12, , 3, , 
2020/5/19, 104, 7, , 3, , 
2020/5/20, 125, 6, , , , 
2020/5/21, 98, 9, 5, 3, , 
2020/5/22, 112, 6, 4, 3, , 
2020/5/23, 112, 7, 3, 3, , 
2020/5/24, 113, 6, 3, 3, , 
2020/5/25, 121, 10, 3, 3, , 
2020/5/26, 101, 7, 1, 3, , 
2020/5/27, 91, 8, 2, 3, , 
2020/5/28, 100, 9, 3, 4, , 
2020/5/29, 139, 7, 3, 3, , 
2020/5/30, 106, 7, 4, 3, , 
2020/5/31, 99, 6, 2, 3, , 
2020/6/1, 106, 6, 5, 3, , 
2020/6/2, 93, 5, 5, 3, , 
2020/6/3, 103, 12, 3, 3, , 
2020/6/4, 115, 9, 3, 3, , 
2020/6/5, 113, 9, 4, 3, , 
2020/6/6, 122, 6, 5, 3, , 
2020/6/7, 139, 7, 5, 3, , 
2020/6/8, 118, 5, 4, 4, , 
2020/6/9, 101, 10, 7, 4, , 
2020/6/10, 112, 7, 6, 3, , 
2020/6/11, 94, 6, 5, 3, , 
2020/6/12, 93, 7, 5, 3, , 
2020/6/13, 89, 6, 5, 3, , 
2020/6/14, 96, 4, 5, 4, , 
2020/6/15, 96, 4, 7, 3, , 
2020/6/16, 91, 6, 5, , , 
2020/6/17, 72, 5, 5, 1, , 
2020/6/18, 77, 4, 5, , , 
2020/6/19, 71, 4, 5, , , 
2020/6/20, 75, 7, 4, , , 
2020/6/21, 77, 9, 4, , , 
2020/6/22, 88, 7, 5, , , 
2020/6/23, 83, 9, 7, , , 
2020/6/24, 77, 6, 8, , , 
2020/6/25, 77, 7, 8, , , 
2020/6/26, 122, 7, 4, , , 
2020/6/27, 74, 10, 5, , , 
2020/6/28, 76, 9, 4, , , 
2020/6/29, 80, 7, 6, 1, , 
2020/6/30, 84, 10, 7, , , 
2020/7/1, 95, 6, 7, 1, , 
2020/1/2, 182, 2, 11, 1, , 
2020/1/3, 145, 2, 9, 1, , 
2020/1/4, 93, 2, 9, 1, , 
2020/1/5, 114, 2, 8, 1, , 
2020/1/6, 100, 2, 7, 1, , 
2020/1/7, 104, 2, 10, 1, , 
2020/1/8, 135, 2, 8, 1, , 
2020/1/9, 111, 2, 9, 2, , 
2020/1/10, 113, 2, 6, 1, , 
2020/1/11, 101, 2, 5, 1, , 
2020/1/12, 102, 2, 5, 2, , 
2020/1/13, 103, 1, 8, 4, , 
2020/1/14, 171, 2, 12, 3, , 
2020/1/15, 235, 2, 5, 1, , 
2020/1/16, 111, 2, 6, 3, , 
2020/1/17, 107, 3, 5, 2, , 
2020/1/18, 116, 3, 5, 1, , 
2020/1/19, 148, 4, 4, 1, , 
2020/1/20, 97, 4, 5, 1, , 
2020/1/21, 133, 2, 9, 1, , 
2020/1/22, 178, 3, 6, 1, , 
2020/1/23, 162, 4, 3, 1, , 
2020/1/24, 116, 4, 2, 1, , 
2020/1/25, 89, 7, 2, 1, , 
2020/1/26, 80, 7, 3, 1, , 
2020/1/27, 72, 5, 3, 1, , 
2020/1/28, 80, 5, 3, 1, , 
2020/1/29, 105, 5, 3, 1, , 
2020/1/30, 136, 5, 7, 1, , 
2020/1/31, 154, 3, 11, 3, , 
2020/2/1, 150, 4, 9, 2, , 
2020/2/2, 167, 4, 6, 1, , 
2020/2/3, 205, 5, 4, 1, , 
2020/2/4, 150, 7, , , , 
2020/2/5, 66, 7, , 2, , 
2020/2/6, 76, 2, 2, 2, , 
2020/2/7, 146, , 2, 1, , 
2020/2/8, 153, , , 1, , 
2020/2/9, 103, 2, , 1, , 
2020/2/10, 77, 1, , 3, , 
2020/2/11, 128, 2, , 2, , 
2020/2/12, 151, 1, 11, 2, , 
2020/2/13, 157, 3, 9, 1, , 
2020/2/14, 123, 5, 7, 1, , 
2020/2/15, 110, 6, 8, 1, , 
2020/2/16, 121, 6, 5, 2, , 
2020/2/17, 91, 5, 7, 2, , 
2020/2/18, 116, 5, 12, 7, , 
2020/2/19, 143, 2, 15, 8, , 
2020/2/20, 161, 2, 11, 4, , 
2020/2/21, 196, 2, 11, 2, , 
2020/2/22, 228, 6, 13, 2, , 
2020/2/23, 198, 4, 14, 2, , 
2020/2/24, 193, 4, 11, 2, , 
2020/2/25, 139, 2, 9, , , 
2020/2/26, 137, 1, 13, 2, , 
2020/2/27, 136, 2, 10, 2, , 
2020/2/28, 110, 2, 7, 1, , 
2020/2/29, 99, 4, 7, 1, , 
2020/3/1, 105, 4, 6, 1, , 
2020/3/2, 103, 4, 6, 1, , 
2020/3/3, 98, 4, 5, 1, , 
2020/3/4, 70, 11, 7, 2, , 
2020/3/5, 80, 2, 5, 2, , 
2020/3/6, 93, 4, 9, 3, , 
2020/3/7, 160, 3, 9, 2, , 
2020/3/8, 126, 6, 8, 1, , 
2020/3/9, 145, 13, 7, 1, , 
2020/3/10, 172, 6, 7, 2, , 
2020/3/11, 141, 6, 12, 3, , 
2020/3/12, 147, 5, 9, 2, , 
2020/3/13, 133, 5, 6, , , 
2020/3/14, 135, 5, 7, 2, , 
2020/3/15, 131, 3, 8, 3, , 
2020/3/16, 161, 2, 9, 3, , 
2020/3/17, 182, 4, 9, 2, , 
2020/3/18, 138, 2, 4, 2, , 
2020/3/19, 93, 2, 3, 2, , 
2020/3/20, 86, 2, 9, 2, , 
2020/3/21, 149, 6, 5, 2, , 
2020/3/22, 145, 5, 3, 2, , 
2020/3/23, 118, 5, 4, , , 
2020/3/24, 124, 5, 2, , , 
2020/3/25, 95, 5, 3, 2, , 
2020/3/26, 88, 5, 1, 2, , 
2020/3/27, 91, 6, 2, , , 
2020/3/28, 104, 5, 1, , , 
2020/3/29, 103, 9, , 2, , 
2020/3/30, 97, 4, 4, 2, , 
2020/3/31, 83, 1, 1, 2, , 
2020/4/1, 96, 2, 2, 3, , 
2019/10/2, 185, 20, 7, , , 
2019/10/3, 166, 8, 6, , , 
2019/10/4, 118, 7, 4, , , 
2019/10/8, 162, 7, 2, , , 
2019/10/9, 107, 6, 2, , , 
2019/10/10, 91, 7, 4, , , 
2019/10/11, 129, 6, 4, , , 
2019/10/12, 123, 7, 4, , , 
2019/10/13, 114, 6, 4, , , 
2019/10/14, 126, 7, 2, , , 
2019/10/15, 115, 9, 3, , , 
2019/10/16, 109, 16, 3, , , 
2019/10/17, 141, 14, , , , 
2019/10/18, 154, 10, 10, , , 
2019/10/19, 89, 14, , , , 
2019/10/20, 99, 17, , , , 
2019/10/21, 153, 11, , , , 
2019/10/22, 153, 9, , , , 
2019/10/23, 108, 9, , , , 
2019/10/24, 108, 7, , , , 
2019/10/25, 73, 7, , , , 
2019/10/26, 115, 9, , , , 
2019/10/27, 164, 6, , , , 
2019/10/29, 68, 11, , , , 
2019/10/30, 75, 14, , , , 
2019/10/31, 120, 8, , , , 
2019/11/1, 147, 7, , , , 
2019/11/2, 112, 6, , , , 
2019/11/3, 111, 8, , , , 
2019/11/4, 126, 13, , , , 
2019/11/5, 120, 18, , , , 
2019/11/6, 151, 14, , , , 
2019/11/7, 188, 16, , , , 
2019/11/8, 174, 16, , , , 
2019/11/9, 164, 19, , , , 
2019/11/10, 164, 22, , , , 
2019/11/11, 173, 18, , , , 
2019/11/14, 105, 6, , , , 
2019/11/15, 104, 9, , , , 
2019/11/16, 145, 11, , , , 
2019/11/17, 139, 7, , , , 
2019/11/18, 107, 6, , , , 
2019/11/19, 89, 7, , , , 
2019/11/20, 86, 7, , , , 
2019/11/21, 139, 6, , , , 
2019/11/22, 164, 6, , , , 
2019/11/23, 166, 6, , , , 
2019/11/24, 164, 4, , , , 
2019/11/25, 132, 5, , , , 
2019/11/26, 145, 5, , , , 
2019/11/27, 154, 5, , , , 
2019/11/28, 170, 5, , , , 
2019/11/29, 121, 4, , , , 
2019/11/30, 146, 3, , , , 
2019/12/1, 164, 4, , , , 
2019/12/2, 143, 6, , , , 
2019/12/3, 85, 6, 16, 3, , 
2019/12/4, 129, 7, 9, 3, , 
2019/12/5, 145, 8, 7, 3, , 
2019/12/6, 132, 8, 7, 2, , 
2019/12/7, 117, 8, 10, 3, , 
2019/12/8, 153, 9, 12, 4, , 
2019/12/9, 176, 10, 14, 5, , 
2019/12/10, 189, 10, 15, 4, , 
2019/12/11, 211, 11, 16, 5, , 
2019/12/12, 221, 1, 13, 4, , 
2019/12/13, 210, 9, 15, 4, , 
2019/12/14, 221, 3, 11, 3, , 
2019/12/15, 207, 2, 9, 2, , 
2019/12/16, 145, 1, 5, 1, , 
2019/12/17, 138, 3, 8, 2, , 
2019/12/18, 133, 2, 5, 1, , 
2019/12/19, 117, 2, 6, 2, , 
2019/12/20, 136, 2, 6, 2, , 
2019/12/21, 158, 2, 5, 1, , 
2019/12/22, 151, 2, 5, 1, , 
2019/12/23, 130, 2, 5, 2, , 
2019/12/24, 180, 1, 9, 2, , 
2019/12/25, 212, 2, 7, 1, , 
2019/12/26, 107, 2, 7, 2, , 
2019/12/27, 116, 2, 5, 1, , 
2019/12/28, 106, 2, 8, 3, , 
2019/12/29, 155, 3, 10, 3, , 
2019/12/30, 165, , , , , 
2019/8/29, 83, , , , , 
2019/8/30, 60, , , , , 
2019/8/31, 55, , , , , 
2019/9/1, 43, , , , , 
2019/9/2, 46, , , , , 
2019/9/3, 66, , , , , 
2019/9/7, 112, , , , , 
2019/9/8, 116, , , , , 
2019/9/9, 88, , , , , 
2019/9/10, 86, , , , , 
2019/9/11, 86, , , , , 
2019/9/12, 113, , , , , 
2019/9/13, 111, , , , , 
2019/9/14, 132, , , , , 
2019/9/15, 129, 13, 5, , , 
2019/9/16, 164, 17, 4, , , 
2019/9/17, 158, 14, 4, , , 
2019/9/18, 151, 14, 3, , , 
2019/9/19, 127, 12, 2, , , 
2019/9/20, 107, 8, 3, , , 
2019/9/21, 145, 15, 3, , , 
2019/9/22, 113, 12, 2, , , 
2019/9/23, 79, 18, 4, , , 
2019/9/25, 165, 18, 7, , , 
2019/9/26, 158, 25, 7, , , 
2019/9/27, 164, 20, 6, , , 
2019/9/28, 161, 23, 8, , , 
2019/9/29, 171, 23, 9, , , 
2019/9/30, 176, 21, 8, , , 
2019/10/1, 183, 25, 7, , , 
2019/4/2, 86, , , , , 
2019/4/3, 134, , , , , 
2019/4/4, 109, , , , , 
2019/4/5, 13, , , , , 
2019/4/6, 14, , , , , 
2019/4/7, 15, , , , , 
2019/4/8, 10, , , , , 
2019/4/9, 77, , , , , 
2019/4/10, 107, , , , , 
2019/4/11, 90, , , , , 
2019/4/12, 91, , , , , 
2019/4/13, 86, , , , , 
2019/4/14, 71, , , , , 
2019/4/15, 64, , , , , 
2019/4/16, 78, , , , , 
2019/4/17, 75, , , , , 
2019/4/18, 123, , , , , 
2019/4/19, 112, , , , , 
2019/4/20, 132, , , , , 
2019/4/21, 138, , , , , 
2019/4/22, 106, , , , , 
2019/4/23, 113, , , , , 
2019/4/24, 93, , , , , 
2019/4/25, 100, , , , , 
2019/4/26, 92, , , , , 
2019/4/27, 68, , , , , 
2019/4/28, 62, , , , , 
2019/4/29, 71, , , , , 
2019/4/30, 91, , , , , 
2019/5/1, 111, , , , , 
2019/1/2, 93, , , , , 
2019/1/3, 104, , , , , 
2019/1/4, 98, , , , , 
2019/1/5, 132, , , , , 
2019/1/6, 128, , , , , 
2019/1/7, 76, , , , , 
2019/1/8, 148, , , , , 
2019/1/9, 78, , , , , 
2019/1/10, 25, , , , , 
2019/1/11, 80, , , , , 
2019/1/12, 143, , , , , 
2019/1/13, 139, , , , , 
2019/1/14, 84, , , , , 
2019/1/15, 111, , , , , 
2019/1/16, 80, , , , , 
2019/1/17, 35, , , , , 
2019/1/18, 64, , , , , 
2019/1/19, 140, , , , , 
2019/1/20, 174, , , , , 
2019/1/21, 171, , , , , 
2019/1/22, 54, , , , , 
2019/1/23, 108, , , , , 
2019/1/24, 167, , , , , 
2019/1/25, 160, , , , , 
2019/1/26, 189, , , , , 
2019/1/27, 164, , , , , 
2019/1/28, 160, , , , , 
2019/1/29, 119, , , , , 
2019/1/30, 115, , , , , 
2019/1/31, 75, , , , , 
2019/2/1, 102, , , , , 
2019/2/2, 124, , , , , 
2019/2/3, 142, , , , , 
2019/2/4, 122, , , , , 
2019/2/5, 99, , , , , 
2019/2/6, 95, , , , , 
2019/2/7, 62, , , , , 
2019/2/8, 84, , , , , 
2019/2/9, 94, , , , , 
2019/2/10, 98, , , , , 
2019/2/11, 73, , , , , 
2019/2/12, 132, , , , , 
2019/2/13, 141, , , , , 
2019/2/14, 91, , , , , 
2019/2/15, 68, , , , , 
2019/2/16, 72, , , , , 
2019/2/17, 74, , , , , 
2019/2/18, 65, , , , , 
2019/2/19, 95, , , , , 
2019/2/20, 103, , , , , 
2019/2/21, 83, , , , , 
2019/2/22, 83, , , , , 
2019/2/23, 108, , , , , 
2019/2/24, 91, , , , , 
2019/2/25, 68, , , , , 
2019/2/26, 78, , , , , 
2019/2/27, 137, , , , , 
2019/2/28, 130, , , , , 
2019/3/1, 147, , , , , 
2019/3/2, 95, , , , , 
2019/3/3, 88, , , , , 
2019/3/4, 90, , , , , 
2019/3/5, 100, , , , , 
2019/3/6, 93, , , , , 
2019/3/7, 78, , , , , 
2019/3/8, 81, , , , , 
2019/3/9, 95, , , , , 
2019/3/10, 110, , , , , 
2019/3/11, 69, , , , , 
2019/3/12, 163, , , , , 
2019/3/13, 169, , , , , 
2019/3/14, 156, , , , , 
2019/3/15, 176, , , , , 
2019/3/16, 115, , , , , 
2019/3/17, 123, , , , , 
2019/3/18, 65, , , , , 
2019/3/19, 75, , , , , 
2019/3/20, 126, , , , , 
2019/3/21, 127, , , , , 
2019/3/22, 111, , , , , 
2019/3/23, 113, , , , , 
2019/3/24, 100, , , , , 
2019/3/25, 106, , , , , 
2019/3/26, 100, , , , , 
2019/3/27, 171, , , , , 
2019/3/28, 152, , , , , 
2019/3/29, 126, , , , , 
2019/3/30, 91, , , , , 
2019/3/31, 101, , , , , 
2019/4/1, 118, , , , , 
2018/10/2, 125, , , , , 
2018/10/3, 134, , , , , 
2018/10/4, 146, , , , , 
2018/10/5, 137, , , , , 
2018/10/6, 145, , , , , 
2018/10/7, 172, , , , , 
2018/10/8, 159, , , , , 
2018/10/9, 138, , , , , 
2018/10/10, 125, , , , , 
2018/10/11, 43, , , , , 
2018/10/12, 110, , , , , 
2018/10/13, 129, , , , , 
2018/10/14, 163, , , , , 
2018/10/15, 110, , , , , 
2018/10/16, 68, , , , , 
2018/10/17, 69, , , , , 
2018/10/18, 49, , , , , 
2018/10/19, 73, , , , , 
2018/10/24, 42, , , , , 
2018/10/25, 81, , , , , 
2018/10/26, 80, , , , , 
2018/10/27, 73, , , , , 
2018/10/28, 64, , , , , 
2018/10/29, 108, , , , , 
2018/10/30, 113, , , , , 
2018/10/31, 108, , , , , 
2018/11/1, 97, , , , , 
2018/11/2, 118, , , , , 
2018/11/3, 138, , , , , 
2018/11/4, 170, , , , , 
2018/11/5, 164, , , , , 
2018/11/6, 132, , , , , 
2018/11/7, 111, , , , , 
2018/11/8, 87, , , , , 
2018/11/9, 83, , , , , 
2018/11/10, 119, , , , , 
2018/11/11, 154, , , , , 
2018/11/12, 130, , , , , 
2018/11/13, 91, , , , , 
2018/11/14, 108, , , , , 
2018/11/15, 95, , , , , 
2018/11/16, 67, , , , , 
2018/11/17, 62, , , , , 
2018/11/18, 65, , , , , 
2018/11/19, 75, , , , , 
2018/11/20, 84, , , , , 
2018/11/21, 128, , , , , 
2018/11/22, 72, , , , , 
2018/11/23, 76, , , , , 
2018/11/24, 130, , , , , 
2018/11/25, 192, , , , , 
2018/11/26, 150, , , , , 
2018/11/27, 154, , , , , 
2018/11/28, 158, , , , , 
2018/11/29, 174, , , , , 
2018/11/30, 183, , , , , 
2018/12/1, 147, , , , , 
2018/12/2, 123, , , , , 
2018/12/3, 68, , , , , 
2018/12/4, 69, , , , , 
2018/12/5, 69, , , , , 
2018/12/6, 75, , , , , 
2018/12/7, 73, , , , , 
2018/12/8, 98, , , , , 
2018/12/9, 51, , , , , 
2018/12/10, 39, , , , , 
2018/12/11, 66, , , , , 
2018/12/12, 54, , , , , 
2018/12/13, 59, , , , , 
2018/12/14, 58, , , , , 
2018/12/15, 81, , , , , 
2018/12/16, 110, , , , , 
2018/12/17, 81, , , , , 
2018/12/18, 115, , , , , 
2018/12/19, 168, , , , , 
2018/12/20, 149, , , , , 
2018/12/21, 142, , , , , 
2018/12/22, 135, , , , , 
2018/12/23, 100, , , , , 
2018/12/24, 119, , , , , 
2018/12/25, 131, , , , , 
2018/12/26, 98, , , , , 
2018/12/27, 96, , , , , 
2018/12/28, 118, , , , , 
2018/12/29, 97, , , , , 
2018/12/30, 57, , , , , 
2018/12/31, 31, , , , , 
2018/7/2, 46, , , , , 
2018/7/3, 61, , , , , 
2018/7/4, 11, , , , , 
2018/7/5, 36, , , , , 
2018/7/6, 55, , , , , 
2018/7/7, 89, , , , , 
2018/7/8, 95, , , , , 
2018/7/9, 92, , , , , 
2018/7/10, 72, , , , , 
2018/7/11, 75, , , , , 
2018/7/12, 76, , , , , 
2018/7/17, 49, , , , , 
2018/7/18, 72, , , , , 
2018/7/19, 64, , , , , 
2018/7/20, 63, , , , , 
2018/7/21, 62, , , , , 
2018/7/22, 38, , , , , 
2018/7/23, 47, , , , , 
2018/7/24, 85, , , , , 
2018/7/25, 97, , , , , 
2018/7/26, 64, , , , , 
2018/7/27, 30, , , , , 
2018/7/28, 64, , , , , 
2018/7/29, 46, , , , , 
2018/7/30, 57, , , , , 
2018/7/31, 68, , , , , 
2018/8/1, 107, , , , , 
2018/8/2, 78, , , , , 
2018/8/3, 61, , , , , 
2018/8/4, 58, , , , , 
2018/8/5, 97, , , , , 
2018/8/6, 84, , , , , 
2018/8/7, 80, , , , , 
2018/8/8, 76, , , , , 
2018/8/9, 88, , , , , 
2018/8/10, 94, , , , , 
2018/8/11, 107, , , , , 
2018/8/12, 122, , , , , 
2018/8/13, 69, , , , , 
2018/8/14, 70, , , , , 
2018/8/15, 87, , , , , 
2018/8/16, 86, , , , , 
2018/8/17, 68, , , , , 
2018/8/18, 48, , , , , 
2018/8/19, 79, , , , , 
2018/8/20, 118, , , , , 
2018/8/21, 106, , , , , 
2018/8/22, 106, , , , , 
2018/8/23, 121, , , , , 
2018/8/24, 120, , , , , 
2018/8/25, 98, , , , , 
2018/8/26, 71, , , , , 
2018/8/27, 106, , , , , 
2018/8/28, 100, , , , , 
2018/8/29, 52, , , , , 
2018/8/30, 49, , , , , 
2018/8/31, 53, , , , , 
2018/9/1, 40, , , , , 
2018/9/2, 61, , , , , 
2018/9/3, 61, , , , , 
2018/9/4, 37, , , , , 
2018/9/5, 108, , , , , 
2018/9/6, 94, , , , , 
2018/9/7, 75, , , , , 
2018/9/8, 63, , , , , 
2018/9/9, 80, , , , , 
2018/9/10, 115, , , , , 
2018/9/11, 119, , , , , 
2018/9/12, 123, , , , , 
2018/9/13, 97, , , , , 
2018/9/14, 127, , , , , 
2018/9/15, 103, , , , , 
2018/9/16, 80, , , , , 
2018/9/17, 89, , , , , 
2018/9/18, 80, , , , , 
2018/9/19, 86, , , , , 
2018/9/20, 62, , , , , 
2018/9/21, 103, , , , , 
2018/9/22, 78, , , , , 
2018/9/23, 117, , , , , 
2018/9/24, 129, , , , , 
2018/9/25, 107, , , , , 
2018/9/26, 77, , , , , 
2018/9/27, 59, , , , , 
2018/9/28, 61, , , , , 
2018/9/29, 45, , , , , 
2018/9/30, 67, , , , , 
2018/10/1, 100, , , , , 
2018/4/2, 106, , , 32, , 
2018/4/3, 105, , , 30, , 
2018/4/4, 81, , , 30, , 
2018/4/5, 88, , , 30, , 
2018/4/6, 87, , , 29, , 
2018/4/7, 68, , , 31, , 
2018/4/8, 124, , , , , 
2018/4/9, 167, , , , , 
2018/4/10, 138, , , , , 
2018/4/11, 122, , , , , 
2018/4/12, 98, , , , , 
2018/4/13, 94, , , , , 
2018/4/14, 94, , , , , 
2018/4/15, 83, , , , , 
2018/4/16, 79, , , , , 
2018/4/17, 112, , , , , 
2018/4/18, 168, , , , , 
2018/4/19, 160, , , 32, , 
2018/4/20, 137, , , 32, , 
2018/4/21, 97, , , , , 
2018/4/22, 74, , , , , 
2018/4/23, 83, , , , , 
2018/4/24, 90, , , , , 
2018/4/25, 118, , , , , 
2018/4/26, 103, , , 38, , 
2018/4/27, 109, , , , , 
2018/4/28, 79, , , , , 
2018/4/29, 108, , , , , 
2018/4/30, 121, , , , , 
2018/5/1, 70, , , , , 
2018/5/2, 47, , , , , 
2018/5/3, 59, , , , , 
2018/5/4, 81, , , , , 
2018/5/5, 72, , , , , 
2018/5/6, 50, , , , , 
2018/5/7, 50, , , , , 
2018/5/8, 69, , , , , 
2018/5/9, 84, , , , , 
2018/5/10, 70, , , , , 
2018/5/11, 55, , , , , 
2018/5/12, 58, , , , , 
2018/5/13, 75, , , , , 
2018/5/14, 73, , , , , 
2018/5/15, 79, , , , , 
2018/5/16, 70, , , , , 
2018/5/17, 77, , , 28, , 
2018/5/18, 74, , , 28, , 
2018/5/19, 60, , , 28, , 
2018/5/20, 55, , , , , 
2018/5/21, 59, , , , , 
2018/5/22, 55, , , , , 
2018/5/23, 60, , , , , 
2018/5/24, 42, , , , , 
2018/5/25, 54, , , , , 
2018/5/26, 54, , , , , 
2018/5/27, 64, , , , , 
2018/5/28, 74, , , 29, , 
2018/5/29, 64, , , 29, , 
2018/5/30, 116, , , 29, , 
2018/5/31, 70, , , 29, , 
2018/6/1, 74, , , 29, , 
2018/6/2, 73, , , 29, , 
2018/6/5, 98, , , 29, , 
2018/6/6, 35, , , 30, , 
2018/6/8, 128, , , 31, , 
2018/6/9, 166, , , 30, , 
2018/6/10, 147, , , 30, , 
2018/6/11, 109, , , 30, , 
2018/6/12, 51, , , 30, , 
2018/6/13, 42, , , 31, , 
2018/6/14, 59, , , 30, , 
2018/6/15, 105, , , 30, , 
2018/6/16, 68, , , 30, , 
2018/6/17, 92, , , 30, , 
2018/6/19, 77, , , 31, , 
2018/6/20, 73, , , 31, , 
2018/6/21, 71, , , 31, , 
2018/6/22, 74, , , , , 
2018/6/23, 69, , , , , 
2018/6/24, 57, , , , , 
2018/6/25, 98, , , , , 
2018/6/26, 57, , , , , 
2018/6/27, 83, , , 32, , 
2018/6/28, 86, , , , , 
2018/6/29, 78, , , , , 
2018/6/30, 67, , , , , 
2018/7/1, 53, , , , , 
2018/1/2, 171, , , 41, , 
2018/1/3, 207, , , 39, , 
2018/1/4, 166, , , 38, , 
2018/1/5, 161, , , 37, , 
2018/1/6, 144, , , 36, , 
2018/1/7, 118, , , 36, , 
2018/1/8, 149, , , 36, , 
2018/1/10, 117, , , 41, , 
2018/1/11, 113, , , 44, , 
2018/1/12, 129, , , 46, , 
2018/1/13, 142, , , 49, , 
2018/1/14, 166, , , 43, , 
2018/1/15, 181, , , 42, , 
2018/1/16, 193, , , 40, , 
2018/1/17, 165, , , 41, , 
2018/1/18, 196, , , 40, , 
2018/1/19, 165, , , 44, , 
2018/1/20, 162, , , 40, , 
2018/1/21, 157, , , 38, , 
2018/1/23, 151, , , 37, , 
2018/1/24, 133, , , 37, , 
2018/1/25, 121, , , 37, , 
2018/1/26, 87, , , 37, , 
2018/1/27, 79, , , 38, , 
2018/1/28, 106, , , 36, , 
2018/1/30, 84, , , 37, , 
2018/1/31, 141, , , 37, , 
2018/2/1, 148, , , 44, , 
2018/2/2, 154, , , 44, , 
2018/2/3, 152, , , 45, , 
2018/2/4, 131, , , 49, , 
2018/2/5, 153, , , 42, , 
2018/2/6, 151, , , 38, , 
2018/2/7, 153, , , 40, , 
2018/2/8, 153, , , 36, , 
2018/2/9, 152, , , 34, , 
2018/2/10, 178, , , 24, , 
2018/2/11, 188, , , 22, , 
2018/2/13, 173, , , 28, , 
2018/2/14, 190, , , 24, , 
2018/2/15, 204, , , 23, , 
2018/2/16, 186, , , 23, , 
2018/2/17, 136, , , , , 
2018/2/18, 126, , , , , 
2018/2/19, 110, , , , , 
2018/2/20, 104, , , , , 
2018/2/21, 101, , , 23, , 
2018/2/22, 86, , , 23, , 
2018/2/23, 97, , , 24, , 
2018/2/24, 84, , , , , 
2018/2/25, 172, , , , , 
2018/2/26, 143, , , 26, , 
2018/2/27, 148, , , 25, , 
2018/2/28, 143, , , 24, , 
2018/3/1, 134, , , 24, , 
2018/3/2, 110, , , 24, , 
2018/3/3, 83, , , 24, , 
2018/3/4, 103, , , 24, , 
2018/3/5, 124, , , 24, , 
2018/3/6, 103, , , 24, , 
2018/3/7, 76, , , 24, , 
2018/3/8, 87, , , 25, , 
2018/3/9, 62, , , 29, , 
2018/3/10, 93, , , 29, , 
2018/3/11, 112, , , 30, , 
2018/3/12, 144, , , 26, , 
2018/3/13, 163, , , 27, , 
2018/3/14, 165, , , 27, , 
2018/3/15, 117, , , 26, , 
2018/3/16, 113, , , 28, , 
2018/3/17, 123, , , 27, , 
2018/3/18, 137, , , 26, , 
2018/3/20, 131, , , 31, , 
2018/3/21, 104, , , , , 
2018/3/22, 118, , , , , 
2018/3/23, 152, , , , , 
2018/3/24, 153, , , , , 
2018/3/25, 136, , , , , 
2018/3/26, 130, , , , , 
2018/3/27, 162, , , , , 
2018/3/28, 133, , , , , 
2018/3/29, 112, , , , , 
2018/3/30, 98, , , 30, , 
2018/3/31, 104, , , 29, , 
2018/4/1, 116, , , 29, , 
2017/10/2, 43, , , 17, , 
2017/10/3, 78, , , 13, , 
2017/10/4, 83, , , 13, , 
2017/10/5, 73, , , 13, , 
2017/10/6, 66, , , 13, , 
2017/10/7, 86, , , 13, , 
2017/10/8, 61, , , , , 
2017/10/9, 64, , , , , 
2017/10/10, 81, , , , , 
2017/10/11, 58, , , 13, , 
2017/10/12, 57, , , 13, , 
2017/10/13, 85, , , 13, , 
2017/10/14, 97, , , 12, , 
2017/10/15, 88, , , 14, , 
2017/10/16, 75, , , 12, , 
2017/10/17, 57, , , 12, , 
2017/10/18, 33, , , 12, , 
2017/10/19, 42, , , 13, , 
2017/10/20, 86, , , , , 
2017/10/21, 115, , , , , 
2017/10/22, 116, , , , , 
2017/10/23, 118, , , 14, , 
2017/10/24, 137, , , 13, , 
2017/10/25, 147, , , 14, , 
2017/10/26, 182, , , 14, , 
2017/10/27, 195, , , 13, , 
2017/10/28, 183, , , , , 
2017/10/29, 186, , , , , 
2017/10/30, 166, , , 15, , 
2017/10/31, 150, , , 13, , 
2017/11/14, 148, , , 13, , 
2017/11/15, 111, , , 13, , 
2017/11/16, 102, , , 16, , 
2017/11/17, 87, , , 17, , 
2017/11/18, 69, , , 15, , 
2017/11/19, 62, , , 13, , 
2017/11/20, 62, , , 13, , 
2017/11/21, 62, , , 13, , 
2017/11/22, 98, , , 13, , 
2017/11/23, 96, , , , , 
2017/11/24, 86, , , 13, , 
2017/11/25, 79, , , 13, , 
2017/11/26, 79, , , 13, , 
2017/11/27, 129, , , 14, , 
2017/11/28, 171, , , 13, , 
2017/11/29, 181, , , 13, , 
2017/11/30, 193, , , 13, , 
2017/12/1, 199, , , 13, , 
2017/12/2, 122, , , 13, , 
2017/12/3, 143, , , 14, , 
2017/12/4, 181, , , 13, , 
2017/12/5, 139, , , 13, , 
2017/12/6, 106, , , 13, , 
2017/12/7, 159, , , 37, , 
2017/12/8, 180, , , 36, , 
2017/12/9, 199, , , 37, , 
2017/12/20, 130, , , 46, , 
2017/12/21, 131, , , 46, , 
2017/12/22, 151, , , 52, , 
2017/12/23, 171, , , 47, , 
2017/12/24, 187, , , 40, , 
2017/12/25, 160, , , 46, , 
2017/12/26, 175, , , 47, , 
2017/12/27, 208, , , 37, , 
2017/12/28, 171, , , 37, , 
2017/12/29, 133, , , 40, , 
2017/12/30, 177, , , 37, , 
2017/12/31, 101, , , 38, , 
2018/1/1, 130, , , 43, , 
2017/7/2, 65, 23, 10, 14, , 
2017/7/3, 72, 23, 10, 14, , 
2017/7/4, 71, 25, 10, 13, , 
2017/7/5, 68, 26, 8, 13, , 
2017/7/6, 33, 26, 8, 13, , 
2017/7/7, 33, 26, 9, 13, , 
2017/7/8, 42, 24, 9, 13, , 
2017/7/9, 36, 34, 8, 13, , 
2017/7/10, 47, 23, 8, 13, , 
2017/7/11, 68, 22, 8, 13, , 
2017/7/12, 40, 21, 8, 13, , 
2017/7/13, 30, 21, 8, 13, , 
2017/7/14, 66, 21, 9, 14, , 
2017/7/15, 34, 21, 8, 13, , 
2017/7/16, 62, 20, 8, 13, , 
2017/7/17, 57, 22, 7, 13, , 
2017/7/18, 31, 20, 8, 13, , 
2017/7/19, 60, 22, 8, 13, , 
2017/7/20, 36, 21, 7, 13, , 
2017/7/21, 36, 20, 8, 13, , 
2017/7/22, 50, 24, 9, 13, , 
2017/7/23, 88, 18, 10, 14, , 
2017/7/24, 55, 20, 13, 14, , 
2017/7/25, 111, 18, 7, 13, , 
2017/7/26, 94, , , , , 
2017/7/27, 85, , , , , 
2017/7/28, 97, , , , , 
2017/7/29, 106, , , , , 
2017/7/30, 121, , , , , 
2017/7/31, 119, , , , , 
2017/8/1, 98, , , , , 
2017/8/2, 71, , , , , 
2017/8/3, 83, , , , , 
2017/8/4, 109, , , , , 
2017/8/5, 114, , , , , 
2017/8/6, 81, , , , , 
2017/8/7, 52, 13, 17, 13, , 
2017/8/8, 51, 19, 12, 15, , 
2017/8/9, 51, 18, 7, 14, , 
2017/8/10, 53, , , , , 
2017/8/11, 86, 14, 9, 12, , 
2017/8/12, 77, 19, 9, 13, , 
2017/8/13, 66, 18, 10, 15, , 
2017/8/14, 78, 18, 10, 15, , 
2017/8/15, 88, 20, 7, 13, , 
2017/8/16, 57, 19, 8, 14, , 
2017/8/17, 37, 18, 8, 14, , 
2017/8/18, 50, 18, 8, 13, , 
2017/8/19, 90, 17, 13, 15, , 
2017/8/20, 114, , , , , 
2017/8/21, 91, , , , , 
2017/8/22, 71, 16, 2, 15, , 
2017/8/23, 94, 18, 2, 16, , 
2017/8/24, 130, 498, 3, 15, , 
2017/8/25, 32, 5, 1, 13, , 
2017/8/26, 41, , , 14, , 
2017/8/27, 69, , , 14, , 
2017/8/28, 66, , , 14, , 
2017/8/29, 85, , , 14, , 
2017/8/30, 37, , , 14, , 
2017/8/31, 36, , , 15, , 
2017/9/1, 112, , , 15, , 
2017/9/2, 80, , , 15, , 
2017/9/3, 59, , , 14, , 
2017/9/4, 49, , , 15, , 
2017/9/5, 96, , , 15, , 
2017/9/6, 86, , , 14, , 
2017/9/7, 61, , , , , 
2017/9/12, 67, , , , , 
2017/9/13, 135, , , , , 
2017/9/14, 79, , , , , 
2017/9/15, 80, , , , , 
2017/9/16, 75, , , , , 
2017/9/17, 64, , , , , 
2017/9/18, 75, , , , , 
2017/9/19, 119, , , 13, , 
2017/9/20, 56, , , 14, , 
2017/9/21, 47, , , 13, , 
2017/9/22, 91, , , 13, , 
2017/9/23, 108, , , , , 
2017/9/24, 118, , , , , 
2017/9/25, 133, , , 13, , 
2017/9/26, 124, , , 13, , 
2017/9/27, 45, , , 13, , 
2017/9/28, 95, , , 14, , 
2017/9/29, 105, , , 14, , 
2017/9/30, 98, , , 14, , 
2017/10/1, 92, , , 13, , 
2017/4/2, 98, 14, 34, 16, , 
2017/4/3, 136, 15, 35, 16, , 
2017/4/4, 142, 10, 19, 12, , 
2017/4/5, 88, 13, 17, 12, , 
2017/4/6, 86, 14, 14, 12, , 
2017/4/7, 89, 24, 11, 12, , 
2017/4/8, 80, 17, 11, 12, , 
2017/4/9, 92, 20, 13, 13, , 
2017/4/10, 99, 17, 18, 14, , 
2017/4/11, 128, 15, 28, 13, , 
2017/4/12, 136, 12, 18, 12, , 
2017/4/13, 110, 12, 55, 14, , 
2017/4/14, 117, 16, 74, 14, , 
2017/4/15, 129, 8, 38, 11, , 
2017/4/16, 102, , , , , 
2017/4/17, 77, 20, 68, 12, , 
2017/4/18, 72, 17, 35, 11, , 
2017/4/19, 81, 21, 50, 13, , 
2017/4/20, 117, 14, 27, 12, , 
2017/4/21, 106, 16, 21, 12, , 
2017/4/22, 106, , , , , 
2017/4/23, 50, , , , , 
2017/4/24, 111, , , , , 
2017/4/25, 114, 18, 24, 12, , 
2017/4/26, 92, 13, 25, 13, , 
2017/4/27, 113, 17, 19, 13, , 
2017/4/28, 82, 21, 29, 14, , 
2017/5/4, 106, 15, 21, 12, , 
2017/5/5, 105, 9, 26, 12, , 
2017/5/6, 94, 13, 24, 12, , 
2017/5/7, 110, 11, 20, 12, , 
2017/5/8, 107, 10, 17, 12, , 
2017/5/9, 85, 10, 20, 12, , 
2017/5/10, 91, 10, 19, 12, , 
2017/5/11, 77, 8, 13, 11, , 
2017/5/12, 50, 17, 16, 12, , 
2017/5/13, 55, 10, 25, 12, , 
2017/5/14, 88, 8, 16, 12, , 
2017/5/15, 57, 11, 16, 12, , 
2017/5/16, 56, 11, 15, 12, , 
2017/5/17, 78, , , , , 
2017/5/18, 105, 13, 16, 12, , 
2017/5/19, 96, 12, 13, 11, , 
2017/5/20, 64, 14, 17, 12, , 
2017/5/21, 68, 17, 18, 12, , 
2017/5/22, 88, 11, 15, 12, , 
2017/5/23, 62, 11, 17, 12, , 
2017/5/24, 72, 13, 18, 11, , 
2017/5/25, 64, 13, 17, 11, , 
2017/5/26, 65, 14, 21, 11, , 
2017/5/27, 76, 14, 24, 11, , 
2017/5/28, 123, 15, 27, 12, , 
2017/5/29, 149, 19, 28, 12, , 
2017/5/30, 154, , , , , 
2017/5/31, 103, 15, 18, 13, , 
2017/6/1, 103, 16, 14, 14, , 
2017/6/2, 83, 17, 14, 16, , 
2017/6/3, 97, 18, 14, 17, , 
2017/6/4, 81, 21, 14, 17, , 
2017/6/5, 82, 20, 14, 17, , 
2017/6/6, 91, 13, 13, 14, , 
2017/6/7, 80, 14, 13, 12, , 
2017/6/8, 59, 14, 12, 13, , 
2017/6/9, 80, 13, 10, 13, , 
2017/6/10, 52, 15, 11, 13, , 
2017/6/11, 48, , , , , 
2017/6/12, 78, 15, 13, 14, , 
2017/6/13, 88, 15, 14, 13, , 
2017/6/14, 74, 15, 9, 13, , 
2017/6/15, 84, 15, 11, 14, , 
2017/6/16, 101, 15, 13, 13, , 
2017/6/17, 133, 14, 10, 12, , 
2017/6/18, 55, 15, 10, 13, , 
2017/6/19, 87, 14, 10, 13, , 
2017/6/20, 87, , , , , 
2017/6/21, 87, 14, 13, 13, , 
2017/6/22, 63, 15, 13, 13, , 
2017/6/23, 47, 17, 10, 14, , 
2017/6/24, 53, 17, 8, 13, , 
2017/6/25, 53, 17, 10, 13, , 
2017/6/26, 47, 17, 10, 13, , 
2017/6/27, 58, 18, 8, 15, , 
2017/6/28, 50, 19, 8, 13, , 
2017/6/29, 49, 19, 9, 13, , 
2017/6/30, 62, 23, 10, 13, , 
2017/7/1, 54, 21, 11, 14, , 
2017/1/3, 169, 36, 11, 17, 70, 
2017/1/4, 184, 21, 9, 19, 67, 
2017/1/5, 155, 9, 6, 12, 28, 
2017/1/6, 108, 14, 8, 13, 48, 
2017/1/7, 115, 21, 9, 13, 41, 
2017/1/8, 145, 16, 8, 14, 44, 
2017/1/9, 142, 12, 4, 13, 54, 
2017/1/10, 132, 18, , 12, 86, 
2017/1/11, 151, 9, 5, 10, 40, 
2017/1/12, 98, 2, 5, 9, 21, 
2017/1/13, 22, , , , , 
2017/1/14, 54, , , , , 
2017/1/15, 100, , , , , 
2017/1/16, 83, , , , , 
2017/1/17, 120, , , 10, 17, 
2017/1/18, 98, 21, 14, 11, 36, 
2017/1/19, 144, 23, 5, 14, 71, 
2017/1/20, 199, 9, 6, 14, 40, 
2017/1/21, 108, 11, 7, 13, 28, 
2017/1/22, 139, 8, 7, 15, 23, 
2017/1/23, 151, , , , , 
2017/1/24, 187, 19, 21, 17, 71, 
2017/1/25, 192, 24, 15, 15, 52, 
2017/1/26, 186, 19, 16, 14, 48, 
2017/1/27, 167, 15, 11, 13, 33, 
2017/1/28, 155, 14, 6, 10, 17, 
2017/1/29, 116, 5, 7, 11, 21, 
2017/1/30, 89, 7, 8, 13, 20, 
2017/1/31, 108, 10, 10, 12, 34, 
2017/2/1, 151, 6, 7, 14, 35, 
2017/2/2, 125, 4, 8, 14, 40, 
2017/2/3, 129, 5, 7, 15, 41, 
2017/2/4, 121, 10, 8, 11, 24, 
2017/2/5, 91, 6, 7, 12, 30, 
2017/2/6, 113, 5, 8, 13, 37, 
2017/2/7, 93, 4, 7, 12, 28, 
2017/2/8, 80, 5, 7, 14, 38, 
2017/2/9, 99, 2, 9, 13, 29, 
2017/2/10, 73, 5, 12, 15, 18, 
2017/2/11, 140, 10, 13, 15, , 
2017/2/12, 165, 12, 15, 16, , 
2017/2/13, 163, 16, 22, 23, , 
2017/2/14, 175, 11, 14, 15, , 
2017/2/15, 192, 12, 17, 20, , 
2017/2/16, 207, 3, 12, 13, , 
2017/2/17, 107, , , , , 
2017/2/18, 85, , , , , 
2017/2/19, 102, , , , , 
2017/2/20, 112, 3, 7, 12, , 
2017/2/21, 71, 7, 5, 12, , 
2017/2/22, 81, 12, 4, 12, , 
2017/2/23, 85, 2, 5, 13, , 
2017/2/24, 89, , 9, 13, , 
2017/2/25, 109, 1, 10, 12, , 
2017/2/26, 111, 3, 10, 14, , 
2017/2/27, 142, 4, 15, 15, , 
2017/2/28, 151, 8, 13, 25, , 
2017/3/1, 166, 17, 11, 14, , 
2017/3/2, 179, 21, 12, 16, , 
2017/3/3, 164, 5, 16, 17, , 
2017/3/4, 161, 5, 11, 13, , 
2017/3/5, 150, 7, 8, 13, , 
2017/3/6, 130, 1, 6, 17, , 
2017/3/7, 115, 3, 6, 13, , 
2017/3/8, 140, , , , , 
2017/3/9, 68, , , , , 
2017/3/10, 139, , 12, 12, , 
2017/3/11, 129, , 5, 12, , 
2017/3/12, 170, , 4, 11, , 
2017/3/13, 104, , 4, 11, , 
2017/3/14, 108, , , , , 
2017/3/15, 112, 16, 1, 12, , 
2017/3/16, 104, 22, 2, 17, , 
2017/3/17, 108, 18, 3, 13, , 
2017/3/18, 100, 18, 4, 11, , 
2017/3/19, 109, 17, 4, 11, , 
2017/3/20, 79, 16, 4, 11, , 
2017/3/21, 75, 13, 5, 11, , 
2017/3/22, 55, 12, 4, 11, , 
2017/3/23, 68, 11, 4, 11, , 
2017/3/24, 60, 13, 3, 11, , 
2017/3/25, 61, 12, 7, 13, , 
2017/3/26, 66, 9, 8, 13, , 
2017/3/27, 70, 9, 10, 15, , 
2017/3/28, 106, 20, 14, 17, , 
2017/3/29, 161, 20, 9, 13, , 
2017/3/30, 147, 12, 24, 15, , 
2017/3/31, 120, 10, 19, 13, , 
2017/4/1, 85, 13, 23, 14, , 
2016/10/2, 107, , , , , 
2016/10/3, 119, , , , , 
2016/10/4, 149, , , , , 
2016/10/5, 167, 10, , 11, 54, 
2016/10/6, 182, 4, 11, 13, 44, 
2016/10/7, 153, 6, 11, 13, 34, 
2016/10/8, 174, , , , , 
2016/10/9, 188, , , , , 
2016/10/10, 170, , , , , 
2016/10/11, 151, 4, 16, 14, 44, 
2016/10/12, 163, 7, 12, 13, 29, 
2016/10/13, 163, 1, 7, 12, 44, 
2016/10/14, 158, 1, 3, 13, 22, 
2016/10/15, 150, , , , , 
2016/10/16, 136, , , , , 
2016/10/17, 131, , , , , 
2016/10/18, 150, 2, 25, 13, 18, 
2016/10/19, 123, 1, 41, 13, 32, 
2016/10/20, 89, 3, 71, 15, 58, 
2016/10/21, 99, , , , , 
2016/10/22, 124, , , , , 
2016/10/23, 160, 5, 49, 14, 53, 
2016/10/24, 147, , , , , 
2016/10/25, 144, 3, 32, 13, 13, 
2016/10/26, 91, 11, 31, 13, 41, 
2016/10/27, 103, 4, 30, 13, 37, 
2016/10/28, 76, 9, 44, 14, 47, 
2016/10/29, 79, 3, 45, 14, 36, 
2016/10/30, 96, 1, 34, 13, 20, 
2016/10/31, 84, 1, 33, 13, 27, 
2016/11/1, 78, 1, 30, 14, 23, 
2016/11/2, 70, 1, 32, 16, 27, 
2016/11/3, 85, 1, 52, 14, 47, 
2016/11/4, 95, 1, 45, 15, 35, 
2016/11/5, 149, 2, 63, 14, 49, 
2016/11/6, 152, 2, 56, 15, 53, 
2016/11/7, 161, 2, 48, 15, 64, 
2016/11/8, 178, 21, 17, 9, 32, 
2016/11/9, 121, 17, 5, 8, 19, 
2016/11/10, 46, 17, 6, 8, 22, 
2016/11/11, 64, 27, 13, 10, 35, 
2016/11/12, 113, 49, 13, 12, 57, 
2016/11/13, 178, 41, 9, 9, 41, 
2016/11/14, 175, 19, 5, 8, 39, 
2016/11/15, 117, 24, 6, 9, 47, 
2016/11/16, 98, 24, 6, 10, 53, 
2016/11/17, 96, 28, 9, 15, 54, 
2016/11/18, 101, 31, 7, 12, 57, 
2016/11/19, 123, 51, 13, 12, 49, 
2016/11/20, 147, 40, 9, 12, 36, 
2016/11/21, 137, 40, 13, 12, 59, 
2016/11/22, 123, 32, 7, 12, 57, 
2016/11/23, 105, 32, 8, 12, 46, 
2016/11/26, 112, 19, 5, 11, 19, 
2016/11/27, 63, 34, 14, 14, 27, 
2016/11/28, 108, 40, 19, 21, 37, 
2016/11/29, 157, 22, 16, 17, 43, 
2016/11/30, 154, 28, 13, 15, 24, 
2016/12/1, 134, 35, 13, 13, 31, 
2016/12/2, 117, , , , , 
2016/12/3, 156, , , , , 
2016/12/4, 187, 44, 17, 14, 102, 
2016/12/5, 197, 66, 12, 22, 56, 
2016/12/6, 204, 25, 10, 18, 35, 
2016/12/7, 150, 46, 15, 23, 54, 
2016/12/8, 161, 41, 15, 18, 76, 
2016/12/9, 173, 74, 25, 25, 58, 
2016/12/10, 195, 39, 24, 27, 58, 
2016/12/11, 193, 54, 20, 18, 45, 
2016/12/12, 201, 28, 9, 12, 44, 
2016/12/13, 149, 28, 8, 14, 50, 
2016/12/14, 130, 17, 7, 14, 31, 
2016/12/15, 128, 18, 6, 10, 25, 
2016/12/16, 86, 20, 10, 14, 38, 
2016/12/17, 144, 24, 16, 21, 52, 
2016/12/18, 163, 33, 15, 27, 56, 
2016/12/19, 187, 48, 5, 19, 76, 
2016/12/20, 226, 18, 1, 10, 44, 
2016/12/21, 109, 18, 3, 13, 52, 
2016/12/22, 109, 16, 4, 13, 30, 
2016/12/23, 91, 23, 11, 18, 50, 
2016/12/24, 155, 18, 6, 14, 53, 
2016/12/25, 145, 15, 3, 11, 37, 
2016/12/26, 106, 12, 4, 12, 48, 
2016/12/27, 94, 11, 7, 12, 25, 
2016/12/28, 83, 23, 11, 16, 49, 
2016/12/29, 142, 26, 13, 23, 52, 
2016/12/30, 157, 26, 15, 22, 60, 
2016/12/31, 168, 36, 17, 22, 58, 
2017/1/1, 202, , , , , 
2016/7/6, 64, , , , , 
2016/7/7, 29, , , , , 
2016/7/8, 80, 8, 5, 13, 38, 
2016/7/9, 130, 8, 2, 13, 24, 
2016/7/10, 80, , , , , 
2016/7/11, 89, , , , , 
2016/7/12, 86, , , , , 
2016/7/13, 79, , , , , 
2016/7/14, 121, 8, 5, , , 
2016/7/15, 81, 9, 9, 13, 29, 
2016/7/16, 106, 9, 11, 13, 20, 
2016/7/17, 71, 8, 6, 13, 14, 
2016/7/18, 63, , , , , 
2016/7/19, 74, , , , , 
2016/7/20, 70, , , , , 
2016/7/21, 62, , , , , 
2016/7/22, 68, , , , , 
2016/7/23, 82, , , , , 
2016/7/24, 67, , , , , 
2016/7/25, 89, , , , , 
2016/7/26, 69, , , , , 
2016/7/27, 89, 8, 25, 15, 13, 
2016/7/28, 85, 8, 15, 13, 10, 
2016/7/29, 29, , , , , 
2016/7/30, 42, , , , , 
2016/7/31, 77, , , , , 
2016/8/1, 102, , , , , 
2016/8/2, 125, , , , , 
2016/8/3, 108, , , , , 
2016/8/4, 75, , , , , 
2016/8/5, 47, , , , , 
2016/8/6, 62, , , , , 
2016/8/7, 97, , , , , 
2016/8/8, 84, , , , , 
2016/8/9, 63, 9, 15, 13, 14, 
2016/8/10, 68, 9, 13, 14, 16, 
2016/8/11, 100, 9, 8, 14, 15, 
2016/8/12, 105, 9, 10, 13, 18, 
2016/8/13, 92, 9, 9, 12, 14, 
2016/8/14, 104, 9, 7, 12, 13, 
2016/8/15, 60, 9, 9, 12, 18, 
2016/8/16, 66, 10, 8, 12, 11, 
2016/8/17, 79, , , , , 
2016/8/18, 87, 9, 8, 12, 21, 
2016/8/19, 68, 10, 8, 12, 16, 
2016/8/20, 28, , , , , 
2016/8/21, 45, 9, 8, 13, 19, 
2016/8/22, 61, , , , , 
2016/8/23, 91, 9, 8, 13, 25, 
2016/8/24, 97, 9, 9, 13, 21, 
2016/8/25, 112, 9, 9, 13, 17, 
2016/8/26, 126, 9, 9, 13, 17, 
2016/8/27, 145, 9, 10, 13, 16, 
2016/8/28, 90, 9, 8, 13, 11, 
2016/8/29, 63, 9, 7, 13, 14, 
2016/8/30, 119, 9, 12, 13, 22, 
2016/8/31, 161, 10, 18, 13, 26, 
2016/9/1, 125, 10, 15, 13, 24, 
2016/9/2, 69, 9, 11, 13, 19, 
2016/9/3, 52, 10, 7, 13, 10, 
2016/9/4, 79, 10, 10, 13, 15, 
2016/9/5, 136, 13, 11, 13, 17, 
2016/9/6, 161, 13, 12, 13, 19, 
2016/9/7, 121, 18, 9, 13, 21, 
2016/9/8, 102, 10, 10, 13, 21, 
2016/9/9, 133, 13, 11, 14, 26, 
2016/9/10, 106, 11, 14, 14, 26, 
2016/9/11, 69, 9, 2, 13, 9, 
2016/9/12, 81, , , , , 
2016/9/13, 99, , , , , 
2016/9/14, 105, , , , , 
2016/9/15, 128, 7, 17, 13, 31, 
2016/9/16, 134, 7, 8, 12, 17, 
2016/9/17, 158, , , , , 
2016/9/18, 162, , , , , 
2016/9/19, 157, , , , , 
2016/9/20, 150, , , , , 
2016/9/21, 147, , , , , 
2016/9/22, 153, , , , , 
2016/9/23, 163, , , , , 
2016/9/24, 165, , , , , 
2016/9/25, 115, , , , , 
2016/9/26, 106, , , , , 
2016/9/27, 73, , , , , 
2016/9/28, 110, , , , , 
2016/9/29, 148, , , , , 
2016/9/30, 132, , , , , 
2016/10/1, 97, , , , , 
2016/4/2, 162, 38, 8, , 16, 
2016/4/3, 119, 26, 7, , 12, 
2016/4/4, 135, 20, 6, , 17, 
2016/4/5, 123, 42, 5, , 14, 
2016/4/6, 109, 50, 7, , 13, 
2016/4/7, 106, 47, 4, , 19, 
2016/4/8, 121, 45, 8, , 22, 
2016/4/9, 120, 17, 6, , 9, 
2016/4/10, 115, , , , , 
2016/4/11, 143, , , , , 
2016/4/12, 144, , , , , 
2016/4/13, 133, 32, 22, , 26, 
2016/4/14, 142, 95, 16, , 23, 
2016/4/15, 148, 117, 11, , 21, 
2016/4/16, 157, , , , , 
2016/4/17, 146, , , , , 
2016/4/18, 149, , , , , 
2016/4/19, 84, , 11, , 18, 
2016/4/20, 124, , 11, , 11, 
2016/4/21, 84, 28, 9, , 24, 
2016/4/22, 93, 35, 15, , 25, 
2016/4/23, 74, , , , , 
2016/4/24, 122, , , , , 
2016/4/25, 72, 70, 13, , 26, 
2016/4/26, 68, 85, 9, , 27, 
2016/4/27, 108, 140, 8, , 31, 
2016/4/28, 114, 110, 13, , 31, 
2016/4/29, 128, 94, 10, , 43, 
2016/4/30, 135, 94, 9, , 30, 
2016/5/1, 110, 71, 8, , 21, 
2016/5/2, 62, 169, 3, , 8, 
2016/5/3, 98, , , , , 
2016/5/4, 97, , , , , 
2016/5/5, 80, , , , , 
2016/5/6, 92, , , , , 
2016/5/7, 92, , , , , 
2016/5/8, 75, , , , , 
2016/5/9, 71, 131, 7, , 28, 
2016/5/10, 97, 167, 10, , 25, 
2016/5/11, 97, 111, 12, , 30, 
2016/5/12, 134, 131, 14, 11, 33, 
2016/5/13, 105, 159, 12, 11, 23, 
2016/5/14, 83, 154, 6, 11, 20, 
2016/5/15, 41, 135, 5, 11, 18, 
2016/5/16, 75, 52, 9, 11, 14, 
2016/5/17, 73, 45, 12, 11, 25, 
2016/5/18, 117, 161, 9, 11, 26, 
2016/5/19, 107, 174, 6, 11, 25, 
2016/5/20, 84, 161, 7, 11, 20, 
2016/5/21, 88, 149, 6, 11, 17, 
2016/5/22, 103, 110, 8, 11, 30, 
2016/5/23, 103, 138, 8, 11, 36, 
2016/5/24, 111, 124, 3, 11, 27, 
2016/5/25, 105, 154, 5, 11, 31, 
2016/5/26, 90, 142, 2, 11, 22, 
2016/5/27, 63, 172, 3, 11, 33, 
2016/5/28, 54, 150, 5, 11, 25, 
2016/5/29, 76, 136, 4, 11, 25, 
2016/5/30, 89, 121, 4, 11, 35, 
2016/5/31, 76, 78, 5, 11, 22, 
2016/6/1, 72, 58, 4, 11, 18, 
2016/6/2, 60, 44, 5, 11, 20, 
2016/6/3, 71, 35, 5, 11, 20, 
2016/6/4, 76, 32, 5, 11, 24, 
2016/6/5, 77, , , , , 
2016/6/6, 105, , , , , 
2016/6/7, 104, 21, 14, 11, 29, 
2016/6/8, 73, , , , , 
2016/6/9, 100, , , , , 
2016/6/10, 98, , , , , 
2016/6/11, 110, , , , , 
2016/6/12, 87, , , , , 
2016/6/13, 70, , , , , 
2016/6/14, 94, , , , , 
2016/6/15, 100, , , , , 
2016/6/16, 101, , , , , 
2016/6/17, 80, , , , , 
2016/6/18, 109, , , , , 
2016/6/19, 104, , , , , 
2016/6/20, 122, , , , , 
2016/6/21, 109, , , , , 
2016/6/22, 89, 20, 4, 13, 24, 
2016/6/23, 88, 33, 5, 13, 28, 
2016/6/24, 83, 22, 7, 13, 26, 
2016/6/25, 78, 23, 9, 13, 26, 
2016/6/26, 84, 21, 9, 12, 18, 
2016/6/27, 95, 24, 7, 12, 26, 
2016/6/28, 68, 22, 7, 13, 25, 
2016/6/29, 91, 8, 3, 13, 27, 
2016/6/30, 78, 8, 2, 13, 36, 
2016/1/5, 161, 23, 19, 6, 22, 
2016/1/6, 170, , , , , 
2016/1/7, 154, , , , , 
2016/1/8, 157, , , , , 
2016/1/9, 150, , , , , 
2016/1/10, 140, , , , , 
2016/1/11, 130, 7, 14, 6, 13, 
2016/1/12, 114, 25, 16, 6, 24, 
2016/1/13, 145, 13, 14, 6, 19, 
2016/1/14, 161, 11, 10, 6, 18, 
2016/1/15, 137, 11, 7, 6, 9, 
2016/1/16, 90, , , , , 
2016/1/17, 144, , , , , 
2016/1/18, 126, , , , , 
2016/1/19, 144, 5, 3, 6, 13, 
2016/1/20, 156, 11, , 6, 10, 
2016/1/21, 197, 10, , 6, 13, 
2016/1/22, 191, 10, , 6, 11, 
2016/1/23, 104, 20, , 6, 5, 
2016/1/24, 90, 28, , 6, 2, 
2016/1/25, 127, 15, 5, 6, 5, 
2016/1/26, 147, 14, , 6, 4, 
2016/1/27, 137, 17, 1, 6, 8, 
2016/1/28, 151, 14, , 6, 12, 
2016/1/29, 181, , , , , 
2016/1/30, 180, , , , , 
2016/1/31, 135, , , , , 
2016/2/1, 119, , , , , 
2016/2/2, 75, , , , , 
2016/2/3, 118, , , , , 
2016/2/4, 167, , , , , 
2016/2/5, 163, , , , , 
2016/2/6, 165, , , , , 
2016/2/7, 165, , , , , 
2016/2/8, 180, , , , , 
2016/2/9, 200, , , , , 
2016/2/10, 143, , , , , 
2016/2/11, 137, , , , , 
2016/2/12, 131, , , , , 
2016/2/13, 149, , , , , 
2016/2/14, 159, , , , , 
2016/2/15, 172, , , , , 
2016/2/16, 105, , , , , 
2016/2/17, 130, , , , , 
2016/2/18, 167, , , , , 
2016/2/19, 175, 18, 26, 6, 14, 
2016/2/20, 183, 12, 31, 6, 16, 
2016/2/21, 172, , , , , 
2016/2/22, 171, 16, 25, 6, 17, 
2016/2/23, 165, 15, 16, 6, 10, 
2016/2/24, 123, 19, 16, 6, 9, 
2016/2/25, 117, 14, 12, 7, 6, 
2016/2/26, 135, 12, 17, 6, 20, 
2016/2/27, 135, 19, 16, 7, 14, 
2016/2/28, 150, 30, 22, 7, 16, 
2016/2/29, 173, 29, 27, 7, 17, 
2016/3/1, 191, 40, 31, 7, 25, 
2016/3/2, 178, , , , , 
2016/3/3, 154, , , , , 
2016/3/4, 145, 2, 21, 7, 19, 
2016/3/7, 152, 20, 9, 7, 13, 
2016/3/8, 119, 74, 6, 7, 21, 
2016/3/9, 94, 54, 11, 7, 20, 
2016/3/10, 104, 14, 14, 7, 11, 
2016/3/11, 88, 19, 19, 7, 13, 
2016/3/12, 48, 14, 17, 7, 16, 
2016/3/13, 16, 19, 14, 7, 11, 
2016/3/14, 19, 16, 23, 7, 16, 
2016/3/15, 73, 19, 23, 7, 19, 
2016/3/16, 143, 18, 20, 7, 22, 
2016/3/17, 96, 17, 18, 7, 21, 
2016/3/19, 160, 60, 10, 7, 20, 
2016/3/20, 133, 4, 6, 7, 5, 
2016/3/21, 126, 52, 6, 7, 16, 
2016/3/22, 97, 67, 6, 7, 24, 
2016/3/23, 124, 23, 7, 7, 15, 
2016/3/24, 142, , , , , 
2016/3/25, 76, , , , , 
2016/3/26, 118, , , , , 
2016/3/27, 142, , , , , 
2016/3/28, 166, , , , , 
2016/3/29, 194, , , , , 
2016/3/30, 184, , , , , 
2016/3/31, 157, 3, 18, , 26, 
2016/4/1, 153, 15, 12, , 24, 
2015/12/28, 129, 9, 10, 5, 12, 
2015/12/29, 163, 7, 13, 5, 20, 
2015/12/30, 127, 10, 10, 5, 11, 
2015/12/31, 83, 13, 10, 5, 12, 
2023/3/18, , 3, 11, 8, , 
2023/3/19, , 3, 8, 8, , 
2023/3/20, , 3, 9, 8, , 
2022/10/3, , 2, 10, 8, , 
2022/10/4, , 2, 12, 8, , 
2022/10/5, , 2, 13, 8, , 
2022/10/6, , 2, 13, 8, , 
2022/10/7, , 2, 14, 8, , 
2022/10/8, , 2, 14, 8, , 
2022/10/9, , 2, 9, 8, , 
2022/10/10, , 3, 10, 8, , 
2022/10/11, , 5, 11, 8, , 
2022/10/12, , 7, 16, 8, , 
2022/10/13, , 8, 17, 8, , 
2022/10/14, , 8, 15, 8, , 
2022/10/15, , 9, 15, 8, , 
2022/10/16, , 7, 13, 8, , 
2022/10/17, , 8, 12, 8, , 
2022/10/18, , 10, 13, 8, , 
2022/10/19, , 5, 13, 8, , 
2022/10/20, , 3, 7, 8, , 
2022/10/21, , 1, 9, 8, , 
2022/10/22, , 3, 12, 8, , 
2022/10/23, , 4, 15, 8, , 
2022/10/24, , 7, 16, 8, , 
2022/10/25, , 5, 16, 8, , 
2022/4/2, , 9, 6, 6, , 
2022/4/3, , 9, 8, 6, , 
2022/4/4, , 9, 8, 6, , 
2022/4/5, , 8, 14, 8, , 
2022/4/6, , 10, 16, 8, , 
2022/4/7, , 14, 17, 7, , 
2022/4/8, , 11, 14, 8, , 
2022/4/9, , 14, 18, 9, , 
2022/4/10, , 8, 13, 7, , 
2022/4/11, , 5, 11, 6, , 
2022/4/12, , 2, 13, 6, , 
2022/4/13, , 2, 9, 6, , 
2022/4/14, , 6, 12, 7, , 
2022/4/15, , 3, 11, 6, , 
2022/4/16, , 3, 9, 6, , 
2022/4/17, , 2, 10, 6, , 
2022/4/18, , 1, 5, 6, , 
2022/4/19, , 2, 7, 6, , 
2022/4/20, , 7, 9, 7, , 
2022/4/21, , 7, 13, 8, , 
2022/4/22, , 6, 12, 8, , 
2022/4/23, , 3, 7, 7, , 
2022/4/24, , 3, 7, 7, , 
2022/4/25, , 3, 5, 7, , 
2022/4/26, , 3, 8, 7, , 
2022/4/27, , 2, 9, 7, , 
2022/4/28, , 2, 7, 7, , 
2022/4/29, , 2, 5, 7, , 
2022/4/30, , 2, 6, 7, , 
2022/5/1, , 2, 6, 7, , 
2022/5/2, , 2, 4, 6, , 
2022/5/3, , 3, 6, 7, , 
2022/5/4, , 3, 9, 6, , 
2022/5/5, , 5, 12, 6, , 
2022/5/6, , 5, 13, 6, , 
2022/5/7, , 4, 12, 7, , 
2022/5/8, , 2, 8, 6, , 
2022/3/24, , 2, 10, 6, , 
2022/3/25, , 2, 12, 6, , 
2022/3/26, , 7, 12, 6, , 
2022/3/27, , 3, 9, 6, , 
2022/3/30, , 2, 13, 6, , 
2022/3/31, , 4, 13, 6, , 
2022/4/1, , 7, 5, 6, , 
2021/10/29, , 8, 7, , , 
2020/1/1, , 1, 12, 2, , 
2019/10/5, , 5, 5, , , 
2019/10/6, , 8, 4, , , 
2019/10/7, , 10, 3, , , 
2019/10/28, , 5, , , , 
2019/11/12, , 18, , , , 
2019/11/13, , 6, , , , 
2019/7/2, , 10, 8, , , 
2019/7/3, , 10, 6, , , 
2019/7/4, , 6, 6, , , 
2019/7/5, , 5, 10, , , 
2019/7/6, , 7, 9, , , 
2019/7/7, , 10, 10, , , 
2019/7/8, , 10, 10, , , 
2019/7/9, , 8, 11, , , 
2019/7/10, , 16, 9, , , 
2019/7/11, , 8, 9, , , 
2019/7/12, , 4, 11, , , 
2019/7/13, , 5, 10, , , 
2019/7/14, , 5, 10, , , 
2019/7/15, , 4, 7, , , 
2019/7/16, , 5, 10, , , 
2019/7/17, , 175, 12, , , 
2019/7/18, , 70, 10, , , 
2019/7/19, , 6, 10, , , 
2019/7/20, , 7, 12, , , 
2019/7/21, , 5, 10, , , 
2019/7/22, , 4, 11, , , 
2019/7/23, , 21, 12, , , 
2019/7/24, , 7, 12, , , 
2019/7/25, , 11, 10, , , 
2019/7/26, , 7, 9, , , 
2019/7/29, , 6, 10, , , 
2019/7/30, , 6, 11, , , 
2019/7/31, , 12, 10, , , 
2019/8/1, , 13, 7, , , 
2019/8/2, , 5, 8, , , 
2019/8/3, , 6, 6, , , 
2019/8/4, , 6, 3, , , 
2019/8/5, , 7, 7, , , 
2019/8/11, , 5, 7, , , 
2019/8/21, , 9, 4, , , 
2019/9/24, , 22, 6, , , 
2019/5/4, , 5, 8, , , 
2019/5/5, , 6, 8, , , 
2019/5/6, , 28, 10, , , 
2019/5/7, , 9, 9, 13, , 
2019/5/8, , 22, 6, 13, , 
2019/5/9, , 10, 6, , , 
2019/5/10, , 2, 7, , , 
2019/5/11, , 10, 9, , , 
2019/6/27, , 7, 15, , , 
2019/6/28, , 10, 12, , , 
2019/6/29, , 20, 12, , , 
2019/6/30, , 13, 7, , , 
2019/7/1, , 9, 9, , , 
2017/4/29, , 20, 30, 14, , 
2017/4/30, , 16, 22, 12, , 
2017/5/1, , 12, 16, 11, , 
2017/5/2, , 8, 15, 11, , 
2017/5/3, , 9, 17, 12, , 
2017/1/2, , 23, 7, 12, 71, 
2016/11/24, , 24, 5, 11, 24, 
2016/11/25, , 22, 8, 13, 29, 
2016/7/2, , 8, 2, 12, 16, 
2016/7/3, , 8, 3, 13, 17, 
2016/7/1, , 8, 2, 12, 17, 
2016/1/4, , 17, 20, 6, 23, 
2016/3/5, , 4, 14, 7, 25, 
2016/3/6, , 22, 13, 7, 14, 
2016/3/18, , 50, 12, 7, 21, 
2015/10/2, , 138, 36, 8, 19, 153
2015/10/3, , 92, 32, 4, 19, 153
2015/10/4, , 134, 18, 4, 10, 
2015/10/5, , 116, 18, , 10, 
2015/10/6, , 70, 30, , 14, 115
2015/10/14, , 33, 35, , , 
2015/10/15, , 92, 21, 2, 36, 154
2015/10/16, , 89, 23, 2, 22, 169
2015/10/17, , 130, 22, 5, 19, 170
2015/10/18, , 131, 22, 2, 17, 
2015/10/19, , 162, 23, 9, 20, 
2015/10/20, , 143, 25, , 23, 
2015/10/21, , 168, 25, 5, 24, 212
2015/10/22, , 158, 27, 10, 28, 196
2015/10/23, , 134, 34, 10, 27, 187
2015/10/24, , 145, 30, 7, 21, 
2015/10/25, , 94, 26, 5, 24, 
2015/10/26, , 121, 24, 6, 22, 
2015/10/27, , 131, 21, 2, 23, 199
2015/10/28, , 160, 16, 3, 21, 171
2015/10/29, , 136, 14, 3, 19, 163
2015/10/30, , 141, 10, , 17, 
2015/10/31, , 134, 11, , 23, 
2015/11/1, , 145, 10, , 18, 
2015/11/2, , 36, 7, , 6, 
2015/11/3, , 68, 19, , 16, 72
2015/11/4, , 92, 27, , 20, 154
2015/11/5, , 112, 23, , 23, 171
2015/11/6, , 97, 19, , 22, 
2015/11/7, , 121, 14, 2, 25, 
2015/11/8, , 148, 7, 1, 24, 
2015/11/9, , 169, 6, , 21, 
2015/11/10, , 164, 6, , 29, 
2015/11/11, , 151, 8, , 26, 
2015/11/12, , 125, 10, , 27, 
2015/11/13, , 154, 5, 6, 13, 
2015/11/14, , 51, 7, 10, 13, 
2015/11/15, , 58, 6, 5, 22, 
2015/11/16, , 123, 5, 5, 17, 
2015/11/17, , 69, 7, 5, 10, 
2015/11/18, , 117, 6, 5, 11, 
2015/11/24, , 33, 19, 5, 40, 
2015/11/25, , 38, 14, 5, 29, 160
2015/11/26, , 34, 14, 5, 22, 
2015/11/27, , 15, 15, 5, 16, 
2015/11/28, , 17, 20, 5, 17, 112
2015/11/29, , 12, 16, 5, 16, 
2015/11/30, , 12, 12, 5, 12, 
2015/12/1, , 7, 13, 5, 20, 
2015/12/2, , 23, 11, 5, 18, 163
2015/12/3, , 56, 11, 5, 21, 153
2015/12/4, , 18, 8, 5, 13, 147
2015/12/5, , 13, 7, 5, 7, 112
2015/12/22, , 5, 36, 5, 40, 
2015/12/23, , 23, 24, 5, 26, 
2015/12/24, , 16, 15, 5, 21, 
2015/12/25, , 23, 13, 5, 23, 
2015/12/26, , 18, 12, 6, 10, 
2015/12/27, , 11, 11, 5, 11, 
2015/7/2, , 15, 28, 32, 15, 
2015/7/3, , 15, 34, 34, 15, 
2015/7/4, , 12, 23, 29, 9, 
2015/7/5, , 13, 19, 24, 8, 
2015/7/6, , 22, 22, 24, 9, 82
2015/7/7, , 26, 31, 25, 13, 93
2015/7/8, , 21, 33, 27, 15, 170
2015/7/9, , 20, 30, 26, 13, 149
2015/7/10, , 17, 27, 26, 11, 
2015/7/11, , 14, 24, 26, 13, 
2015/7/12, , 13, 23, 38, 11, 
2015/7/13, , 19, 18, 61, 11, 144
2015/7/14, , 11, 20, 47, 14, 153
2015/7/15, , 20, 15, 26, 17, 153
2015/7/16, , 5, 8, 25, 11, 157
2015/7/17, , 5, 9, 24, 9, 70
2015/7/18, , 5, 11, 25, 10, 
2015/7/19, , 5, 12, 25, 11, 
2015/7/20, , 5, 6, 24, 12, 147
2015/7/21, , 5, , , , 119
2015/7/23, , 5, 9, 25, 14, 61
2015/7/24, , 5, 10, 25, 13, 63
2015/7/25, , 8, 9, 25, 12, 
2015/7/26, , 5, 11, 25, 11, 
2015/7/27, , 6, 10, 25, 14, 80
2015/7/28, , 4, 13, 25, 13, 74
2015/7/29, , 3, 9, 26, 12, 74
2015/7/30, , 10, 18, 26, 12, 68
2015/7/31, , 8, 14, 26, 14, 105
2015/8/1, , 8, 11, 27, 12, 
2015/8/2, , 15, 10, 27, 9, 
2015/8/3, , 19, 12, 26, 10, 
2015/8/4, , 12, 14, 26, 14, 80
2015/8/5, , 10, 15, 26, 15, 
2015/8/6, , 9, 14, 25, 15, 78
2015/8/7, , 6, 22, 26, 16, 89
2015/8/8, , 6, 21, 27, 17, 
2015/8/9, , 5, 16, 27, 15, 
2015/8/10, , 5, 18, 28, 14, 167
2015/8/11, , 6, 30, 28, 18, 168
2015/8/12, , 16, 27, 21, 16, 152
2015/8/13, , 20, 27, 11, 21, 99
2015/8/14, , 23, 27, 11, 18, 107
2015/8/15, , 20, 23, 11, 14, 
2015/8/16, , 16, 21, 11, 12, 
2015/8/17, , 16, 21, 12, 16, 82
2015/8/18, , 15, 30, 11, 18, 178
2015/8/19, , 15, 23, 9, 17, 174
2015/8/20, , 18, 16, 10, 7, 82
2015/8/21, , 18, 24, 11, 12, 74
2015/8/22, , 16, 30, 12, 16, 
2015/8/23, , 18, 31, 15, 16, 
2015/8/24, , 20, 37, 13, 21, 156
2015/8/25, , 36, 30, 12, 18, 149
2015/8/26, , 20, 32, 11, 16, 124
2015/8/27, , 14, 23, 9, 13, 119
2015/8/28, , 13, , , , 
2015/9/1, , 13, 21, 13, 13, 112
2015/9/2, , 13, 19, 11, 12, 
2015/9/3, , 13, 25, 9, 23, 93
2015/9/4, , 13, 21, 10, 21, 84
2015/9/5, , 13, 20, 10, 13, 
2015/9/6, , 13, 19, 10, 13, 
2015/9/7, , 401, 23, 11, 18, 
2015/9/8, , 500, 30, 10, 23, 137
2015/9/10, , 84, 26, 12, 18, 
2015/9/11, , 64, 33, 12, 19, 
2015/9/12, , 241, 26, 14, 15, 
2015/9/13, , 193, 20, 13, 8, 
2015/9/14, , 56, 22, 12, 9, 84
2015/9/15, , 25, 23, 12, 11, 142
2015/9/16, , 14, 32, 13, 17, 156
2015/9/17, , 13, 24, 12, 17, 157
2015/9/18, , 13, 24, 11, 25, 99
2015/9/19, , 13, 27, 15, 19, 
2015/9/20, , 13, 26, 11, 16, 
2015/9/21, , 13, 27, 12, 26, 107
2015/9/22, , 28, 24, 11, 25, 153
2015/9/23, , 104, 16, 15, 26, 87
2015/9/24, , 47, 31, 13, 17, 155
2015/9/25, , 8, 27, 12, 20, 80
2015/9/26, , 17, 25, 11, 26, 
2015/9/27, , 46, 30, 12, 22, 
2015/9/28, , 32, 35, 12, 23, 139
2015/9/29, , 48, 30, 12, 17, 149
2015/9/30, , 122, 35, 14, 16, 162
2015/10/1, , 120, 29, 16, 15, 158
2015/4/2, , 33, 24, 4, 18, 
2015/4/3, , 29, 27, 6, 18, 
2015/4/4, , 32, 20, 5, 13, 
2015/4/5, , 26, 14, 3, 9, 
2015/4/6, , 78, 13, 4, 15, 
2015/4/7, , 42, 18, 4, 20, 
2015/4/8, , 68, 18, 3, 14, 
2015/4/9, , 27, 20, 4, 15, 
2015/4/10, , 20, 16, 3, 11, 
2015/4/11, , 16, 25, 5, 13, 
2015/4/12, , 20, 22, 4, 13, 
2015/4/13, , 21, 31, 5, 13, 
2015/4/14, , 37, 38, 5, 14, 
2015/4/15, , 26, 28, 4, 10, 
2015/4/16, , 19, 34, 5, 20, 
2015/4/17, , 23, 24, 4, 12, 
2015/4/18, , 48, 26, 4, 16, 
2015/4/19, , 34, 31, 5, 17, 
2015/4/20, , 33, 31, 5, 16, 
2015/4/21, , 27, 38, 15, 17, 
2015/4/22, , 28, 29, 52, 12, 
2015/4/23, , 24, 28, 48, 13, 
2015/4/24, , 23, 28, 41, 11, 
2015/4/25, , 26, 28, 38, 14, 
2015/4/26, , 28, 34, 37, 12, 
2015/4/27, , 22, 42, 36, 18, 162
2015/4/28, , 48, 29, 32, 12, 
2015/4/29, , 32, 26, 31, 12, 127
2015/4/30, , 31, 8, 27, 3, 
2015/5/1, , 16, 21, 25, 9, 
2015/5/2, , 12, 27, 28, 11, 
2015/5/3, , 23, 26, 27, 11, 
2015/5/4, , 24, 28, 28, 16, 
2015/5/5, , 16, 27, 28, 16, 91
2015/5/6, , 15, 30, 28, 17, 119
2015/5/7, , 21, 24, 27, 15, 137
2015/5/8, , 19, 31, 28, 16, 124
2015/5/9, , 19, 27, 26, 13, 
2015/5/10, , 22, , , , 
2015/5/12, , 16, 31, 25, 16, 
2015/5/13, , 48, 26, 25, 11, 
2015/5/14, , 19, 23, 26, 10, 92
2015/5/15, , 20, 28, 25, 14, 89
2015/5/16, , 15, 23, 26, 11, 
2015/5/17, , 30, 30, 25, 13, 
2015/5/18, , 28, 33, 27, 17, 87
2015/5/19, , 22, 37, 26, 17, 95
2015/5/20, , 17, 29, 26, 15, 129
2015/5/21, , 23, 23, 23, 13, 100
2015/5/22, , 21, 32, 25, 17, 106
2015/5/23, , 20, 31, 29, 12, 
2015/5/24, , 27, 20, 25, 9, 
2015/5/25, , 28, 23, 23, 17, 
2015/5/26, , 28, , , , 107
2015/5/29, , 14, 31, 34, 14, 112
2015/5/30, , 13, 38, 33, 16, 
2015/5/31, , 16, 32, 30, 13, 
2015/6/1, , 12, 35, 29, 14, 
2015/6/2, , 16, 34, 27, 14, 88
2015/6/3, , 18, 31, 28, 14, 102
2015/6/4, , 26, 38, 27, 15, 139
2015/6/5, , 19, 20, 26, 12, 115
2015/6/6, , 32, 35, 26, 15, 
2015/6/7, , 40, 20, 25, 16, 
2015/6/8, , 19, 52, 29, 32, 102
2015/6/9, , 25, 31, 27, 18, 
2015/6/10, , 13, 12, 26, 14, 62
2015/6/11, , 6, 7, 23, 11, 154
2015/6/12, , 6, 14, 24, 11, 147
2015/6/13, , 6, 12, 25, 10, 
2015/6/14, , 7, 7, 23, 9, 
2015/6/15, , 7, 10, 24, 11, 99
2015/6/16, , 5, 15, 25, 12, 147
2015/6/17, , 31, 29, 27, 11, 127
2015/6/18, , 19, 19, 28, 14, 129
2015/6/19, , 14, 22, 28, 15, 152
2015/6/20, , 19, 21, 27, 17, 
2015/6/21, , 23, 10, 27, 13, 
2015/6/22, , 16, 1, 26, 11, 97
2015/6/23, , 21, 19, 26, 10, 97
2015/6/24, , 21, 7, 26, 5, 84
2015/6/25, , 86, 18, 24, 12, 42
2015/6/26, , 21, 26, 28, 13, 68
2015/6/27, , 15, 26, 29, 11, 
2015/6/28, , 15, 23, 29, 9, 
2015/6/29, , 15, 28, 30, 15, 72
2015/6/30, , 12, 29, 31, 15, 76
2015/7/1, , 13, 25, 33, 13, 29
2015/1/2, , 8, 36, 14, 17, 
2015/1/3, , 5, 35, 19, 18, 
2015/1/4, , 4, 29, 5, 17, 
2015/1/5, , 4, 24, 2, 24, 
2015/1/6, , 10, 22, 8, 29, 
2015/1/7, , 15, 14, 3, 16, 
2015/1/8, , 13, 8, 3, 11, 
2015/1/9, , 4, 9, 4, 13, 
2015/1/10, , 4, 6, , 8, 
2015/1/11, , 5, 7, , 6, 
2015/1/12, , 6, 10, 2, 12, 
2015/1/13, , 6, 14, 5, 20, 
2015/1/14, , 5, 17, 7, 25, 
2015/1/15, , 5, 22, 7, 27, 
2015/1/16, , 5, 20, 9, 18, 
2015/1/17, , 8, 18, 5, 16, 
2015/1/18, , 5, 23, 8, 19, 
2015/1/19, , 8, 44, 8, 33, 
2015/1/20, , 7, 28, 5, 23, 
2015/1/21, , 7, 24, 2, 27, 
2015/1/22, , 11, 26, 1, 20, 
2015/1/23, , 13, 23, , 13, 
2015/1/24, , 8, 23, , 12, 
2015/1/25, , 11, 24, 1, 12, 
2015/1/26, , 8, 23, , 14, 
2015/1/27, , 11, 22, 1, 12, 
2015/1/28, , 7, 18, , 10, 
2015/1/29, , 15, 19, , 12, 
2015/1/30, , 27, 18, 1, 21, 
2015/1/31, , 13, 7, , 16, 
2015/2/1, , 7, 5, , 11, 
2015/2/2, , 6, 7, , 14, 
2015/2/3, , 7, 15, , 28, 
2015/2/4, , 15, 7, , 25, 
2015/2/5, , 8, 6, , 11, 
2015/2/6, , 7, 11, , 15, 
2015/2/7, , 7, 9, , 18, 
2015/2/8, , 7, 14, , 14, 
2015/2/9, , 11, 13, 1, 25, 
2015/2/10, , 7, 20, 3, 29, 
2015/2/11, , 24, 10, , 21, 
2015/2/12, , 7, 25, 2, 19, 
2015/2/13, , 18, 28, 3, 22, 
2015/2/14, , 21, 10, 1, 26, 
2015/2/15, , 9, 15, 2, 20, 
2015/2/16, , 24, 20, 4, 21, 
2015/2/17, , 48, , , , 
2015/2/19, , 18, 11, 2, 7, 
2015/2/20, , 46, 11, 1, 6, 
2015/2/21, , 45, 12, 1, 6, 
2015/2/22, , 38, 12, 2, 8, 
2015/2/23, , 48, 14, 2, 9, 
2015/2/24, , 42, 12, 2, 11, 
2015/2/25, , 39, 7, 1, 1, 
2015/2/26, , 37, , , , 
2015/2/28, , 40, 12, 1, 9, 
2015/3/1, , 38, 15, 2, 15, 
2015/3/2, , 29, 13, 2, 12, 
2015/3/3, , 21, 18, 2, 15, 
2015/3/4, , 31, 24, 4, 27, 
2015/3/5, , 19, 18, 3, 25, 
2015/3/6, , 21, 8, 1, 14, 
2015/3/7, , 34, 5, 1, 11, 
2015/3/8, , 22, 12, 2, 18, 
2015/3/9, , 31, 15, 3, 26, 
2015/3/10, , 32, 14, 3, 18, 
2015/3/11, , 46, 12, 2, 20, 
2015/3/12, , 31, 11, 2, 15, 
2015/3/13, , 22, 16, 3, 25, 
2015/3/14, , 27, 15, 3, 19, 
2015/3/15, , 29, 16, 3, 19, 
2015/3/16, , 38, 14, 3, 16, 
2015/3/17, , 48, 20, 4, 18, 
2015/3/18, , 46, 22, 4, 18, 
2015/3/19, , 41, 21, 4, 19, 
2015/3/20, , 43, 18, 3, 20, 
2015/3/21, , 55, 19, 4, 18, 
2015/3/22, , 40, 22, 4, 17, 
2015/3/23, , 33, 25, 4, 23, 
2015/3/24, , 38, 18, 2, 13, 
2015/3/25, , 28, 18, 3, 14, 
2015/3/26, , 26, 22, 4, 21, 
2015/3/27, , 31, 29, 4, 25, 
2015/3/28, , 37, 26, 4, 16, 
2015/3/29, , 31, 9, 2, 3, 
2015/3/30, , 19, 14, 3, 11, 
2015/3/31, , 60, 16, 3, 9, 
2015/4/1, , 87, 17, 3, 11, 
2014/10/2, , 5, 28, , 24, 
2014/10/3, , 17, 32, , 25, 
2014/10/4, , 14, 25, , 22, 
2014/10/5, , 16, 12, , 9, 
2014/10/6, , 5, 20, , 12, 
2014/10/7, , 35, 33, , 19, 
2014/10/8, , 25, 32, , 23, 
2014/10/9, , 31, 34, , 22, 
2014/10/10, , 31, 37, , 30, 
2014/10/11, , 38, 26, , 22, 
2014/10/12, , 30, , , , 
2014/10/14, , 25, 38, , 20, 
2014/10/15, , 28, 33, , 19, 
2014/10/16, , 29, 39, , 25, 
2014/10/17, , 27, 32, , 31, 
2014/10/18, , 15, 29, , 21, 
2014/10/19, , 15, 29, , 20, 
2014/10/20, , 14, 26, , 23, 
2014/10/21, , 12, 26, , 26, 
2014/10/22, , 15, 15, , 14, 
2014/10/23, , 6, 20, , 17, 
2014/10/24, , 9, 24, , 18, 
2014/10/25, , 10, 15, , 17, 
2014/10/26, , 11, , , , 
2014/10/29, , 14, 15, , 18, 
2014/10/30, , 4, 14, , 20, 
2014/10/31, , 8, 15, , 23, 
2014/11/1, , 4, 14, , 19, 
2014/11/2, , 4, 13, , 13, 
2014/11/3, , 5, 17, , 12, 
2014/11/4, , 5, 26, , 18, 
2014/11/5, , 12, 31, , 27, 
2014/11/6, , 18, 14, , 17, 
2014/11/7, , 10, 11, , 12, 
2014/11/8, , 3, 14, , 11, 
2014/11/9, , 3, 14, , 13, 
2014/11/10, , 2, 13, , 22, 
2014/11/11, , 19, 11, , 16, 
2014/11/12, , 17, 14, , 12, 
2014/11/13, , 9, 17, , 12, 
2014/11/14, , 23, 24, , 14, 
2014/11/15, , 27, 27, , 17, 
2014/11/16, , 15, 15, , 12, 
2014/11/17, , 21, 17, , 13, 
2014/11/18, , 15, 16, , 12, 
2014/11/19, , 17, 20, , 17, 
2014/11/20, , 30, 31, , 19, 
2014/11/21, , 27, 36, , 24, 
2014/11/22, , 20, 26, , 18, 
2014/11/23, , 24, 25, , 17, 
2014/11/24, , 43, 23, , 21, 
2014/11/25, , 67, 24, , 17, 
2014/11/26, , 73, 19, , 14, 
2014/11/27, , 189, 18, , 19, 
2014/11/28, , 189, 16, , 16, 
2014/11/29, , 185, 14, , 10, 
2014/11/30, , 196, 18, , 16, 
2014/12/1, , 181, 21, , 17, 
2014/12/2, , 118, 15, , 14, 
2014/12/3, , 20, 15, , 15, 
2014/12/4, , 10, 17, , 14, 
2014/12/5, , 9, 23, , 14, 
2014/12/6, , 12, 25, , 15, 
2014/12/7, , 11, 13, , 9, 
2014/12/8, , 11, 24, , 12, 
2014/12/9, , 15, 31, , 21, 
2014/12/10, , 8, 16, , 13, 
2014/12/11, , 9, 17, , 12, 
2014/12/12, , 9, 14, , 11, 
2014/12/13, , 9, 22, , 15, 
2014/12/14, , 10, 31, , 16, 
2014/12/15, , 10, 30, , 18, 
2014/12/16, , 10, 21, , 11, 
2014/12/17, , 10, 20, , 13, 
2014/12/18, , 10, 27, , 26, 
2014/12/19, , 10, 30, , 37, 
2014/12/20, , 10, 31, , 23, 
2014/12/21, , 10, 21, , 14, 
2014/12/22, , 10, 23, , 17, 
2014/12/23, , 10, 35, , 23, 
2014/12/24, , 10, 43, , 31, 
2014/12/25, , 10, 39, , 31, 
2014/12/26, , 11, 25, , 27, 
2014/12/27, , 11, 15, 4, 14, 
2014/12/28, , 10, , , , 
2014/7/2, , 6, 25, 6, 21, 
2014/7/3, , 6, 24, 6, 19, 
2014/7/4, , 6, 26, 7, 17, 
2014/7/5, , 6, 23, 7, 19, 
2014/7/6, , 6, 27, 7, 20, 
2014/7/7, , 6, 27, 7, 20, 
2014/7/8, , 6, 21, 7, 15, 
2014/7/9, , 18, 26, 8, 21, 
2014/7/10, , 4, 21, 8, 19, 
2014/7/11, , 14, 24, 8, 23, 
2014/7/12, , 3, 16, 10, 17, 
2014/7/13, , 2, 7, 9, 10, 
2014/7/14, , 2, , , , 
2014/7/17, , 1, 26, 8, 27, 
2014/7/18, , 2, 14, 9, 11, 
2014/7/19, , 22, 12, 8, 9, 
2014/7/20, , 6, 16, 8, 14, 
2014/7/21, , 3, 24, 8, 23, 
2014/7/22, , 2, 34, 9, 21, 
2014/7/23, , 12, 21, 9, 17, 
2014/7/24, , 30, 29, 9, 20, 
2014/7/25, , 26, 10, 8, 7, 
2014/7/26, , 3, , , , 
2014/7/29, , 5, 23, 9, 18, 
2014/7/30, , 13, 20, 9, 16, 
2014/7/31, , 8, 30, 9, 21, 
2014/8/1, , 9, 26, 9, 21, 
2014/8/2, , 3, 23, 9, 16, 
2014/8/3, , 13, 19, 9, 11, 
2014/8/4, , 20, 23, 9, 17, 
2014/8/5, , 17, 20, 9, 20, 
2014/8/6, , 2, 24, 8, 22, 
2014/8/7, , 2, 27, 9, 29, 
2014/8/8, , 2, 27, 10, 21, 
2014/8/9, , 4, 25, 9, 21, 
2014/8/10, , 5, 10, 10, 18, 
2014/8/11, , 6, 19, 11, 19, 
2014/8/12, , 3, 18, 11, 15, 
2014/8/13, , 25, 15, 9, 10, 
2014/8/14, , 15, 19, 9, 13, 
2014/8/15, , 24, 20, 10, 14, 
2014/8/16, , 5, 25, 11, 20, 
2014/8/17, , 6, , , , 
2014/8/19, , 4, 17, 9, 17, 
2014/8/20, , 4, 23, 10, 18, 
2014/8/21, , 15, 42, 14, 29, 
2014/8/22, , 7, 23, 10, 24, 
2014/8/23, , 3, 21, 11, 17, 
2014/8/24, , 3, 21, 12, 21, 
2014/8/25, , 3, 23, 11, 21, 
2014/8/26, , 2, 18, 11, 18, 
2014/8/27, , 4, 17, 11, 14, 
2014/8/28, , 9, 12, 11, 9, 
2014/8/29, , 11, 16, 9, 16, 
2014/8/30, , 6, 21, 11, 13, 
2014/8/31, , 9, 21, 11, 18, 
2014/9/1, , 24, 16, 11, 13, 
2014/9/2, , 4, 20, 10, 21, 
2014/9/3, , 3, 23, 11, 22, 
2014/9/4, , 3, 30, 13, 24, 
2014/9/5, , 5, 25, 13, 25, 
2014/9/6, , 3, 23, 12, 23, 
2014/9/7, , 3, 24, 12, 18, 
2014/9/8, , 37, 33, 12, 26, 
2014/9/9, , 19, 29, , 22, 
2014/9/10, , 15, 21, , 20, 
2014/9/11, , 4, 23, , 21, 
2014/9/12, , 3, 24, , 23, 
2014/9/13, , 3, 26, , 20, 
2014/9/14, , 8, 25, , 17, 
2014/9/15, , 13, 22, , 15, 
2014/9/16, , 19, 11, , 10, 
2014/9/17, , 27, 11, , 11, 
2014/9/18, , 19, 18, , 21, 
2014/9/19, , 4, 26, , 26, 
2014/9/20, , 5, 20, , 19, 
2014/9/21, , 4, 22, , 15, 
2014/9/22, , 18, 18, , 13, 
2014/9/23, , 10, 43, , , 
2014/9/24, , 40, 29, , , 
2014/9/25, , 20, , , 28, 
2014/9/26, , 42, 52, , 25, 
2014/9/27, , 3, 26, , 23, 
2014/9/28, , 2, 18, , 18, 
2014/9/29, , 2, 17, , 25, 
2014/9/30, , 2, 24, , 19, 
2014/10/1, , 7, 29, , 24, 
2014/4/2, , 6, 30, 2, 26, 
2014/4/3, , 6, 26, 5, 28, 
2014/4/4, , 4, 30, 8, 26, 
2014/4/5, , 12, 35, 7, 30, 
2014/4/6, , 5, 31, 7, 20, 
2014/4/7, , 17, 36, 7, 23, 
2014/4/8, , 10, 30, 12, 26, 
2014/4/9, , 9, 25, 13, 20, 
2014/4/10, , 8, 21, 13, 22, 
2014/4/11, , 5, 19, 13, 23, 
2014/4/12, , 3, 19, 14, 22, 
2014/4/13, , 2, 19, 14, 20, 
2014/4/14, , 1, 22, 15, 28, 
2014/4/15, , 1, 16, 14, 20, 
2014/4/16, , 1, 17, 14, 19, 
2014/4/17, , 2, 21, 15, 24, 
2014/4/18, , 4, 21, 15, 25, 
2014/4/19, , 3, 18, 16, 23, 
2014/4/20, , 1, 20, 15, 24, 
2014/4/21, , 1, 15, 15, 21, 
2014/4/22, , 1, 18, 16, 30, 
2014/4/23, , 1, 15, 16, 26, 
2014/4/24, , 1, 19, 16, 27, 
2014/4/25, , 1, 21, 16, 27, 
2014/4/26, , 2, 25, 16, 21, 
2014/4/27, , 4, 14, 14, 16, 
2014/4/28, , 15, 15, 11, 25, 
2014/4/29, , 6, 17, 7, 23, 
2014/4/30, , 8, 14, 6, 12, 
2014/5/1, , 19, 14, 6, 15, 
2014/5/2, , 31, 17, 7, 16, 
2014/5/3, , 36, 18, 6, 19, 
2014/5/4, , 11, 16, 6, 15, 
2014/5/5, , 25, 15, 6, 13, 
2014/5/6, , 31, 20, 8, 16, 
2014/5/7, , 29, 23, 10, 28, 
2014/5/8, , 12, 22, 6, 27, 
2014/5/9, , 12, 26, 7, 21, 
2014/5/10, , 26, 23, 7, 16, 
2014/5/11, , 26, 24, 8, 14, 
2014/5/12, , 70, 31, 8, 24, 
2014/5/13, , 13, 29, 7, 19, 
2014/5/14, , 23, 31, 8, 17, 
2014/5/15, , 39, 26, 8, 15, 
2014/5/16, , 34, 31, 7, 23, 
2014/5/17, , 7, 27, 9, 17, 
2014/5/18, , 12, 16, 6, 12, 
2014/5/19, , 13, 33, 10, 27, 
2014/5/20, , 30, 21, 6, 19, 
2014/5/21, , 9, 19, 7, 16, 
2014/5/22, , 14, 23, 7, 16, 
2014/5/23, , 17, 25, 7, 15, 
2014/5/24, , 18, 21, 6, 14, 
2014/5/25, , 23, 17, 6, 12, 
2014/5/26, , 9, 20, 6, 23, 
2014/5/27, , 12, 23, 6, 22, 
2014/5/28, , 7, 29, 7, 24, 
2014/5/29, , 12, 16, 5, 23, 
2014/5/30, , 5, 20, 6, 20, 
2014/5/31, , 7, 17, 7, 16, 
2014/6/1, , 10, 5, 6, 14, 
2014/6/2, , 9, 17, 6, 15, 
2014/6/3, , 22, 23, 6, 17, 
2014/6/4, , 13, 18, 6, 19, 
2014/6/5, , 15, 24, 6, 23, 
2014/6/6, , 25, 26, 7, 21, 
2014/6/7, , 25, 20, 6, 12, 
2014/6/8, , 37, 18, 6, 13, 
2014/6/9, , 37, 29, 7, 20, 
2014/6/10, , 33, 27, 7, 21, 
2014/6/11, , 17, , , , 
2014/6/19, , 7, 32, 6, 26, 
2014/6/20, , 5, 22, 6, 20, 
2014/6/21, , 11, 27, 6, 19, 
2014/6/22, , 30, 16, 6, 15, 
2014/6/23, , 7, 31, 6, 30, 
2014/6/24, , 21, 37, 6, 26, 
2014/6/25, , 9, 33, 6, 26, 
2014/6/26, , 4, 22, 6, 18, 
2014/6/27, , 17, 26, 6, 18, 
2014/6/28, , 15, 24, 6, 16, 
2014/6/29, , 10, 28, 6, 17, 
2014/6/30, , 6, 21, 6, 17, 
2014/7/1, , 6, 22, 6, 20, 
2014/1/3, , 22, 39, 8, 43, 
2014/1/4, , 69, 25, 12, 28, 
2014/1/5, , 24, , , , 
2014/1/7, , 65, 30, 3, 27, 
2014/1/8, , 46, 28, 10, 27, 
2014/1/9, , 20, 23, 7, 22, 
2014/1/10, , 29, 32, 12, 32, 
2014/1/11, , 21, 20, 6, 25, 
2014/1/12, , 17, 17, 5, 20, 
2014/1/13, , 19, 17, 6, 17, 
2014/1/14, , 32, 27, 9, 21, 
2014/1/15, , 93, 35, 11, 22, 
2014/1/16, , 96, 37, 10, 23, 
2014/1/17, , 104, 29, 6, 28, 
2014/1/18, , 54, 36, 9, 31, 
2014/1/19, , 65, 35, 16, 28, 
2014/1/20, , 66, , , , 
2014/1/23, , 55, 47, 10, 30, 
2014/1/24, , 33, 34, 2, 24, 
2014/1/25, , 35, 31, 3, 26, 
2014/1/26, , 19, 29, 5, 26, 
2014/1/27, , 17, 34, 4, 29, 
2014/1/28, , 23, 29, 3, 24, 
2014/1/29, , 23, 28, 3, 25, 
2014/1/30, , 18, 22, 3, 23, 
2014/1/31, , 27, 15, 2, 16, 
2014/2/1, , 34, 16, 2, 13, 
2014/2/2, , 21, 18, 2, 14, 
2014/2/3, , 20, 20, 2, 14, 
2014/2/4, , 20, 17, 2, 13, 
2014/2/5, , 23, 15, 2, 14, 
2014/2/6, , 17, 17, 2, 18, 
2014/2/7, , 19, 17, 2, 20, 
2014/2/8, , 15, 16, 2, 19, 
2014/2/9, , 10, 14, 2, 17, 
2014/2/10, , 12, 15, 1, 15, 
2014/2/11, , 19, 14, 1, 14, 
2014/2/12, , 23, 27, 1, 23, 
2014/2/13, , 14, 18, 4, 16, 
2014/2/14, , 25, 27, 7, 18, 
2014/2/15, , 29, 37, 8, 24, 
2014/2/16, , 18, 24, 3, 21, 
2014/2/17, , 20, 26, 1, 31, 
2014/2/18, , 13, 16, 1, 30, 
2014/2/19, , 14, 18, 2, 19, 
2014/2/20, , 24, 28, 2, 19, 
2014/2/21, , 36, 38, 4, 27, 
2014/2/22, , 17, 26, 4, 26, 
2014/2/23, , 8, 21, 3, 28, 
2014/2/24, , 3, 29, 2, 27, 
2014/2/25, , 9, 27, 1, 25, 
2014/2/26, , 8, 27, 2, 22, 
2014/2/27, , 1, 30, 2, 30, 
2014/2/28, , 3, 22, 1, 25, 
2014/3/1, , 10, 17, , 14, 
2014/3/2, , 3, 30, 2, 26, 
2014/3/3, , 5, 25, 2, 30, 
2014/3/4, , 7, 21, 2, 25, 
2014/3/5, , 4, 23, 2, 26, 
2014/3/6, , 6, 28, 2, 36, 
2014/3/7, , 3, 18, 2, 29, 
2014/3/8, , 1, 16, 2, 25, 
2014/3/9, , 1, 16, 1, 15, 
2014/3/10, , 4, 17, 1, 17, 
2014/3/11, , 2, 22, 2, 26, 
2014/3/12, , 2, 25, 2, 29, 
2014/3/13, , 4, 19, 2, 24, 
2014/3/14, , 7, 26, 2, 18, 
2014/3/15, , 11, 34, 3, 22, 
2014/3/16, , 11, 25, 2, 19, 
2014/3/17, , 8, 27, 4, 33, 
2014/3/18, , 1, 21, 2, 23, 
2014/3/19, , 2, 27, 2, 30, 
2014/3/20, , 1, 26, 2, 28, 
2014/3/21, , 2, 19, 1, 12, 
2014/3/22, , 16, 22, 1, 14, 
2014/3/23, , 7, 19, 1, 22, 
2014/3/24, , 3, 30, 2, 22, 
2014/3/25, , 9, 28, 2, 19, 
2014/3/26, , 14, 28, 2, 23, 
2014/3/27, , 7, 25, 2, 23, 
2014/3/28, , 4, 20, 2, 23, 
2014/3/29, , 4, 19, 2, 25, 
2014/3/30, , 1, 24, 2, 21, 
2014/3/31, , 5, 30, 2, 23, 
2014/4/1, , 11, 33, 2, 28, 
2019/8/6, , , 9, , , 
2019/8/7, , , 8, , , 
2019/8/8, , , 12, , , 
2019/8/9, , , 9, , , 
2019/8/10, , , 8, , , 
2019/8/12, , , 7, , , 
2019/8/13, , , 3, , , 
2019/8/14, , , 4, , , 
2019/8/15, , , 4, , , 
2019/8/16, , , 3, , , 
2019/8/17, , , 4, , , 
2019/8/18, , , 3, , , 
2019/8/19, , , 3, , , 
2019/8/20, , , 4, , , 
2019/8/22, , , 3, , , 
2019/8/23, , , 4, , , 
2019/8/24, , , 2, , , 
2019/8/25, , , 2, , , 
2019/8/26, , , 3, , , 
2019/8/27, , , 3, , , 
2019/5/12, , , 8, , , 
2019/5/13, , , 7, , , 
2019/5/14, , , 7, , , 
2019/5/15, , , 8, , , 
2019/5/16, , , 10, , , 
2019/5/17, , , 10, , , 
2019/5/18, , , 11, , , 
2019/5/19, , , 11, , , 
2019/5/20, , , 8, , , 
2019/5/21, , , 8, , , 
2019/5/22, , , 6, , , 
2015/7/22, , , 14, 29, 12, 91
2015/8/31, , , 25, 12, 10, 
2015/9/9, , , 26, 12, 27, 
2015/5/11, , , 49, 28, 23, 173
2015/5/28, , , 32, 35, 15, 108
2015/1/1, , , 30, 8, 16, 
2015/2/18, , , 14, 2, 11, 
2015/2/27, , , 15, 2, 11, 
2014/10/13, , , 37, , 19, 
2014/10/28, , , 22, , 27, 
2014/7/16, , , 29, 8, 24, 
2014/7/28, , , 31, 9, 25, 
2014/8/18, , , 32, 10, 26, 
2014/6/18, , , 41, 6, 27, 
2014/1/2, , , 40, 6, 28, 
2014/1/6, , , 35, 5, 33, 
2014/1/21, , , 57, 22, 39, 
2014/1/22, , , 41, 13, 28, 
2019/6/5, , , , 15, , 
2019/6/6, , , , 15, , 
2019/6/7, , , , 15, , 
2019/6/8, , , , 15, , 
2019/6/9, , , , 18, , 
2019/6/10, , , , 18, , 
2019/6/11, , , , 23, , 
2019/6/12, , , , 23, , 
2019/6/13, , , , 23, , 
2019/6/14, , , , 19, , 
2018/6/3, , , , 29, , 
2018/6/4, , , , 29, , 
2018/6/7, , , , 30, , 
2018/6/18, , , , 31, , 
2018/1/9, , , , 36, , 
2018/1/22, , , , 38, , 
2018/1/29, , , , 37, , 
2018/2/12, , , , 22, , 
2018/3/19, , , , 28, , 
2017/11/1, , , , 13, , 
2017/11/2, , , , 13, , 
2017/11/3, , , , 13, , 
2017/11/4, , , , 14, , 
2017/11/5, , , , 14, , 
2017/11/6, , , , 13, , 
2017/11/7, , , , 13, , 
2017/11/8, , , , 13, , 
2017/11/9, , , , 13, , 
2017/11/10, , , , 13, , 
2017/11/11, , , , 13, , 
2017/11/12, , , , 13, , 
2017/11/13, , , , 13, , 
2017/12/10, , , , 36, , 
2017/12/11, , , , 37, , 
2017/12/12, , , , 35, , 
2017/12/13, , , , 36, , 
2017/12/14, , , , 35, , 
2017/12/15, , , , 36, , 
2017/12/16, , , , 36, , 
2017/12/17, , , , 36, , 
2017/12/18, , , , 38, , 
2017/12/19, , , , 44, , 
2017/9/9, , , , 15, , 
2017/9/10, , , , 13, , 
2019/5/23, , , , , , 
2019/5/24, , , , , , 
2019/5/25, , , , , , 
2019/5/26, , , , , , 
2019/5/27, , , , , , 
2019/5/28, , , , , , 
2019/5/29, , , , , , 
2019/5/30, , , , , , 
2019/5/31, , , , , , 
2019/6/1, , , , , , 
2019/6/2, , , , , , 
2019/6/3, , , , , , 
2019/6/4, , , , , , 
2019/6/15, , , , , , 
2019/6/16, , , , , , 
2019/6/17, , , , , , 
2019/6/18, , , , , , 
2019/6/19, , , , , , 
2019/6/20, , , , , , 
2019/6/21, , , , , , 
2019/6/22, , , , , , 
2019/6/23, , , , , , 
2019/6/24, , , , , , 
2019/6/25, , , , , , 
2019/6/26, , , , , , 
2015/12/6, , , , , 6, 
2015/12/7, , , , , 4, 
2015/12/8, , , , , 15, 122
2015/12/9, , , , , 15, 155
2015/12/10, , , , , 6, 
2015/12/11, , , , , 18, 
2015/12/12, , , , , 20, 
2015/12/16, , , , , 18, 
2015/10/7, , , , , , 117
2015/10/8, , , , , , 122
2015/10/9, , , , , , 144
2015/5/27, , , , , , 97