name,datetime,tempmax,tempmin,temp,feelslikemax,feelslikemin,feelslike,dew,humidity,precip,precipprob,precipcover,preciptype,snow,snowdepth,windgust,windspeed,winddir,sealevelpressure,cloudcover,visibility,solarradiation,solarenergy,uvindex,severerisk,sunrise,sunset,moonphase,conditions,description,icon,stations
"N'Djamena, Tchad",2022-01-01,33.6,16.4,24.1,31.1,16.4,23.5,-2.8,17.5,0,0,0,,0,0,,25.9,7.9,1013.2,21.9,8.9,259,22.3,9,,2022-01-01T06:20:34,2022-01-01T17:46:13,0.95,Partially cloudy,Partly cloudy throughout the day.,partly-cloudy-day,"64700099999,FTTJ,remote"
"N'Djamena, Tchad",2022-01-02,29,15,22.6,27.4,15,22.3,1.4,25.5,0,0,0,,0,0,,31.7,19.4,1014,20.8,3.7,253.1,21.9,9,,2022-01-02T06:20:57,2022-01-02T17:46:47,0,Partially cloudy,Partly cloudy throughout the day.,partly-cloudy-day,"64700099999,FTTJ,remote"
"N'Djamena, Tchad",2022-01-03,28,16,21.9,26.8,16,21.7,3.7,31.6,0,0,0,,0,0,,31.7,18,1014.4,27.2,4.8,224.7,19.4,9,,2022-01-03T06:21:19,2022-01-03T17:47:20,0.02,Partially cloudy,Partly cloudy throughout the day.,partly-cloudy-day,"64700099999,FTTJ,remote"
"N'Djamena, Tchad",2022-01-04,29,15,22.2,27.4,15,21.8,2.5,29.4,0,0,0,,0,0,,29.5,13.2,1014.3,27.6,6.3,186.3,16.2,7,,2022-01-04T06:21:40,2022-01-04T17:47:53,0.06,Partially cloudy,Partly cloudy throughout the day.,partly-cloudy-day,"64700099999,FTTJ,remote"
"N'Djamena, Tchad",2022-01-05,31.4,14.5,23.4,29.3,14.5,22.9,3,27.8,0,0,0,,0,0,,20.5,10.6,1013.3,33.5,7.8,239.2,20.6,9,,2022-01-05T06:22:01,2022-01-05T17:48:27,0.09,Partially cloudy,Partly cloudy throughout the day.,partly-cloudy-day,"64700099999,FTTJ,remote"
"N'Djamena, Tchad",2022-01-06,34,18,25,31.6,18,24.3,2.1,23.6,0,0,0,,0,0,,25.9,27.4,1011.3,30.8,8.2,247.1,21.3,9,,2022-01-06T06:22:20,2022-01-06T17:49:01,0.12,Partially cloudy,Partly cloudy throughout the day.,partly-cloudy-day,"64700099999,FTTJ,remote"
"N'Djamena, Tchad",2022-01-07,35,17,25.8,32.4,17,24.8,1.6,22.3,0,0,0,,0,0,,24.1,13.4,1010.6,28.8,8.4,252.7,21.8,9,,2022-01-07T06:22:39,2022-01-07T17:49:34,0.15,Partially cloudy,Partly cloudy throughout the day.,partly-cloudy-day,"64700099999,FTTJ"
"N'Djamena, Tchad",2022-01-08,36,18.7,27.3,33.2,18.7,26.3,2.2,22.4,0,0,0,,0,0,,24.1,6.8,1010.3,31.3,8.2,253,21.9,9,,2022-01-08T06:22:57,2022-01-08T17:50:07,0.19,Partially cloudy,Partly cloudy throughout the day.,partly-cloudy-day,"64700099999,FTTJ,remote"
"N'Djamena, Tchad",2022-01-09,36.3,20.4,26.1,33.9,20.4,25.3,-0.3,19.1,0,0,0,,0,0,,26.3,4.9,1011.7,32,7.8,246.5,21.4,9,,2022-01-09T06:23:14,2022-01-09T17:50:41,0.25,Partially cloudy,Partly cloudy throughout the day.,partly-cloudy-day,"64700099999,FTTJ,remote"
"N'Djamena, Tchad",2022-01-10,32.6,16,23,30.2,16,22.5,-1.5,20.6,0,0,0,,0,0,29.9,20.5,340.2,1010.9,38.8,7.9,310,26.8,8,10,2022-01-10T06:23:30,2022-01-10T17:51:14,0.25,Partially cloudy,Partly cloudy throughout the day.,partly-cloudy-day,"64700099999,FTTJ,remote"
"N'Djamena, Tchad",2022-01-11,30.1,15.7,22.9,28.3,15.7,22.5,-2.6,20.9,0,0,0,,0,0,28.1,18.4,349.3,1011.3,35.9,10.4,242,21.1,8,10,2022-01-11T06:23:45,2022-01-11T17:51:47,0.29,Partially cloudy,Partly cloudy throughout the day.,partly-cloudy-day,"64700099999,FTTJ,remote"
"N'Djamena, Tchad",2022-01-12,33.1,14.7,24.1,30.7,14.7,23.4,-1.9,20.7,0,0,0,,0,0,32,18.4,342,1011.7,35.6,10.7,243.3,21.2,8,10,2022-01-12T06:23:59,2022-01-12T17:52:20,0.32,Partially cloudy,Partly cloudy throughout the day.,partly-cloudy-day,"64700099999,FTTJ,remote"
"N'Djamena, Tchad",2022-01-13,34,16.4,25,31.5,16.4,24.2,-4,17.1,0,0,0,,0,0,30.6,18.4,333.4,1012.3,36.9,11.1,233.5,20.4,8,10,2022-01-13T06:24:12,2022-01-13T17:52:52,0.35,Partially cloudy,Partly cloudy throughout the day.,partly-cloudy-day,"64700099999,FTTJ,remote"
"N'Djamena, Tchad",2022-01-14,34,15.3,24.9,31.5,15.3,24.1,-3,18.1,0,0,0,,0,0,31.7,18.4,325.7,1012.4,26.7,8.7,247.8,21.6,8,10,2022-01-14T06:24:24,2022-01-14T17:53:25,0.38,Partially cloudy,Partly cloudy throughout the day.,partly-cloudy-day,"64700099999,FTTJ,remote"
"N'Djamena, Tchad",2022-01-15,31.2,17.4,24.1,29.2,17.4,23.5,-2.6,18.1,0,0,0,,0,0,30.6,20.5,352.5,1012.1,23.3,5.8,216.2,18.7,8,10,2022-01-15T06:24:35,2022-01-15T17:53:57,0.42,Partially cloudy,Partly cloudy throughout the day.,partly-cloudy-day,"64700099999,FTTJ"
"N'Djamena, Tchad",2022-01-16,31,16,23.1,28.9,16,22.5,-2.1,19.8,0,0,0,,0,0,35.3,22.3,354.4,1013.2,21.7,9.2,248,21.6,8,10,2022-01-16T06:24:45,2022-01-16T17:54:29,0.45,Partially cloudy,Partly cloudy throughout the day.,partly-cloudy-day,"64700099999,FTTJ,remote"
"N'Djamena, Tchad",2022-01-17,29,15,22.4,27.4,15,22,-1.3,21.3,0,0,0,,0,0,36.7,24.1,0.4,1015.8,25.8,6.3,240.9,21,8,10,2022-01-17T06:24:54,2022-01-17T17:55:00,0.48,Partially cloudy,Partly cloudy throughout the day.,partly-cloudy-day,"64700099999,FTTJ,remote"
"N'Djamena, Tchad",2022-01-18,28.4,14.5,21.5,26.9,14.5,21.3,-3.1,19.9,0,0,0,,0,0,45.7,27.7,15.1,1017.7,20.7,7.6,255.5,22.2,8,10,2022-01-18T06:25:02,2022-01-18T17:55:31,0.5,Partially cloudy,Partly cloudy throughout the day.,partly-cloudy-day,"64700099999,FTTJ,remote"
"N'Djamena, Tchad",2022-01-19,28,12.9,20.7,26.6,12.9,20.4,-4.9,18.5,0,0,0,,0,0,47.5,30.6,12.9,1017.8,20.3,11.7,257.4,22.2,9,10,2022-01-19T06:25:09,2022-01-19T17:56:02,0.55,Partially cloudy,Partly cloudy throughout the day.,partly-cloudy-day,"64700099999,FTTJ,remote"
"N'Djamena, Tchad",2022-01-20,28,13,20.4,26.6,13,20.2,-4.5,19.1,0,0,0,,0,0,49.3,29.5,16.2,1016.5,20.9,7.6,256.1,22.2,8,10,2022-01-20T06:25:14,2022-01-20T17:56:32,0.59,Partially cloudy,Becoming cloudy in the afternoon.,partly-cloudy-day,"64700099999,FTTJ,remote"
"N'Djamena, Tchad",2022-01-21,30.8,12.8,21.6,28.7,12.8,21.2,-4.5,17.8,0,0,0,,0,0,40.3,24.1,15.7,1014.7,26.5,9,254.8,22,8,10,2022-01-21T06:25:19,2022-01-21T17:57:02,0.62,Partially cloudy,Partly cloudy throughout the day.,partly-cloudy-day,"64700099999,FTTJ,remote"
"N'Djamena, Tchad",2022-01-22,31.2,14,22.9,29.1,14,22.3,-4.8,16,0,0,0,,0,0,42.1,25.9,2.1,1013.8,24.3,9.3,256.5,22.2,8,10,2022-01-22T06:25:23,2022-01-22T17:57:31,0.66,Partially cloudy,Partly cloudy throughout the day.,partly-cloudy-day,"64700099999,FTTJ,remote"
"N'Djamena, Tchad",2022-01-23,32,15.6,23.6,29.9,15.6,23,-7.1,13.6,0,0,0,,0,0,39.6,24.1,356.2,1013.3,20.9,9.4,259.3,22.6,9,10,2022-01-23T06:25:25,2022-01-23T17:58:00,0.69,Partially cloudy,Partly cloudy throughout the day.,partly-cloudy-day,"64700099999,FTTJ,remote"
"N'Djamena, Tchad",2022-01-24,32,14.8,23.4,29.9,14.8,22.8,-7.1,13.3,0,0,0,,0,0,37.8,22.3,351.5,1012.6,15,8.9,262.9,22.8,9,10,2022-01-24T06:25:26,2022-01-24T17:58:29,0.73,Clear,Clear conditions throughout the day.,clear-day,"64700099999,FTTJ"
"N'Djamena, Tchad",2022-01-25,30.6,14.8,22.8,28.6,14.8,22.4,-5.4,16,0,0,0,,0,0,45.4,25.9,351.8,1012.8,26.6,8.2,277.5,24.1,8,10,2022-01-25T06:25:27,2022-01-25T17:58:57,0.75,Partially cloudy,Partly cloudy throughout the day.,partly-cloudy-day,"64700099999,FTTJ,remote"
"N'Djamena, Tchad",2022-01-26,31,16.7,23.5,29,16.7,23,-3.7,16.8,0,0,0,,0,0,52.2,27.7,6.9,1012.9,21,7.3,252.2,21.9,9,10,2022-01-26T06:25:26,2022-01-26T17:59:24,0.8,Partially cloudy,Partly cloudy throughout the day.,partly-cloudy-day,"64700099999,FTTJ,remote"
"N'Djamena, Tchad",2022-01-27,30.1,16.8,22.6,28.2,16.8,22.3,-3.6,17.5,0,0,0,,0,0,49.7,37.1,22.2,1013.7,31,5.7,257.6,22.4,8,10,2022-01-27T06:25:24,2022-01-27T17:59:51,0.83,Partially cloudy,Partly cloudy throughout the day.,partly-cloudy-day,"64700099999,FTTJ,remote"
"N'Djamena, Tchad",2022-01-28,29.7,14.7,21.6,27.9,14.7,21.3,-3.9,18.5,0,0,0,,0,0,49.7,24.1,9.3,1015.3,20.2,4.6,264,22.9,8,10,2022-01-28T06:25:21,2022-01-28T18:00:18,0.87,Partially cloudy,Partly cloudy throughout the day.,partly-cloudy-day,"64700099999,FTTJ,remote"
"N'Djamena, Tchad",2022-01-29,29.7,14,22,27.9,14,21.6,-8.9,12.3,0,0,0,,0,0,48.6,25.9,9.8,1014.8,24.6,9.3,264.9,23,8,10,2022-01-29T06:25:17,2022-01-29T18:00:44,0.9,Partially cloudy,Partly cloudy throughout the day.,partly-cloudy-day,"64700099999,FTTJ,remote"
"N'Djamena, Tchad",2022-01-30,30,13,21.5,28.2,13,21.1,-7.2,14.8,0,0,0,,0,0,49,25.9,3.9,1014.5,45.8,9.8,252.2,22,9,10,2022-01-30T06:25:12,2022-01-30T18:01:09,0.94,Partially cloudy,Partly cloudy throughout the day.,partly-cloudy-day,"64700099999,FTTJ,remote"
"N'Djamena, Tchad",2022-01-31,29.5,12.9,21.6,27.8,12.9,21.2,-7.7,14.4,0,0,0,,0,0,50.4,29.5,18.9,1014.2,20.7,10.7,274,23.8,9,10,2022-01-31T06:25:06,2022-01-31T18:01:34,0.97,Partially cloudy,Partly cloudy throughout the day.,partly-cloudy-day,"64700099999,FTTJ,remote"
"N'Djamena, Tchad",2022-02-01,29,13.6,21.2,27.4,13.6,20.9,-6.6,15.6,0,0,0,,0,0,51.1,24.1,1.6,1012.6,20.2,8.7,273.3,23.7,9,10,2022-02-01T06:24:59,2022-02-01T18:01:58,0,Partially cloudy,Partly cloudy throughout the day.,partly-cloudy-day,"64700099999,FTTJ,remote"
"N'Djamena, Tchad",2022-02-02,31,12,21.8,29,12,21.3,-4.7,19.1,0,0,0,,0,0,37.1,20.5,359.8,1012.7,23.5,12.1,269.7,23.3,9,10,2022-02-02T06:24:51,2022-02-02T18:02:21,0.04,Partially cloudy,Partly cloudy throughout the day.,partly-cloudy-day,"64700099999,FTTJ,remote"
"N'Djamena, Tchad",2022-02-03,30,13,22.1,28.2,13,21.7,-8.6,12.8,0,0,0,,0,0,34.2,22.3,9.1,1015,19.8,11.6,271.2,23.5,9,10,2022-02-03T06:24:41,2022-02-03T18:02:44,0.07,Clear,Clear conditions throughout the day.,clear-day,"64700099999,FTTJ,remote"
"N'Djamena, Tchad",2022-02-04,30,15.1,22.6,28.2,15.1,22.2,-7.3,13.6,0,0,0,,0,0,48.2,27.7,15.7,1015.4,21.4,9.1,271.9,23.7,9,10,2022-02-04T06:24:31,2022-02-04T18:03:07,0.1,Partially cloudy,Partly cloudy throughout the day.,partly-cloudy-day,"64700099999,FTTJ,remote"
"N'Djamena, Tchad",2022-02-05,29,16,22.3,27.4,16,22,-5.6,15.8,0,0,0,,0,0,46.4,31.7,18.8,1015.3,23.3,7.4,267.9,23.2,9,10,2022-02-05T06:24:20,2022-02-05T18:03:28,0.14,Partially cloudy,Partly cloudy throughout the day.,partly-cloudy-day,"64700099999,FTTJ,remote"
"N'Djamena, Tchad",2022-02-06,31,15.2,22.8,29,15.2,22.3,-4.5,16.7,0,0,0,,0,0,46.1,27.7,17.9,1014,20.2,6.9,271.8,23.5,9,10,2022-02-06T06:24:07,2022-02-06T18:03:50,0.17,Partially cloudy,Partly cloudy throughout the day.,partly-cloudy-day,"64700099999,FTTJ,remote"
"N'Djamena, Tchad",2022-02-07,33,14.9,24.1,30.6,14.9,23.4,-6.1,13.7,0,0,0,,0,0,46.8,24.1,17.1,1012.7,26.2,8.9,275.8,24.1,9,10,2022-02-07T06:23:54,2022-02-07T18:04:10,0.2,Partially cloudy,Partly cloudy throughout the day.,partly-cloudy-day,"64700099999,FTTJ,remote"
"N'Djamena, Tchad",2022-02-08,35,15,25,32.3,15,24.2,-7.2,12.4,0,0,0,,0,0,46.4,22.3,12.2,1011.7,22.7,9,280.9,24.4,9,10,2022-02-08T06:23:39,2022-02-08T18:04:30,0.25,Partially cloudy,Partly cloudy throughout the day.,partly-cloudy-day,"64700099999,FTTJ"
"N'Djamena, Tchad",2022-02-09,35,16,25.1,32.3,16,24.3,-10.6,9.5,0,0,0,,0,0,43.9,29.5,11.8,1012.1,42.4,9.3,276.7,24.2,9,10,2022-02-09T06:23:24,2022-02-09T18:04:49,0.27,Partially cloudy,Partly cloudy throughout the day.,partly-cloudy-day,"64700099999,FTTJ"
"N'Djamena, Tchad",2022-02-10,33,16,24.9,30.7,16,24.1,-9.4,10,0,0,0,,0,0,46.4,65.5,23.8,1011.7,21.9,6.6,291.2,25.5,9,10,2022-02-10T06:23:08,2022-02-10T18:05:08,0.3,Partially cloudy,Partly cloudy throughout the day.,wind,"64700099999,FTTJ,remote"
"N'Djamena, Tchad",2022-02-11,32.2,16.3,24.1,30,16.3,23.4,-5.4,14.8,0,0,0,,0,0,46.1,26.8,13.4,1011.3,17.9,9.1,282,24.4,9,10,2022-02-11T06:22:50,2022-02-11T18:05:26,0.33,Clear,Clear conditions throughout the day.,clear-day,"64700099999,FTTJ,remote"
"N'Djamena, Tchad",2022-02-12,33.3,15.5,24.5,30.9,15.5,23.8,-5.2,14.5,0,0,0,,0,0,42.5,20.5,2.9,1011.1,20.5,8.5,280.9,24.3,9,10,2022-02-12T06:22:32,2022-02-12T18:05:43,0.36,Partially cloudy,Partly cloudy throughout the day.,partly-cloudy-day,"64700099999,FTTJ,remote"
"N'Djamena, Tchad",2022-02-13,35.6,15.5,25.5,32.8,15.5,24.6,-5.5,13.7,0,0,0,,0,0,37.8,20.5,2.1,1011,29.9,12,282.9,24.5,9,10,2022-02-13T06:22:13,2022-02-13T18:06:00,0.39,Partially cloudy,Partly cloudy throughout the day.,partly-cloudy-day,"64700099999,FTTJ,remote"
"N'Djamena, Tchad",2022-02-14,37,18,26.7,33.9,18,25.7,-4,15.9,0,0,0,,0,0,39.2,20.5,6.4,1010.5,51,11.3,283.1,24.6,9,10,2022-02-14T06:21:53,2022-02-14T18:06:16,0.43,Partially cloudy,Partly cloudy throughout the day.,partly-cloudy-day,"64700099999,FTTJ,remote"
"N'Djamena, Tchad",2022-02-15,37,17.7,27.3,34,17.7,26.2,-6,11.7,0,0,0,,0,0,53.3,27.7,11.4,1010.4,44.3,9.5,270.7,23.5,9,10,2022-02-15T06:21:32,2022-02-15T18:06:32,0.46,Partially cloudy,Partly cloudy throughout the day.,partly-cloudy-day,"64700099999,FTTJ,remote"
"N'Djamena, Tchad",2022-02-16,38,18.9,28.2,34.7,18.9,27,-6.4,11,0,0,0,,0,0,53.6,22.7,9.8,1009.4,27.3,10.2,288.4,25.2,9,10,2022-02-16T06:21:10,2022-02-16T18:06:47,0.5,Partially cloudy,Partly cloudy throughout the day.,partly-cloudy-day,"64700099999,FTTJ,remote"
"N'Djamena, Tchad",2022-02-17,37,19.8,28,33.9,19.8,26.8,-4.7,12.8,0,0,0,,0,0,48.2,22.3,5.7,1008.5,19.6,11.4,289.4,25.3,9,10,2022-02-17T06:20:48,2022-02-17T18:07:01,0.53,Clear,Clear conditions throughout the day.,clear-day,"64700099999,FTTJ,remote"
"N'Djamena, Tchad",2022-02-18,36,18.6,27.3,33.1,18.6,26.3,-5.9,11.9,0,0,0,,0,0,47.5,28.4,357.3,1009.5,35.4,12.4,295.1,25.6,9,10,2022-02-18T06:20:24,2022-02-18T18:07:15,0.56,Partially cloudy,Partly cloudy throughout the day.,partly-cloudy-day,"64700099999,FTTJ,remote"
"N'Djamena, Tchad",2022-02-19,32,19.7,25.9,29.8,19.7,25.1,-3.1,15,0,0,0,,0,0,50,33.5,16.7,1011.7,18.5,6.5,287.7,25.2,9,10,2022-02-19T06:20:00,2022-02-19T18:07:28,0.6,Clear,Clear conditions throughout the day.,clear-day,"64700099999,FTTJ,remote"
"N'Djamena, Tchad",2022-02-20,32,17.5,24.8,29.8,17.5,24.1,-5.2,13.9,0,0,0,,0,0,49.3,31.7,16.9,1013.3,25.5,6.7,283.5,24.6,9,10,2022-02-20T06:19:35,2022-02-20T18:07:41,0.63,Partially cloudy,Partly cloudy throughout the day.,partly-cloudy-day,"64700099999,FTTJ,remote"
"N'Djamena, Tchad",2022-02-21,34.4,17.9,26,31.8,17.9,25.1,-5.3,12.8,0,0,0,,0,0,50.8,25.9,18.7,1012.5,22.1,10.9,293.6,25.4,9,10,2022-02-21T06:19:09,2022-02-21T18:07:53,0.67,Partially cloudy,Partly cloudy throughout the day.,partly-cloudy-day,"64700099999,FTTJ,remote"
"N'Djamena, Tchad",2022-02-22,35,17,26.2,32.3,17,25.3,-6.2,12,0,0,0,,0,0,49.7,27.7,14.9,1011.5,20.9,9.7,296.4,25.8,9,10,2022-02-22T06:18:42,2022-02-22T18:08:05,0.71,Partially cloudy,Partly cloudy throughout the day.,partly-cloudy-day,"64700099999,FTTJ,remote"
"N'Djamena, Tchad",2022-02-23,37,19.7,27.1,33.9,19.7,26,-10,10.1,0,0,0,,0,0,36,24.1,2.6,1011.5,18.4,10,302.8,26.4,9,10,2022-02-23T06:18:15,2022-02-23T18:08:16,0.75,Clear,Clear conditions throughout the day.,clear-day,"64700099999,FTTJ,remote"
"N'Djamena, Tchad",2022-02-24,36,15.9,26.3,33.1,15.9,25.2,-4.5,14.8,0,0,0,,0,0,40,27.7,4.2,1011.7,28,10.2,301.4,26.3,10,10,2022-02-24T06:17:47,2022-02-24T18:08:27,0.78,Partially cloudy,Partly cloudy throughout the day.,partly-cloudy-day,"64700099999,FTTJ,remote"
"N'Djamena, Tchad",2022-02-25,34.9,19,26.8,32.2,19,25.9,-5.5,12,0,0,0,,0,0,47.9,29.5,20.1,1012.3,20.4,7.3,299.6,26.2,9,10,2022-02-25T06:17:18,2022-02-25T18:08:37,0.81,Partially cloudy,Partly cloudy throughout the day.,partly-cloudy-day,"64700099999,FTTJ,remote"
"N'Djamena, Tchad",2022-02-26,35,17.9,26.4,32.3,17.9,25.4,-4.9,13.1,0,0,0,,0,0,44.3,25.9,13.2,1011.6,17.8,8.9,298.1,25.9,9,10,2022-02-26T06:16:49,2022-02-26T18:08:46,0.85,Clear,Clear conditions throughout the day.,clear-day,"64700099999,FTTJ,remote"
"N'Djamena, Tchad",2022-02-27,37,18,27.8,34,18,26.6,-3.7,13.3,0,0,0,,0,0,40.7,27.7,15.3,1011,21.1,10.7,299.6,26,9,10,2022-02-27T06:16:19,2022-02-27T18:08:55,0.88,Partially cloudy,Partly cloudy throughout the day.,partly-cloudy-day,"64700099999,FTTJ,remote"
"N'Djamena, Tchad",2022-02-28,38.3,19,28.4,35,19,27.1,-3.7,13.2,0,0,0,,0,0,42.1,27.7,4.3,1009.5,22.2,11.7,300.5,26.1,9,10,2022-02-28T06:15:48,2022-02-28T18:09:04,0.92,Partially cloudy,Partly cloudy throughout the day.,partly-cloudy-day,"64700099999,FTTJ,remote"
"N'Djamena, Tchad",2022-03-01,40,20,29.3,36.3,20,27.9,-5.9,10.7,0,0,0,,0,0,44.6,25.9,6.8,1008.3,48.7,11.3,284.1,20.5,9,10,2022-03-01T06:15:17,2022-03-01T18:09:12,0.95,Partially cloudy,Partly cloudy throughout the day.,partly-cloudy-day,"64700099999,FTTJ,remote"
"N'Djamena, Tchad",2022-03-02,40.6,20.6,29.9,36.6,20.6,28.3,-8.3,9.2,0,0,0,,0,0,35.6,22.3,0.7,1007.4,55.2,13.2,292.5,21.2,9,10,2022-03-02T06:14:45,2022-03-02T18:09:20,0,Partially cloudy,Partly cloudy throughout the day.,partly-cloudy-day,"64700099999,FTTJ,remote"
"N'Djamena, Tchad",2022-03-03,41,20,30.5,36.8,20,28.8,-8.3,10.1,0,0,0,,0,0,37.4,27.7,20.9,1007.3,38.1,9.6,299.1,21.5,9,10,2022-03-03T06:14:13,2022-03-03T18:09:27,0.02,Partially cloudy,Partly cloudy throughout the day.,partly-cloudy-day,"64700099999,FTTJ,remote"
"N'Djamena, Tchad",2022-03-04,41.1,21.9,30.6,37.3,21.9,28.9,-3.3,12,0,0,0,,0,0,43.9,18.4,12.9,1006.4,25.7,7.1,306,22,9,10,2022-03-04T06:13:40,2022-03-04T18:09:34,0.06,Partially cloudy,Partly cloudy throughout the day.,partly-cloudy-day,"64700099999,FTTJ,remote"
"N'Djamena, Tchad",2022-03-05,42.6,22,32.2,39.2,22,30.3,1.5,16.9,0,0,0,,0,0,35.3,20.5,352.8,1005.1,35.3,10.9,299,21.4,9,10,2022-03-05T06:13:06,2022-03-05T18:09:41,0.09,Partially cloudy,Partly cloudy throughout the day.,partly-cloudy-day,"64700099999,FTTJ,remote"
"N'Djamena, Tchad",2022-03-06,43,23.8,33.6,39.9,23.8,31.7,3.5,17.3,0,0,0,,0,0,33.5,22.3,5.1,1004,19.4,8.3,294.7,21.1,9,10,2022-03-06T06:12:32,2022-03-06T18:09:47,0.12,Clear,Clear conditions throughout the day.,clear-day,"64700099999,FTTJ,remote"
"N'Djamena, Tchad",2022-03-07,44,24,34.5,44,24,32.8,3.9,16.7,0,0,0,,0,0,72,23.7,22.5,1003.3,40.2,10.9,312.2,24.7,9,10,2022-03-07T06:11:58,2022-03-07T18:09:53,0.15,Partially cloudy,Partly cloudy throughout the day.,partly-cloudy-day,"64700099999,FTTJ,remote"
"N'Djamena, Tchad",2022-03-08,43,24.2,33.5,39,24.2,31.4,3.6,17.8,0,0,0,,0,0,21.2,14.8,339.6,1002.9,49.7,12.2,232.6,20.1,8,10,2022-03-08T06:11:23,2022-03-08T18:09:58,0.18,Partially cloudy,Partly cloudy throughout the day.,partly-cloudy-day,"64700099999,FTTJ,remote"
"N'Djamena, Tchad",2022-03-09,42.2,22.1,33.1,38.9,22.1,31,2.3,17.1,0,0,0,,0,0,47.9,25.9,4.3,1003.5,30.2,9.7,298.4,25.7,9,10,2022-03-09T06:10:48,2022-03-09T18:10:03,0.22,Partially cloudy,Partly cloudy throughout the day.,partly-cloudy-day,"64700099999,FTTJ,remote"
"N'Djamena, Tchad",2022-03-10,39,25,32.4,35.9,25,30.5,1.4,14.6,0,0,0,,0,0,56.2,29.5,23.8,1005.4,38.6,9,302,26.1,9,10,2022-03-10T06:10:13,2022-03-10T18:10:08,0.25,Partially cloudy,Partly cloudy throughout the day.,partly-cloudy-day,"64700099999,FTTJ,remote"
"N'Djamena, Tchad",2022-03-11,36.3,23.3,30.2,33.5,23.3,28.6,1.8,16.6,0,0,0,,0,0,53.3,29.5,9.9,1007.3,34.4,5.8,277.8,24,9,10,2022-03-11T06:09:37,2022-03-11T18:10:13,0.28,Partially cloudy,Partly cloudy throughout the day.,partly-cloudy-day,"64700099999,FTTJ,remote"
"N'Djamena, Tchad",2022-03-12,38,22.2,29.7,35.3,22.2,28.2,0.1,15.4,0,0,0,,0,0,49.3,24.5,9.1,1007.6,29,15.9,305.5,26.4,9,10,2022-03-12T06:09:00,2022-03-12T18:10:17,0.31,Partially cloudy,Partly cloudy throughout the day.,partly-cloudy-day,"64700099999,FTTJ,remote"
"N'Djamena, Tchad",2022-03-13,37,22.9,29.6,34.1,22.9,28.1,-1.5,14,0,0,0,,0,0,51.1,24.1,6,1008.6,70.8,16.8,293.9,25.2,9,10,2022-03-13T06:08:24,2022-03-13T18:10:21,0.34,Partially cloudy,Partly cloudy throughout the day.,partly-cloudy-day,"64700099999,FTTJ,remote"
"N'Djamena, Tchad",2022-03-14,39,23.4,30.8,35.7,23.4,29.1,-3.3,11.5,0,0,0,,0,0,59,29.5,20.4,1009,29.6,11.8,305.5,26.5,9,10,2022-03-14T06:07:47,2022-03-14T18:10:25,0.38,Partially cloudy,Partly cloudy throughout the day.,partly-cloudy-day,"64700099999,FTTJ,remote"
"N'Djamena, Tchad",2022-03-15,37,23,30.3,34,23,28.6,-5.1,10,0,0,0,,0,0,58,33.5,32.5,1010.3,24.4,6.8,305.8,26.4,9,10,2022-03-15T06:07:10,2022-03-15T18:10:28,0.41,Partially cloudy,Partly cloudy throughout the day.,partly-cloudy-day,"64700099999,FTTJ,remote"
"N'Djamena, Tchad",2022-03-16,34.7,21,28.2,32,21,27,-6.7,10,0,0,0,,0,0,59,29.9,35.2,1011.1,35.7,10.5,312.8,27,9,10,2022-03-16T06:06:33,2022-03-16T18:10:32,0.44,Partially cloudy,Partly cloudy throughout the day.,partly-cloudy-day,"64700099999,FTTJ,remote"
"N'Djamena, Tchad",2022-03-17,35.9,19.7,27.8,33,19.7,26.6,-8,9.3,0,0,0,,0,0,52.2,25.6,34.8,1010.3,50.4,12.4,307.9,26.6,10,10,2022-03-17T06:05:55,2022-03-17T18:10:35,0.47,Partially cloudy,Partly cloudy throughout the day.,partly-cloudy-day,"64700099999,FTTJ,remote"
"N'Djamena, Tchad",2022-03-18,37,20,28.1,34,20,26.9,-10.2,7.9,0,0,0,,0,0,47.2,22.3,23.1,1009.5,40.9,10.9,282.3,24.4,8,10,2022-03-18T06:05:17,2022-03-18T18:10:38,0.5,Partially cloudy,Partly cloudy throughout the day.,partly-cloudy-day,"64700099999,FTTJ,remote"
"N'Djamena, Tchad",2022-03-19,39,20,28.9,35.5,20,27.5,-9.5,8.2,0,0,0,,0,0,33.1,20.5,18.7,1008.6,33.6,11.5,314.3,27.3,10,10,2022-03-19T06:04:40,2022-03-19T18:10:41,0.54,Partially cloudy,Partly cloudy throughout the day.,partly-cloudy-day,"64700099999,FTTJ,remote"
"N'Djamena, Tchad",2022-03-20,41,17.6,30.4,37,17.6,28.7,-5.9,12,0,0,0,,0,0,29.9,18.4,1.7,1007.5,48.6,12.3,323,27.9,10,10,2022-03-20T06:04:01,2022-03-20T18:10:43,0.58,Partially cloudy,Partly cloudy throughout the day.,partly-cloudy-day,"64700099999,FTTJ,remote"
"N'Djamena, Tchad",2022-03-21,42.2,19.6,31.9,38.3,19.6,29.8,-3.1,12.9,0,0,0,,0,0,32.4,20.5,342.6,1006.3,30.6,10.6,267.4,23.1,10,10,2022-03-21T06:03:23,2022-03-21T18:10:46,0.61,Partially cloudy,Partly cloudy throughout the day.,partly-cloudy-day,"64700099999,FTTJ,remote"
"N'Djamena, Tchad",2022-03-22,41.9,24,33,38.1,24,30.8,-1,13.5,0,0,0,,0,0,41.8,25.9,16.4,1005.9,45.2,12.7,262.8,22.7,10,10,2022-03-22T06:02:45,2022-03-22T18:10:48,0.65,Partially cloudy,Partly cloudy throughout the day.,partly-cloudy-day,"64700099999,FTTJ,remote"
"N'Djamena, Tchad",2022-03-23,39,25,31.5,35.8,25,29.6,-2,11.8,0,0,0,,0,0,47.2,37.1,32.2,1008.4,32.7,6.7,277.7,24.1,10,10,2022-03-23T06:02:07,2022-03-23T18:10:51,0.68,Partially cloudy,Partly cloudy throughout the day.,partly-cloudy-day,"64700099999,FTTJ,remote"
"N'Djamena, Tchad",2022-03-24,39,24,31.5,35.8,24,29.6,-1.7,12.1,0,0,0,,0,0,51.8,24.1,11.4,1009.2,29.2,6.8,284.8,24.7,10,10,2022-03-24T06:01:28,2022-03-24T18:10:53,0.72,Partially cloudy,Partly cloudy throughout the day.,partly-cloudy-day,"64700099999,FTTJ,remote"
"N'Djamena, Tchad",2022-03-25,39,23,31.1,35.7,23,29.3,-3.4,11.1,0,0,0,,0,0,56.2,37.1,26.2,1009.4,30,6.4,294.4,25.3,10,10,2022-03-25T06:00:50,2022-03-25T18:10:55,0.75,Partially cloudy,Partly cloudy throughout the day.,partly-cloudy-day,"64700099999,FTTJ,remote"
"N'Djamena, Tchad",2022-03-26,38,23,30.1,34.7,23,28.5,-6.4,9.3,0,0,0,,0,0,56.2,33.5,24.4,1010.2,32.2,6.9,312.8,27,10,10,2022-03-26T06:00:12,2022-03-26T18:10:57,0.79,Partially cloudy,Partly cloudy throughout the day.,partly-cloudy-day,"64700099999,FTTJ,remote"
"N'Djamena, Tchad",2022-03-27,37,22,29.2,33.9,22,27.8,-8.5,8.2,0,0,0,,0,0,57.2,31.7,24.1,1011.6,34.6,9.2,313.8,27.1,10,10,2022-03-27T05:59:33,2022-03-27T18:10:59,0.83,Partially cloudy,Partly cloudy throughout the day.,partly-cloudy-day,"64700099999,FTTJ,remote"
"N'Djamena, Tchad",2022-03-28,36,21,28.6,33.1,21,27.3,-12.7,6.3,0,0,0,,0,0,54.4,33.5,21.1,1011.3,37.8,8.1,317.3,27.4,10,10,2022-03-28T05:58:55,2022-03-28T18:11:02,0.86,Partially cloudy,Partly cloudy throughout the day.,partly-cloudy-day,"64700099999,FTTJ,remote"
"N'Djamena, Tchad",2022-03-29,38,19,28.6,34.7,19,27.2,-11.7,6.8,0,0,0,,0,0,50.8,25.9,13.9,1008.7,24.2,9.4,316.9,27.4,10,10,2022-03-29T05:58:16,2022-03-29T18:11:04,0.9,Partially cloudy,Partly cloudy throughout the day.,partly-cloudy-day,"64700099999,FTTJ,remote"
"N'Djamena, Tchad",2022-03-30,40,19,30.1,36.2,19,28.4,-11.4,6.4,0,0,0,,0,0,48.2,27.7,20.6,1006.4,30.7,8.9,320,27.7,10,10,2022-03-30T05:57:38,2022-03-30T18:11:06,0.94,Partially cloudy,Partly cloudy throughout the day.,partly-cloudy-day,"64700099999,FTTJ,remote"
"N'Djamena, Tchad",2022-03-31,42.1,20,32.2,37.8,20,30.1,-9.6,6.8,0,0,0,,0,0,36.7,22.3,29.4,1005.5,38.4,11.6,319,27.6,10,10,2022-03-31T05:57:00,2022-03-31T18:11:08,0.97,Partially cloudy,Partly cloudy throughout the day.,partly-cloudy-day,"64700099999,FTTJ,remote"
"N'Djamena, Tchad",2022-04-01,43,24,33.5,38.6,24,31.2,-5.2,9.7,0,0,0,,0,0,46.4,33.5,21.2,1005.7,25.9,12.1,317.2,27.2,10,10,2022-04-01T05:56:22,2022-04-01T18:11:11,0,Partially cloudy,Partly cloudy throughout the day.,partly-cloudy-day,"64700099999,FTTJ,remote"
"N'Djamena, Tchad",2022-04-02,44,24,34.5,44,24,32.3,-5.6,8.3,0,0,0,,0,0,47.2,33.5,14.5,1005.3,21.9,9.6,318.9,27.7,10,10,2022-04-02T05:55:44,2022-04-02T18:11:13,0.04,Partially cloudy,Partly cloudy throughout the day.,partly-cloudy-day,"64700099999,FTTJ,remote"
"N'Djamena, Tchad",2022-04-03,44,24,34.7,44,24,32.9,-3.7,10.1,0,0,0,,0,0,51.1,29.5,22.1,1004.4,50.7,11.4,248.7,21.3,10,10,2022-04-03T05:55:07,2022-04-03T18:11:15,0.07,Partially cloudy,Partly cloudy throughout the day.,partly-cloudy-day,"64700099999,FTTJ,remote"
"N'Djamena, Tchad",2022-04-04,43,25,34.1,40.5,25,32.4,3.9,16.1,0,0,0,,0,0,46.4,20.3,46,1005.6,58.9,13.3,311.5,26.7,10,10,2022-04-04T05:54:29,2022-04-04T18:11:18,0.1,Partially cloudy,Partly cloudy throughout the day.,partly-cloudy-day,"64700099999,FTTJ,remote"
"N'Djamena, Tchad",2022-04-05,44,23.4,34.7,44,23.4,33,1.2,14,0,0,0,,0,0,32.8,23.8,39.9,1006,29.3,11.3,304.8,26.2,10,10,2022-04-05T05:53:52,2022-04-05T18:11:21,0.14,Partially cloudy,Partly cloudy throughout the day.,partly-cloudy-day,"64700099999,FTTJ,remote"
"N'Djamena, Tchad",2022-04-06,46,25,35.3,46,25,33.9,-0.3,12.2,0,0,0,,0,0,31.3,21.4,51.4,1005,34.6,9.6,317.1,27.3,10,10,2022-04-06T05:53:15,2022-04-06T18:11:24,0.17,Partially cloudy,Partly cloudy throughout the day.,partly-cloudy-day,"64700099999,FTTJ,remote"
"N'Djamena, Tchad",2022-04-07,45,26.4,36.3,45,26.4,34.7,3.7,14.2,0,0,0,,0,0,41.8,25.9,51.5,1004.9,27,12.8,306.1,26.5,10,10,2022-04-07T05:52:39,2022-04-07T18:11:27,0.2,Partially cloudy,Partly cloudy throughout the day.,partly-cloudy-day,"64700099999,FTTJ,remote"
"N'Djamena, Tchad",2022-04-08,44,28,36.8,44,27.5,35.8,9.5,20.9,0,0,0,,0,0,31.7,20.5,55.9,1004.6,29.5,9.3,308.9,26.5,10,10,2022-04-08T05:52:02,2022-04-08T18:11:30,0.23,Partially cloudy,Partly cloudy throughout the day.,partly-cloudy-day,"64700099999,FTTJ,remote"
"N'Djamena, Tchad",2022-04-09,43,28,35.8,40.5,28.3,34.6,11,26.2,0,0,0,,0,0,21.6,18.4,254.1,1003.8,40,10.6,301.2,26.1,10,10,2022-04-09T05:51:26,2022-04-09T18:11:33,0.25,Partially cloudy,Partly cloudy throughout the day.,partly-cloudy-day,"64700099999,FTTJ,remote"
"N'Djamena, Tchad",2022-04-10,42,31,35.1,41,30.6,34.7,14,30,0,0,0,,0,0,46.1,22.3,219.2,1004.8,42.4,10.5,295.6,25.3,10,10,2022-04-10T05:50:50,2022-04-10T18:11:37,0.3,Partially cloudy,Partly cloudy throughout the day.,partly-cloudy-day,"64700099999,FTTJ,remote"
"N'Djamena, Tchad",2022-04-11,43,30.2,36.3,41.4,30.7,35.5,13.2,27.4,0,0,0,,0,0,34.9,16.6,159.4,1004.5,51,15.3,291,25.1,10,10,2022-04-11T05:50:15,2022-04-11T18:11:40,0.33,Partially cloudy,Partly cloudy throughout the day.,partly-cloudy-day,"64700099999,FTTJ,remote"
"N'Djamena, Tchad",2022-04-12,40.7,30.2,35.1,40.7,30.8,35.3,15.8,32.7,0,0,0,,0,0,32.8,22.3,186.6,1004.8,47.3,16.1,267.1,22.9,10,10,2022-04-12T05:49:40,2022-04-12T18:11:44,0.36,Partially cloudy,Partly cloudy throughout the day.,partly-cloudy-day,"64700099999,FTTJ,remote"
"N'Djamena, Tchad",2022-04-13,42,28,34.7,42.3,28.2,34.3,14,30.6,0,0,0,,0,0,30.2,14.8,292,1004.1,42.9,11.4,303.4,26.2,10,10,2022-04-13T05:49:05,2022-04-13T18:11:48,0.39,Partially cloudy,Partly cloudy throughout the day.,partly-cloudy-day,"64700099999,FTTJ,remote"
"N'Djamena, Tchad",2022-04-14,43,27.3,34.6,41.8,27.7,34.6,15,33.9,0,0,0,,0,0,61.2,40.7,244.1,1003.6,32.4,9.4,303.3,26.1,10,10,2022-04-14T05:48:31,2022-04-14T18:11:53,0.42,Partially cloudy,Partly cloudy throughout the day.,partly-cloudy-day,"64700099999,FTTJ,remote"
"N'Djamena, Tchad",2022-04-15,41,27,33.5,41.5,29.1,34.5,17.6,42.4,0,0,0,,0,0,31,37.1,216.9,1005.5,47.4,10.5,280.2,24.2,9,10,2022-04-15T05:47:57,2022-04-15T18:11:57,0.46,Partially cloudy,Partly cloudy throughout the day.,partly-cloudy-day,"64700099999,FTTJ,remote"
"N'Djamena, Tchad",2022-04-16,40.7,28,34.1,42.8,29.9,35.7,18.5,42.1,8,100,4.17,rain,0,0,37.1,24.1,216.9,1006,47.1,12.5,260.9,22.5,10,10,2022-04-16T05:47:24,2022-04-16T18:12:02,0.5,"Rain, Partially cloudy",Partly cloudy throughout the day with morning rain.,rain,"64700099999,FTTJ,remote"
"N'Djamena, Tchad",2022-04-17,42,28.4,34.1,43.2,29.1,35.3,17.7,39.4,0,0,0,,0,0,24.8,27.7,226,1004.8,49.6,11.9,268.5,23.1,9,10,2022-04-17T05:46:51,2022-04-17T18:12:07,0.52,Partially cloudy,Partly cloudy throughout the day.,partly-cloudy-day,"64700099999,FTTJ,remote"
"N'Djamena, Tchad",2022-04-18,41,25.7,33.2,40.7,25.7,33.8,17,42.3,0,0,0,,0,0,36,27.7,218.3,1006.2,55.5,11.9,261.1,22.5,9,10,2022-04-18T05:46:18,2022-04-18T18:12:13,0.56,Partially cloudy,Partly cloudy throughout the day.,partly-cloudy-day,"64700099999,FTTJ,remote"
"N'Djamena, Tchad",2022-04-19,37.1,25.9,31.3,37.4,25.9,31,14.9,41.8,0,0,0,,0,0,29.9,23.8,289.6,1008.7,62.6,13.2,194.5,16.9,7,10,2022-04-19T05:45:47,2022-04-19T18:12:19,0.59,Partially cloudy,Partly cloudy throughout the day.,partly-cloudy-day,"64700099999,FTTJ,remote"
"N'Djamena, Tchad",2022-04-20,41,28.2,33.6,38.4,26.8,31.9,8.1,23,0,0,0,,0,0,30.2,27.7,352.4,1007.5,30.5,7.7,291.2,25.2,10,10,2022-04-20T05:45:15,2022-04-20T18:12:25,0.63,Partially cloudy,Partly cloudy throughout the day.,partly-cloudy-day,"64700099999,FTTJ,remote"
"N'Djamena, Tchad",2022-04-21,41,29.1,35.1,38.2,27.6,32.8,4.9,16.2,0,0,0,,0,0,33.8,25,29.6,1005.5,47.9,14.3,293.9,25.4,10,10,2022-04-21T05:44:44,2022-04-21T18:12:31,0.67,Partially cloudy,Partly cloudy throughout the day.,partly-cloudy-day,"64700099999,FTTJ,remote"
"N'Djamena, Tchad",2022-04-22,42.2,28.7,35.2,40.7,27.6,33.3,7.7,19.9,0,0,0,,0,0,33.1,22.3,296.4,1005,86.1,19.7,296.7,25.6,10,10,2022-04-22T05:44:14,2022-04-22T18:12:38,0.7,Partially cloudy,Partly cloudy throughout the day.,partly-cloudy-day,"64700099999,remote"
"N'Djamena, Tchad",2022-04-23,43,31,36.3,42.7,31.2,36.3,15,30.1,0,0,0,,0,0,28.1,22,150.8,1005,40.7,11.6,279.7,24,9,10,2022-04-23T05:43:44,2022-04-23T18:12:45,0.75,Partially cloudy,Partly cloudy throughout the day.,partly-cloudy-day,"64700099999,FTTJ,remote"
"N'Djamena, Tchad",2022-04-24,42.4,29.9,35.9,42.7,30.4,35.8,14.1,30,0,0,0,,0,0,24.8,14.8,159.5,1003.9,54.5,13.8,301.5,26.1,10,10,2022-04-24T05:43:15,2022-04-24T18:12:52,0.77,Partially cloudy,Partly cloudy throughout the day.,partly-cloudy-day,"64700099999,FTTJ,remote"
"N'Djamena, Tchad",2022-04-25,41.7,30.4,36.1,44.9,30.2,35.7,13.3,26.8,0,0,0,,0,0,24.5,20.2,235.9,1003.2,92.9,20,261.4,22.5,9,10,2022-04-25T05:42:47,2022-04-25T18:13:00,0.81,Overcast,Cloudy skies throughout the day.,cloudy,"64700099999,remote"
"N'Djamena, Tchad",2022-04-26,41.7,28.2,35.4,43.9,29.9,35.8,15.9,33.3,0,0,0,,0,0,30.2,23,223.8,1003.8,80.5,18.1,270,23.2,10,10,2022-04-26T05:42:19,2022-04-26T18:13:07,0.84,Partially cloudy,Partly cloudy throughout the day.,partly-cloudy-day,"64700099999,FTTJ,remote"
"N'Djamena, Tchad",2022-04-27,42,25.6,33.7,42.7,25.6,33.9,16.3,37.6,8,100,4.17,rain,0,0,72.4,44.6,180.5,1004.8,75.1,17.8,176.5,15.3,9,10,2022-04-27T05:41:52,2022-04-27T18:13:16,0.88,"Rain, Partially cloudy",Partly cloudy throughout the day with late afternoon rain.,rain,"64700099999,FTTJ,remote"
"N'Djamena, Tchad",2022-04-28,38.2,25.7,32.2,39.5,25.7,32.7,17.2,43.2,8,100,4.17,rain,0,0,36.7,24.1,221.7,1006.1,70.3,19.3,155.1,13.4,7,10,2022-04-28T05:41:25,2022-04-28T18:13:24,0.91,"Rain, Partially cloudy",Partly cloudy throughout the day with early morning rain.,rain,"64700099999,FTTJ,remote"
"N'Djamena, Tchad",2022-04-29,42,26.2,34.7,44.5,26.2,34.6,15.1,33.2,0,0,0,,0,0,28.8,20.5,221.9,1006.4,56.7,17.1,292.8,25.4,10,10,2022-04-29T05:40:59,2022-04-29T18:13:33,0.95,Partially cloudy,Partly cloudy throughout the day.,partly-cloudy-day,"64700099999,FTTJ,remote"
"N'Djamena, Tchad",2022-04-30,42,28,35,42.7,29.7,35.6,16.5,35.9,0.3,100,8.33,rain,0,0,31.3,19.4,281.2,1007.3,65.8,15.2,246,21.3,8,10,2022-04-30T05:40:34,2022-04-30T18:13:43,0,"Rain, Partially cloudy",Partly cloudy throughout the day with rain.,rain,"64700099999,FTTJ,remote"
"N'Djamena, Tchad",2022-05-01,44.2,29.2,36.4,44.2,30.1,35.8,13.5,28,0.2,100,4.17,rain,0,0,36.7,30.2,277.7,1006.7,57.9,18.8,305.6,26.3,10,10,2022-05-01T05:40:09,2022-05-01T18:13:52,0.02,"Rain, Partially cloudy",Partly cloudy throughout the day with early morning rain.,rain,"64700099999,FTTJ,remote"
"N'Djamena, Tchad",2022-05-02,44,30.4,36.6,44,31.3,36.5,14.6,28.7,0.5,100,4.17,rain,0,0,34.2,30.6,217.7,1005.2,72.7,18.8,261,22.6,10,10,2022-05-02T05:39:45,2022-05-02T18:14:03,0.05,"Rain, Partially cloudy",Partly cloudy throughout the day with late afternoon rain.,rain,"64700099999,FTTJ,remote"
"N'Djamena, Tchad",2022-05-03,42.7,27.7,35.2,43.5,28.4,35.3,15.4,32.5,0,0,0,,0,0,37.1,33.5,246.9,1006,75.5,18.8,295.6,25.4,10,10,2022-05-03T05:39:22,2022-05-03T18:14:13,0.09,Partially cloudy,Partly cloudy throughout the day.,partly-cloudy-day,"64700099999,FTTJ,remote"
"N'Djamena, Tchad",2022-05-04,41,27,34.6,42.2,28.5,35.2,16.3,37.4,0.2,100,4.17,rain,0,0,29.2,31.7,151.2,1007.8,41.5,14.9,300.3,25.9,9,30,2022-05-04T05:39:00,2022-05-04T18:14:24,0.12,"Rain, Partially cloudy",Partly cloudy throughout the day with morning rain.,rain,"64700099999,FTTJ,remote"
"N'Djamena, Tchad",2022-05-05,42,29.9,35.8,42.1,31,36,15.5,32.1,0,0,0,,0,0,27.7,21.4,200.5,1007.2,67.9,17,275.9,23.8,9,10,2022-05-05T05:38:38,2022-05-05T18:14:35,0.15,Partially cloudy,Partly cloudy throughout the day.,partly-cloudy-day,"64700099999,FTTJ,remote"
"N'Djamena, Tchad",2022-05-06,41.2,27.4,35.1,42,29.2,35.4,16.1,36,0,0,0,,0,0,31,15.8,151.4,1006.8,55.1,18.6,303.3,26.1,10,10,2022-05-06T05:38:18,2022-05-06T18:14:46,0.18,Partially cloudy,Partly cloudy throughout the day.,partly-cloudy-day,"64700099999,FTTJ,remote"
"N'Djamena, Tchad",2022-05-07,42.4,30.2,36.1,43.5,30.6,36.4,15.6,31.2,0,0,0,,0,0,28.8,25.9,285.7,1006.1,60.2,17.1,284.3,24.5,10,10,2022-05-07T05:37:58,2022-05-07T18:14:58,0.22,Partially cloudy,Partly cloudy throughout the day.,partly-cloudy-day,"64700099999,FTTJ,remote"
"N'Djamena, Tchad",2022-05-08,41.4,30,35.6,44.4,31.3,36.5,16.8,34.5,0,0,0,,0,0,46.4,24.1,193.8,1006,50.2,12.5,245.6,21.3,10,10,2022-05-08T05:37:38,2022-05-08T18:15:10,0.25,Partially cloudy,Partly cloudy throughout the day.,partly-cloudy-day,"64700099999,FTTJ,remote"
"N'Djamena, Tchad",2022-05-09,43,27.2,35.5,45.9,29.7,36.6,17.2,36.9,0.4,100,4.17,rain,0,0,19.8,18.4,170.9,1006.1,49.4,13.5,267.6,23.1,10,10,2022-05-09T05:37:20,2022-05-09T18:15:23,0.25,"Rain, Partially cloudy",Partly cloudy throughout the day with late afternoon rain.,rain,"64700099999,FTTJ,remote"
"N'Djamena, Tchad",2022-05-10,41.2,25.3,32.5,43.2,25.3,34.6,19.8,50.5,6,100,4.17,rain,0,0,46.4,40.7,241.4,1006.8,45.6,9.8,259.1,22.4,9,10,2022-05-10T05:37:02,2022-05-10T18:15:36,0.31,"Rain, Partially cloudy",Partly cloudy throughout the day with early morning rain.,rain,"64700099999,FTTJ,remote"
"N'Djamena, Tchad",2022-05-11,40,28,33.2,41.6,29.2,34.3,17.9,41.5,0,0,0,,0,0,39.6,29.5,216.5,1007,40.5,9.9,171.2,14.8,9,10,2022-05-11T05:36:45,2022-05-11T18:15:49,0.35,Partially cloudy,Partly cloudy throughout the day.,partly-cloudy-day,"64700099999,FTTJ,remote"
"N'Djamena, Tchad",2022-05-12,41.1,27.9,34.1,43.4,28.6,35.6,18,40.5,0,0,0,,0,0,34.6,25,227.1,1007.3,41.1,11.1,300.1,25.9,10,10,2022-05-12T05:36:29,2022-05-12T18:16:02,0.38,Partially cloudy,Partly cloudy throughout the day.,partly-cloudy-day,"64700099999,FTTJ,remote"
"N'Djamena, Tchad",2022-05-13,41.9,30,36,44.6,30.9,37.3,17.5,35.2,0,0,0,,0,0,32.4,24.8,237.1,1006.7,29.4,11.5,295,25.5,10,10,2022-05-13T05:36:14,2022-05-13T18:16:16,0.41,Partially cloudy,Partly cloudy throughout the day.,partly-cloudy-day,"64700099999,FTTJ,remote"
"N'Djamena, Tchad",2022-05-14,39.9,27.9,31.9,39.1,29.2,32.9,17.7,44.6,0,0,0,,0,0,44.6,24.1,182.6,1008.8,44.4,10.8,279.8,24.2,10,10,2022-05-14T05:36:00,2022-05-14T18:16:30,0.44,Partially cloudy,Partly cloudy throughout the day.,partly-cloudy-day,"64700099999,FTTJ,remote"
"N'Djamena, Tchad",2022-05-15,38.9,27.9,33,38.6,29.7,34,17.9,43.9,0,0,0,,0,0,30.2,18,146.7,1009.7,38.3,11.7,295.3,25.7,10,10,2022-05-15T05:35:46,2022-05-15T18:16:45,0.48,Partially cloudy,Partly cloudy throughout the day.,partly-cloudy-day,"64700099999,FTTJ,remote"
"N'Djamena, Tchad",2022-05-16,40,27,33.6,40.4,28.5,34.7,17.9,41.5,0,0,0,,0,0,27.4,25.9,83.8,1009.8,34.1,11.3,301.2,26.1,10,10,2022-05-16T05:35:33,2022-05-16T18:16:59,0.5,Partially cloudy,Partly cloudy throughout the day.,partly-cloudy-day,"64700099999,FTTJ,remote"
"N'Djamena, Tchad",2022-05-17,39.2,25,33,40.8,25,33.9,18,43.6,9,100,4.17,rain,0,0,20.9,26.8,133.8,1008.3,43.8,12.6,245,21,9,10,2022-05-17T05:35:21,2022-05-17T18:17:14,0.54,"Rain, Partially cloudy",Partly cloudy throughout the day with late afternoon rain.,rain,"64700099999,FTTJ,remote"
"N'Djamena, Tchad",2022-05-18,31.5,23.7,27.6,34.1,23.7,29.3,21.6,71.5,3,100,4.17,rain,0,0,33.8,22.3,162.2,1009.2,61.2,10.6,125,10.8,6,10,2022-05-18T05:35:10,2022-05-18T18:17:30,0.58,"Rain, Partially cloudy",Partly cloudy throughout the day with early morning rain.,rain,"64700099999,FTTJ,remote"
"N'Djamena, Tchad",2022-05-19,38,26,31.6,38.7,26,32.5,18.4,48.7,0,0,0,,0,0,22.7,14.8,185,1009,68.5,13.7,116.4,10,5,10,2022-05-19T05:35:00,2022-05-19T18:17:45,0.61,Partially cloudy,Partly cloudy throughout the day.,partly-cloudy-day,"64700099999,FTTJ,remote"
"N'Djamena, Tchad",2022-05-20,42,29,35.2,40.1,29.8,34.8,12.9,31.4,0,0,0,,0,0,38.5,18.4,104.1,1007.6,38.5,11.4,304.9,26.4,10,10,2022-05-20T05:34:51,2022-05-20T18:18:01,0.65,Partially cloudy,Partly cloudy throughout the day.,partly-cloudy-day,"64700099999,FTTJ,remote"
"N'Djamena, Tchad",2022-05-21,41.1,28.9,34.3,39.6,28.3,33.8,12.4,29.2,0,0,0,,0,0,34.2,20.5,79.6,1008.5,28,10.4,310.8,26.9,10,10,2022-05-21T05:34:42,2022-05-21T18:18:17,0.68,Partially cloudy,Partly cloudy throughout the day.,partly-cloudy-day,"64700099999,FTTJ,remote"
"N'Djamena, Tchad",2022-05-22,41,26,35.1,37.8,26,32.8,4.6,17.4,0,0,0,,0,0,45.7,29.5,27.7,1008.9,24,8.8,290.7,25,9,10,2022-05-22T05:34:34,2022-05-22T18:18:33,0.75,Partially cloudy,Partly cloudy throughout the day.,partly-cloudy-day,"64700099999,FTTJ,remote"
"N'Djamena, Tchad",2022-05-23,42,27,34.8,39,26.1,32.8,4.4,17,0,0,0,,0,0,49.3,30.2,55.8,1007.1,29.8,12.7,312.4,27,10,10,2022-05-23T05:34:27,2022-05-23T18:18:50,0.75,Partially cloudy,Partly cloudy throughout the day.,partly-cloudy-day,"64700099999,FTTJ,remote"
"N'Djamena, Tchad",2022-05-24,40,28,34.1,39.1,29.2,34.4,15.7,36.3,0,0,0,,0,0,46.1,16.6,125,1008.8,45.7,11.7,216.1,18.6,7,10,2022-05-24T05:34:21,2022-05-24T18:19:06,0.79,Partially cloudy,Partly cloudy throughout the day.,partly-cloudy-day,"64700099999,FTTJ,remote"
"N'Djamena, Tchad",2022-05-25,41.2,29,35,40.9,30.3,35.2,15.4,33.4,0,0,0,,0,0,32,20.9,245.6,1010.4,20.4,11.7,301.6,26.1,10,10,2022-05-25T05:34:16,2022-05-25T18:19:23,0.82,Partially cloudy,Partly cloudy throughout the day.,partly-cloudy-day,"64700099999,FTTJ,remote"
"N'Djamena, Tchad",2022-05-26,42.2,27,34.7,39.6,28,33.7,11.4,29.2,0,0,0,,0,0,32.8,18.4,354.3,1010.3,27.6,11.1,311.7,26.9,10,10,2022-05-26T05:34:12,2022-05-26T18:19:40,0.86,Partially cloudy,Partly cloudy throughout the day.,partly-cloudy-day,"64700099999,FTTJ,remote"
"N'Djamena, Tchad",2022-05-27,41.2,27,34.1,40.4,28.2,33.5,12.6,31.5,0,0,0,,0,0,28.4,18.4,109,1009.7,30.1,11.9,308.8,26.9,10,10,2022-05-27T05:34:08,2022-05-27T18:19:57,0.89,Partially cloudy,Partly cloudy throughout the day.,partly-cloudy-day,"64700099999,FTTJ,remote"
"N'Djamena, Tchad",2022-05-28,42,25.1,34.1,37.9,25.1,31.9,1.7,16.8,0,0,0,,0,0,40.7,24.1,4.9,1008.3,20.5,13,321.1,27.8,10,10,2022-05-28T05:34:05,2022-05-28T18:20:14,0.93,Partially cloudy,Partly cloudy throughout the day.,partly-cloudy-day,"64700099999,FTTJ,remote"
"N'Djamena, Tchad",2022-05-29,42,24.8,33.3,38.8,24.8,31.4,4,19.5,0,0,0,,0,0,33.5,24.1,52.7,1007.7,31.8,11.8,322.7,27.9,10,10,2022-05-29T05:34:03,2022-05-29T18:20:32,0.96,Partially cloudy,Partly cloudy throughout the day.,partly-cloudy-day,"64700099999,FTTJ,remote"
"N'Djamena, Tchad",2022-05-30,41.1,24.2,33.5,40.9,24.2,33.3,12.6,29.5,0,0,0,,0,0,32.8,22.3,167.1,1007.8,23.1,9.4,304.5,26.3,10,10,2022-05-30T05:34:02,2022-05-30T18:20:49,0,Partially cloudy,Partly cloudy throughout the day.,partly-cloudy-day,"64700099999,FTTJ,remote"
"N'Djamena, Tchad",2022-05-31,39.4,26,33.6,41.2,26,33.8,16.1,37.8,0,0,0,,0,0,38.9,22.3,160.9,1008.2,27.7,16.2,288.8,24.9,10,10,2022-05-31T05:34:02,2022-05-31T18:21:06,0.03,Partially cloudy,Partly cloudy throughout the day.,partly-cloudy-day,"64700099999,FTTJ,remote"
"N'Djamena, Tchad",2022-06-01,41.2,27,34.6,40.6,27.5,34.3,14.3,31.7,0,0,0,,0,0,24.5,15.5,227.1,1009.2,28.6,14.2,304.2,26.4,10,10,2022-06-01T05:34:02,2022-06-01T18:21:24,0.07,Partially cloudy,Partly cloudy throughout the day.,partly-cloudy-day,"64700099999,FTTJ,remote"
"N'Djamena, Tchad",2022-06-02,43,26.8,35.2,39.8,27,33.2,6.2,21.7,0,0,0,,0,0,24.1,25.9,24.5,1004.8,17.5,15.5,319,27.6,10,10,2022-06-02T05:34:04,2022-06-02T18:21:41,0.1,Clear,Clear conditions throughout the day.,clear-day,"64700099999,FTTJ,remote"
"N'Djamena, Tchad",2022-06-03,41.4,28.4,35,41.7,28.8,35,14.6,31.2,0,0,0,,0,0,45.7,23.4,193.8,1005.8,48.5,17.2,278.3,24.3,9,10,2022-06-03T05:34:06,2022-06-03T18:21:59,0.13,Partially cloudy,Partly cloudy throughout the day.,partly-cloudy-day,"64700099999,FTTJ,remote"
"N'Djamena, Tchad",2022-06-04,34.9,29.3,31.6,35.6,29.6,32.1,17.3,42.7,0.5,100,4.17,rain,0,0,42.5,35.6,164.2,1007.8,70.8,16.4,185.4,15.9,8,10,2022-06-04T05:34:08,2022-06-04T18:22:16,0.17,"Rain, Partially cloudy",Partly cloudy throughout the day with morning rain.,rain,"64700099999,FTTJ,remote"
"N'Djamena, Tchad",2022-06-05,37.4,27.7,31.3,38.3,28.2,31.6,16.4,41.7,0.2,100,8.33,rain,0,0,29.9,22.3,177.4,1009.5,80.2,19.4,215.4,18.6,9,10,2022-06-05T05:34:12,2022-06-05T18:22:33,0.2,"Rain, Partially cloudy",Partly cloudy throughout the day with rain.,rain,"64700099999,remote"
"N'Djamena, Tchad",2022-06-06,41,28.3,34.9,40.7,28.9,35,15.6,33.3,0.4,100,8.33,rain,0,0,24.5,19.1,290.8,1008.9,56.9,14.2,269.7,23.4,9,10,2022-06-06T05:34:16,2022-06-06T18:22:51,0.23,"Rain, Partially cloudy",Partly cloudy throughout the day with rain clearing later.,rain,"64700099999,FTTJ,remote"
"N'Djamena, Tchad",2022-06-07,43,28.9,35.6,40.4,28.3,34,9.4,23.9,0,0,0,,0,0,36,22.3,331.7,1006.8,21.9,13.9,310.5,26.9,10,10,2022-06-07T05:34:21,2022-06-07T18:23:08,0.25,Partially cloudy,Partly cloudy throughout the day.,partly-cloudy-day,"64700099999,FTTJ,remote"
"N'Djamena, Tchad",2022-06-08,43.2,26.9,36,40.8,26.8,33.8,6.9,18.5,0,0,0,,0,0,38.9,15.8,346.9,1005.5,35.3,14.9,309.8,26.9,10,10,2022-06-08T05:34:26,2022-06-08T18:23:25,0.3,Partially cloudy,Partly cloudy throughout the day.,partly-cloudy-day,"64700099999,FTTJ,remote"
"N'Djamena, Tchad",2022-06-09,38.3,28.6,33.5,38.9,28.7,33.7,15.2,34.3,0,0,0,,0,0,44.6,33.5,169.9,1007.3,65,15.8,271.7,23.3,10,30,2022-06-09T05:34:32,2022-06-09T18:23:42,0.33,Partially cloudy,Partly cloudy throughout the day.,partly-cloudy-day,"64700099999,FTTJ,remote"
"N'Djamena, Tchad",2022-06-10,38.2,27.5,32.5,39.9,28.2,33.4,17.6,42.9,0.6,100,4.17,rain,0,0,35.6,20.5,141.3,1008.7,56.6,15.4,249.7,21.6,9,10,2022-06-10T05:34:39,2022-06-10T18:23:58,0.37,"Rain, Partially cloudy",Partly cloudy throughout the day with late afternoon rain.,rain,"64700099999,FTTJ,remote"
"N'Djamena, Tchad",2022-06-11,39.1,25,31.9,41.4,25,32.9,18.6,48.7,2.8,100,4.17,rain,0,0,53.6,35.3,185.7,1009.6,61.5,15.4,252.7,21.7,9,10,2022-06-11T05:34:47,2022-06-11T18:24:15,0.4,"Rain, Partially cloudy",Partly cloudy throughout the day with late afternoon rain.,rain,"64700099999,FTTJ,remote"
"N'Djamena, Tchad",2022-06-12,40.1,24.9,32.8,47,24.9,33.8,17.7,43.8,1,100,4.17,rain,0,0,36,25.9,246,1008.4,60.4,18,284.2,24.5,9,10,2022-06-12T05:34:55,2022-06-12T18:24:31,0.43,"Rain, Partially cloudy",Partly cloudy throughout the day with early morning rain.,rain,"64700099999,FTTJ,remote"
"N'Djamena, Tchad",2022-06-13,36.2,25.4,30.4,37,25.4,31.5,18.8,51.3,1.7,100,8.33,rain,0,0,40.7,30.6,183.2,1009,74.8,14.4,182.5,15.8,9,10,2022-06-13T05:35:04,2022-06-13T18:24:47,0.47,"Rain, Partially cloudy",Partly cloudy throughout the day with rain clearing later.,rain,"64700099999,FTTJ,remote"
"N'Djamena, Tchad",2022-06-14,38.3,26.4,31.6,38.8,26.4,32.3,17.8,46.5,0.3,100,4.17,rain,0,0,29.9,21.2,162.3,1009.1,69.7,16.8,168,14.5,9,10,2022-06-14T05:35:13,2022-06-14T18:25:03,0.5,"Rain, Partially cloudy",Partly cloudy throughout the day with morning rain.,rain,"64700099999,FTTJ,remote"
"N'Djamena, Tchad",2022-06-15,36.1,24.2,29.7,36.7,24.2,31.2,19.7,57.4,7,100,4.17,rain,0,0,40.3,29.5,140.9,1009.1,56,14.7,215.6,18.7,9,10,2022-06-15T05:35:23,2022-06-15T18:25:18,0.53,"Rain, Partially cloudy",Partly cloudy throughout the day with afternoon rain.,rain,"64700099999,FTTJ,remote"
"N'Djamena, Tchad",2022-06-16,38.9,25.4,32.5,41.3,25.4,33.1,17.4,43,0.2,100,8.33,rain,0,0,28.8,23.4,278.8,1007.1,63.3,19.4,236.8,20.4,9,10,2022-06-16T05:35:33,2022-06-16T18:25:33,0.57,"Rain, Partially cloudy",Partly cloudy throughout the day with late afternoon rain.,rain,"64700099999,FTTJ,remote"
"N'Djamena, Tchad",2022-06-17,35.8,21,28.8,36.7,21,30,19.7,60.9,8,100,12.5,rain,0,0,29.9,27.7,220.5,1009.1,86.7,18.4,182.2,15.8,8,30,2022-06-17T05:35:44,2022-06-17T18:25:48,0.6,"Rain, Partially cloudy",Partly cloudy throughout the day with rain.,rain,"64700099999,FTTJ,remote"
"N'Djamena, Tchad",2022-06-18,33.5,24.1,28.3,34.2,24.1,29.1,19.5,60.7,0,0,0,,0,0,33.1,24.1,218.7,1010.7,68.4,17.2,248.1,21.4,9,10,2022-06-18T05:35:56,2022-06-18T18:26:03,0.64,Partially cloudy,Partly cloudy throughout the day.,partly-cloudy-day,"64700099999,FTTJ,remote"
"N'Djamena, Tchad",2022-06-19,37.4,23.7,31.2,39.3,23.7,32,18.2,48.8,0.3,100,12.5,rain,0,0,34.6,23.4,226.5,1009.8,48.6,18.7,295.4,25.5,9,10,2022-06-19T05:36:07,2022-06-19T18:26:17,0.67,"Rain, Partially cloudy",Partly cloudy throughout the day with late afternoon rain.,rain,"64700099999,FTTJ,remote"
"N'Djamena, Tchad",2022-06-20,38.8,26,31.9,42.5,26,33.2,18.7,48.8,1.1,100,8.33,rain,0,0,33.8,31.7,189.1,1010,62.4,17.1,269.7,23.3,9,30,2022-06-20T05:36:20,2022-06-20T18:26:30,0.7,"Rain, Partially cloudy",Partly cloudy throughout the day with rain.,rain,"64700099999,FTTJ,remote"
"N'Djamena, Tchad",2022-06-21,36,24,30.4,41.3,24,31.7,19.4,54.6,0.2,100,4.17,rain,0,0,40.7,22.7,199.2,1009.5,65.2,13.4,251.9,21.7,9,10,2022-06-21T05:36:33,2022-06-21T18:26:43,0.75,"Rain, Partially cloudy",Partly cloudy throughout the day with early morning rain.,rain,"64700099999,FTTJ,remote"
"N'Djamena, Tchad",2022-06-22,37.8,26,31.7,38.6,26,32.5,18,46.6,0.1,100,4.17,rain,0,0,53.6,35.3,156.5,1009.3,52.6,15,228.9,19.8,9,10,2022-06-22T05:36:46,2022-06-22T18:26:56,0.77,"Rain, Partially cloudy",Partly cloudy throughout the day with afternoon rain.,rain,"64700099999,FTTJ,remote"
"N'Djamena, Tchad",2022-06-23,39.2,27,32.4,42.3,28.5,33.9,18.7,46.4,0.8,100,4.17,rain,0,0,25.6,25.9,239,1008,47,15.5,291.3,25.2,9,30,2022-06-23T05:36:59,2022-06-23T18:27:08,0.81,"Rain, Partially cloudy",Partly cloudy throughout the day with late afternoon rain.,rain,"64700099999,FTTJ,remote"
"N'Djamena, Tchad",2022-06-24,38,25,32,41,25,33.2,18.8,48.6,0,0,0,,0,0,33.8,24.1,222,1007.2,64.6,14.6,278.8,24.1,9,30,2022-06-24T05:37:13,2022-06-24T18:27:20,0.84,Partially cloudy,Partly cloudy throughout the day.,partly-cloudy-day,"64700099999,FTTJ,remote"
"N'Djamena, Tchad",2022-06-25,38,27.3,32.4,39,28,33.3,17.7,42.8,0.3,100,4.17,rain,0,0,28.4,21.2,202.1,1008.5,63.9,15.5,246.6,21.3,9,30,2022-06-25T05:37:27,2022-06-25T18:27:31,0.87,"Rain, Partially cloudy",Partly cloudy throughout the day with late afternoon rain.,rain,"64700099999,FTTJ,remote"
"N'Djamena, Tchad",2022-06-26,38.4,27.2,32.1,41.5,28.8,33.4,18.4,45.6,0,0,0,,0,0,21.2,29.5,250.4,1009.8,53.2,16,206.8,17.7,8,30,2022-06-26T05:37:42,2022-06-26T18:27:42,0.91,Partially cloudy,Partly cloudy throughout the day.,partly-cloudy-day,"64700099999,FTTJ,remote"
"N'Djamena, Tchad",2022-06-27,36.3,25.1,31.5,38.7,25.1,32.7,18.9,48.6,0,0,0,,0,0,31,29.5,223.7,1009.7,57.7,15.9,265.2,22.8,9,30,2022-06-27T05:37:57,2022-06-27T18:27:51,0.94,Partially cloudy,Partly cloudy throughout the day.,partly-cloudy-day,"64700099999,FTTJ,remote"
"N'Djamena, Tchad",2022-06-28,34.9,25.8,29.2,35.7,25.8,30.4,19.3,56.6,0.6,100,8.33,rain,0,0,43.9,29.5,180.3,1010.4,64.9,13.7,250.3,21.7,9,10,2022-06-28T05:38:12,2022-06-28T18:28:01,0.98,"Rain, Partially cloudy",Partly cloudy throughout the day with rain clearing later.,rain,"64700099999,FTTJ,remote"
"N'Djamena, Tchad",2022-06-29,36.1,26.5,31,39.3,26.5,32.4,19.5,52.6,0.9,100,4.17,rain,0,0,26.6,16.9,165,1010.1,52.7,15.4,248.1,21.4,9,10,2022-06-29T05:38:27,2022-06-29T18:28:10,0,"Rain, Partially cloudy",Partly cloudy throughout the day with morning rain.,rain,"64700099999,FTTJ,remote"
"N'Djamena, Tchad",2022-06-30,34.1,22.4,28.1,36.5,22.4,29.3,20.7,66.1,8.2,100,8.33,rain,0,0,45.4,31.7,158.5,1010.3,59.4,13.6,196.3,16.9,9,10,2022-06-30T05:38:43,2022-06-30T18:28:18,0.05,"Rain, Partially cloudy",Partly cloudy throughout the day with rain in the morning and afternoon.,rain,"64700099999,FTTJ,remote"
"N'Djamena, Tchad",2022-07-01,34.2,23.4,28.8,35.9,23.4,30.2,20.8,64,0.1,100,4.17,rain,0,0,23,20.5,180.8,1011.1,50.9,13.7,264.5,22.9,8,30,2022-07-01T05:38:58,2022-07-01T18:28:25,0.08,"Rain, Partially cloudy",Partly cloudy throughout the day with late afternoon rain.,rain,"64700099999,FTTJ,remote"
"N'Djamena, Tchad",2022-07-02,36.1,24.7,29.1,40,24.7,30.4,20.8,63.6,1.4,100,12.5,rain,0,0,21.6,22.3,211.1,1012.6,62.1,15.1,192.8,16.5,6,30,2022-07-02T05:39:14,2022-07-02T18:28:32,0.11,"Rain, Partially cloudy",Partly cloudy throughout the day with late afternoon rain.,rain,"64700099999,FTTJ,remote"
"N'Djamena, Tchad",2022-07-03,36.3,24,29,38.9,24,30.2,20.8,64.8,0,0,0,,0,0,31,24.1,207.3,1011,60.4,14,273.8,23.6,9,30,2022-07-03T05:39:30,2022-07-03T18:28:38,0.15,Partially cloudy,Partly cloudy throughout the day.,partly-cloudy-day,"64700099999,FTTJ,remote"
"N'Djamena, Tchad",2022-07-04,36.5,25,30.2,39.7,25,32.1,20.7,59.4,0.2,100,4.17,rain,0,0,26.6,23,192.4,1010,48,15.1,265,22.9,8,30,2022-07-04T05:39:46,2022-07-04T18:28:43,0.18,"Rain, Partially cloudy",Partly cloudy throughout the day with late afternoon rain.,rain,"64700099999,FTTJ,remote"
"N'Djamena, Tchad",2022-07-05,37.3,26,30.8,40,26,32.5,20.5,57.5,2.8,100,8.33,rain,0,0,70.6,46.4,239.6,1010.5,65.7,13.4,273.3,23.8,9,30,2022-07-05T05:40:02,2022-07-05T18:28:48,0.22,"Rain, Partially cloudy",Partly cloudy throughout the day with late afternoon rain.,rain,"64700099999,FTTJ,remote"
"N'Djamena, Tchad",2022-07-06,33.5,21.7,27.6,35.4,21.7,28.6,20.3,66.2,1.2,100,8.33,rain,0,0,41,23,204.9,1011.2,83.3,17.7,139.7,12.1,8,30,2022-07-06T05:40:19,2022-07-06T18:28:52,0.25,"Rain, Partially cloudy",Partly cloudy throughout the day with early morning rain.,rain,"64700099999,FTTJ,remote"
"N'Djamena, Tchad",2022-07-07,35.7,24.7,30.3,39.1,24.7,31.8,20.3,57.9,0,0,0,,0,0,25.6,16.6,215.6,1010,53.6,15.4,283.7,24.6,9,10,2022-07-07T05:40:35,2022-07-07T18:28:55,0.25,Partially cloudy,Partly cloudy throughout the day.,partly-cloudy-day,"64700099999,FTTJ,remote"
"N'Djamena, Tchad",2022-07-08,38,24.8,30.3,42.3,24.8,32.7,21.2,60.7,1.9,100,16.67,rain,0,0,41.4,24.1,199,1009.9,63,12.1,281.6,24.4,9,10,2022-07-08T05:40:51,2022-07-08T18:28:57,0.32,"Rain, Partially cloudy",Partly cloudy throughout the day with rain.,rain,"64700099999,FTTJ,remote"
"N'Djamena, Tchad",2022-07-09,33,23,27.7,38.1,23,29.5,21.2,69.3,0.6,100,4.17,rain,0,0,42.5,23.8,184.5,1010.8,67.5,12.2,109.7,9.4,7,10,2022-07-09T05:41:07,2022-07-09T18:28:59,0.35,"Rain, Partially cloudy",Partly cloudy throughout the day with early morning rain.,rain,"64700099999,FTTJ,remote"
"N'Djamena, Tchad",2022-07-10,36,25,29.8,38.9,25,31.4,20.4,58.7,0,0,0,,0,0,36.7,29.5,247,1008.9,62.6,13.7,241.5,20.8,9,10,2022-07-10T05:41:24,2022-07-10T18:29:00,0.39,Partially cloudy,Clearing in the afternoon.,partly-cloudy-day,"64700099999,FTTJ,remote"
"N'Djamena, Tchad",2022-07-11,37,26,30.8,40.7,26,32.4,20.1,55.6,0,0,0,,0,0,38.2,25.9,251.5,1007.8,49.7,14.5,288.6,25.1,9,10,2022-07-11T05:41:40,2022-07-11T18:29:00,0.42,Partially cloudy,Partly cloudy throughout the day.,partly-cloudy-day,"64700099999,FTTJ,remote"
"N'Djamena, Tchad",2022-07-12,37,26.3,30.6,42.8,26.3,33.2,21,58.3,0,0,0,,0,0,48.6,26.6,224.6,1008.6,40.1,11.5,225.3,19.1,9,30,2022-07-12T05:41:56,2022-07-12T18:28:59,0.46,Partially cloudy,Partly cloudy throughout the day.,partly-cloudy-day,"64700099999,FTTJ,remote"
"N'Djamena, Tchad",2022-07-13,34,25,29,36.5,25,30.3,20,59.6,0.1,100,4.17,rain,0,0,42.8,29.5,161.5,1009.8,59.7,11.8,152.5,13,5,10,2022-07-13T05:42:12,2022-07-13T18:28:57,0.5,"Rain, Partially cloudy",Partly cloudy throughout the day with early morning rain.,rain,"64700099999,FTTJ,remote"
"N'Djamena, Tchad",2022-07-14,34.2,24.1,29.2,39.3,24.1,32,22.5,68.7,3.5,100,16.67,rain,0,0,35.3,20.5,194.3,1008.9,71.7,10.9,205.1,17.5,8,30,2022-07-14T05:42:28,2022-07-14T18:28:55,0.52,"Rain, Partially cloudy",Partly cloudy throughout the day with rain.,rain,"64700099999,FTTJ,remote"
"N'Djamena, Tchad",2022-07-15,31,23.7,26.7,34.6,23.7,27.6,22.2,77.4,3.6,100,25,rain,0,0,24.1,22.3,237.8,1009.5,78.9,14.5,162.5,14,9,10,2022-07-15T05:42:44,2022-07-15T18:28:51,0.56,"Rain, Partially cloudy",Partly cloudy throughout the day with a chance of rain throughout the day.,rain,"64700099999,FTTJ,remote"
"N'Djamena, Tchad",2022-07-16,30,23.7,25.7,35.1,23.7,26.6,22.4,82.1,7.2,100,25,rain,0,0,13.3,22.3,226,1010.9,81,14.1,32.3,2.8,3,10,2022-07-16T05:42:59,2022-07-16T18:28:47,0.59,"Rain, Partially cloudy",Partly cloudy throughout the day with a chance of rain throughout the day.,rain,"64700099999,FTTJ,remote"
"N'Djamena, Tchad",2022-07-17,29,23,25.5,32,23,26.4,21.9,80.9,2.9,100,16.67,rain,0,0,40.3,27.7,219.2,1012.7,68.4,12.3,85.2,7.4,4,10,2022-07-17T05:43:15,2022-07-17T18:28:42,0.62,"Rain, Partially cloudy",Partly cloudy throughout the day with rain clearing later.,rain,"64700099999,FTTJ,remote"
"N'Djamena, Tchad",2022-07-18,33.1,23,26.8,37,23,28.2,21.5,74.3,0.1,100,4.17,rain,0,0,29.5,22.3,248.1,1011.6,63.6,15.1,125.3,10.8,7,10,2022-07-18T05:43:30,2022-07-18T18:28:36,0.66,"Rain, Partially cloudy",Partly cloudy throughout the day with morning rain.,rain,"64700099999,FTTJ,remote"
"N'Djamena, Tchad",2022-07-19,34,22,28.3,36.9,22,29.9,21.4,68.6,0,0,0,rain,0,0,30.6,27.7,246.2,1009.9,54.3,11.6,236,20.4,9,10,2022-07-19T05:43:45,2022-07-19T18:28:29,0.69,Partially cloudy,Partly cloudy throughout the day.,partly-cloudy-day,"64700099999,FTTJ,remote"
"N'Djamena, Tchad",2022-07-20,28.7,20.8,24.8,32.5,20.8,25.4,21.4,81.8,2.7,100,8.33,rain,0,0,19.1,29.5,197.8,1011,75.8,14.7,85.3,7.5,6,10,2022-07-20T05:44:00,2022-07-20T18:28:21,0.75,"Rain, Partially cloudy",Partly cloudy throughout the day with rain clearing later.,rain,"64700099999,FTTJ,remote"
"N'Djamena, Tchad",2022-07-21,32.9,23.4,28,38.1,23.4,29.6,21.3,68.9,3,100,4.17,rain,0,0,19.1,11.5,204,1009.8,73.9,18.6,262.5,22.8,9,30,2022-07-21T05:44:14,2022-07-21T18:28:13,0.76,"Rain, Partially cloudy",Partly cloudy throughout the day with early morning rain.,rain,"64700099999,FTTJ,remote"
"N'Djamena, Tchad",2022-07-22,29.2,21.7,25.9,31.4,21.7,26.7,21.7,78.4,17,100,4.17,rain,0,0,76,51.8,229.7,1010,66.6,14.1,181.8,15.6,7,30,2022-07-22T05:44:29,2022-07-22T18:28:03,0.79,"Rain, Partially cloudy",Partly cloudy throughout the day with late afternoon rain.,rain,"64700099999,FTTJ,remote"
"N'Djamena, Tchad",2022-07-23,33.5,23.2,27.8,36.8,23.2,29.8,21.9,71.7,0,0,0,,0,0,21.6,18.4,210.8,1010.7,60,14.7,247.4,21.4,9,30,2022-07-23T05:44:43,2022-07-23T18:27:53,0.82,Partially cloudy,Partly cloudy throughout the day.,partly-cloudy-day,"64700099999,FTTJ,remote"
"N'Djamena, Tchad",2022-07-24,34.1,25.9,29.5,39.7,25.9,32.6,22.9,69.1,0,0,0,,0,0,31,20.5,239.9,1010,50,12,227.6,19.8,9,30,2022-07-24T05:44:56,2022-07-24T18:27:42,0.86,Partially cloudy,Partly cloudy throughout the day.,partly-cloudy-day,"64700099999,FTTJ,remote"
"N'Djamena, Tchad",2022-07-25,36.9,26,30.9,43.9,26,34.9,22.9,65,0,0,0,,0,0,32,22,239,1007.7,59.9,14.6,289.4,24.9,9,30,2022-07-25T05:45:10,2022-07-25T18:27:30,0.89,Partially cloudy,Partly cloudy throughout the day.,partly-cloudy-day,"64700099999,FTTJ,remote"
"N'Djamena, Tchad",2022-07-26,36.8,24.4,29.1,43.3,24.4,31.6,21.4,64.8,0.6,100,4.17,rain,0,0,44.6,38.9,222.7,1007.4,73.3,13.4,234.5,20.1,8,30,2022-07-26T05:45:23,2022-07-26T18:27:17,0.92,"Rain, Partially cloudy",Partly cloudy throughout the day with late afternoon rain.,rain,"64700099999,FTTJ,remote"
"N'Djamena, Tchad",2022-07-27,28,22.4,25.1,31.2,22.4,25.6,22.1,83.8,1.2,100,8.33,rain,0,0,42.5,22.7,216.8,1009,71,11.5,35.8,3.2,2,10,2022-07-27T05:45:36,2022-07-27T18:27:03,0.96,"Rain, Partially cloudy",Partly cloudy throughout the day with rain in the morning and afternoon.,rain,"64700099999,FTTJ,remote"
"N'Djamena, Tchad",2022-07-28,32.1,22.4,26.7,34.6,22.4,28.2,21.4,74.2,0.3,100,8.33,rain,0,0,24.8,20.5,229.8,1009.7,59.3,14.6,281.2,24.4,9,30,2022-07-28T05:45:48,2022-07-28T18:26:48,0,"Rain, Partially cloudy",Partly cloudy throughout the day with late afternoon rain.,rain,"64700099999,FTTJ,remote"
"N'Djamena, Tchad",2022-07-29,32.2,23,27.2,37.7,23,28.6,22.1,75.1,0,0,0,rain,0,0,35.3,27.7,233.6,1010.7,61.7,11.7,96.3,8.4,7,30,2022-07-29T05:46:01,2022-07-29T18:26:32,0.02,Partially cloudy,Partly cloudy throughout the day.,partly-cloudy-day,"64700099999,FTTJ,remote"
"N'Djamena, Tchad",2022-07-30,28,22.6,25.2,31.4,22.6,26,21.9,82.5,2,100,4.17,rain,0,0,39.6,25.9,244,1010.6,56.5,10.5,74,6.4,3,5,2022-07-30T05:46:12,2022-07-30T18:26:16,0.06,"Rain, Partially cloudy",Partly cloudy throughout the day with early morning rain.,rain,"64700099999,FTTJ,remote"
"N'Djamena, Tchad",2022-07-31,32,21.8,27,35.8,21.8,28.3,21.6,74.5,43,100,4.17,rain,0,0,29.2,22.3,232.8,1010.5,65.4,14.7,270.3,23.3,9,30,2022-07-31T05:46:24,2022-07-31T18:25:59,0.09,"Rain, Partially cloudy",Partly cloudy throughout the day with late afternoon rain.,rain,"64700099999,FTTJ,remote"
"N'Djamena, Tchad",2022-08-01,27.8,22.1,24.2,29.6,22.1,24.4,22.5,90.7,21,100,8.33,rain,0,0,30.2,14.8,182.5,1011.1,68.5,10.8,19.4,1.6,1,10,2022-08-01T05:46:35,2022-08-01T18:25:40,0.13,"Rain, Partially cloudy",Partly cloudy throughout the day with rain.,rain,"64700099999,FTTJ,remote"
"N'Djamena, Tchad",2022-08-02,30,22.2,25.5,34.1,22.2,26.5,22.4,84.2,0.2,100,4.17,rain,0,0,35.6,22.3,206.8,1010.9,76.8,12.1,160.6,13.8,7,10,2022-08-02T05:46:46,2022-08-02T18:25:21,0.16,"Rain, Partially cloudy",Partly cloudy throughout the day with late afternoon rain.,rain,"64700099999,FTTJ,remote"
"N'Djamena, Tchad",2022-08-03,31.7,22.2,26.8,36,22.2,28.2,21.9,75.7,0,0,0,,0,0,30.2,13,208.3,1010.5,61.4,12.5,190.5,16.7,9,10,2022-08-03T05:46:56,2022-08-03T18:25:02,0.2,Partially cloudy,Partly cloudy throughout the day.,partly-cloudy-day,"64700099999,FTTJ,remote"
"N'Djamena, Tchad",2022-08-04,33.4,24.2,28.5,37,24.2,30.3,21.2,66.2,2.3,100,4.17,rain,0,0,25.2,18.4,254.2,1010.1,49,14.8,288.1,24.9,10,30,2022-08-04T05:47:06,2022-08-04T18:24:41,0.23,"Rain, Partially cloudy",Partly cloudy throughout the day with late afternoon rain.,rain,"64700099999,FTTJ,remote"
"N'Djamena, Tchad",2022-08-05,31,21.2,26.1,36.5,21.2,27.6,22.3,80.3,42,100,8.33,rain,0,0,53.6,33.5,261.6,1011.3,65.7,11.9,125,10.8,6,10,2022-08-05T05:47:16,2022-08-05T18:24:19,0.25,"Rain, Partially cloudy",Partly cloudy throughout the day with rain clearing later.,rain,"64700099999,FTTJ,remote"
"N'Djamena, Tchad",2022-08-06,33.3,22.6,28,39.7,22.6,30.7,22.3,72.4,0.2,100,8.33,rain,0,0,30.2,22.3,248.9,1009.9,61.7,14.3,290.7,25.1,10,60,2022-08-06T05:47:25,2022-08-06T18:23:57,0.3,"Rain, Partially cloudy",Partly cloudy throughout the day with rain clearing later.,rain,"64700099999,FTTJ,remote"
"N'Djamena, Tchad",2022-08-07,33,22.7,27,40.6,22.7,28.8,22.8,79.2,35,100,4.17,rain,0,0,64.8,35.3,220.5,1008,66.9,11.7,183.8,15.8,9,60,2022-08-07T05:47:34,2022-08-07T18:23:34,0.34,"Rain, Partially cloudy",Partly cloudy throughout the day with late afternoon rain.,rain,"64700099999,FTTJ,remote"
"N'Djamena, Tchad",2022-08-08,31,22,25.9,37.7,22,27.7,22.3,81.1,10,100,4.17,rain,0,0,46.4,24.5,239.3,1009.2,59.4,13.7,176.6,15.3,9,10,2022-08-08T05:47:42,2022-08-08T18:23:10,0.37,"Rain, Partially cloudy",Partly cloudy throughout the day with early morning rain.,rain,"64700099999,FTTJ,remote"
"N'Djamena, Tchad",2022-08-09,33.2,23.8,28.4,40.3,23.8,31.1,22.4,71.3,0.6,100,8.33,rain,0,0,19.4,13,255.4,1010.3,53.2,17.1,285.4,24.7,9,30,2022-08-09T05:47:50,2022-08-09T18:22:45,0.41,"Rain, Partially cloudy",Partly cloudy throughout the day with early morning rain.,rain,"64700099999,FTTJ,remote"
"N'Djamena, Tchad",2022-08-10,35,22.2,28.4,41.9,22.2,31.4,23.6,77.1,6.6,100,8.33,rain,0,0,40,28.4,218,1008.9,60.5,11.5,235.4,20.4,9,30,2022-08-10T05:47:58,2022-08-10T18:22:20,0.44,"Rain, Partially cloudy",Partly cloudy throughout the day with late afternoon rain.,rain,"64700099999,FTTJ,remote"
"N'Djamena, Tchad",2022-08-11,33.2,22.6,26.8,36.8,22.6,28.3,22,76.3,36,100,4.17,rain,0,0,46.8,28.4,248.2,1008.4,64.3,16.1,227,19.6,9,30,2022-08-11T05:48:05,2022-08-11T18:21:54,0.48,"Rain, Partially cloudy",Partly cloudy throughout the day with morning rain.,rain,"64700099999,FTTJ,remote"
"N'Djamena, Tchad",2022-08-12,29.6,21,25.1,34.8,21,26.3,22.4,85.6,4.6,100,16.67,rain,0,0,72.4,38,226.7,1009.5,75.8,12.5,66.5,5.7,3,10,2022-08-12T05:48:12,2022-08-12T18:21:27,0.5,"Rain, Partially cloudy",Partly cloudy throughout the day with rain.,rain,"64700099999,FTTJ,remote"
"N'Djamena, Tchad",2022-08-13,28.2,22.7,24.7,32.1,22.7,25.2,22.6,88.8,0.7,100,8.33,rain,0,0,31.3,20.5,259.6,1009.2,68.4,11.1,62.6,5.4,3,10,2022-08-13T05:48:18,2022-08-13T18:20:59,0.55,"Rain, Partially cloudy",Partly cloudy throughout the day with rain.,rain,"64700099999,FTTJ,remote"
"N'Djamena, Tchad",2022-08-14,28.9,22,25.3,32.1,22,26,22.8,86.6,31,100,4.17,rain,0,0,32,16.6,258.8,1008.3,70.5,12.6,202,17.4,8,30,2022-08-14T05:48:24,2022-08-14T18:20:31,0.58,"Rain, Partially cloudy",Partly cloudy throughout the day with morning rain.,rain,"64700099999,FTTJ,remote"
"N'Djamena, Tchad",2022-08-15,26,21.8,23.6,26,21.8,23.6,22.3,92.3,3,100,12.5,rain,0,0,63,48.2,210.4,1009.5,87.2,12.2,33,2.9,3,10,2022-08-15T05:48:30,2022-08-15T18:20:02,0.61,"Rain, Partially cloudy",Partly cloudy throughout the day with rain.,rain,"64700099999,FTTJ,remote"
"N'Djamena, Tchad",2022-08-16,28,22.1,24.7,31.3,22.1,25.3,22.4,87.7,0.6,100,8.33,rain,0,0,42.1,20.9,258.6,1011.7,56.2,11.7,102.8,8.8,8,10,2022-08-16T05:48:35,2022-08-16T18:19:32,0.64,"Rain, Partially cloudy",Partly cloudy throughout the day with rain.,rain,"64700099999,FTTJ,remote"
"N'Djamena, Tchad",2022-08-17,30,22.2,25.9,35.1,22.2,27.1,23,84.5,0.4,100,4.17,rain,0,0,31.7,25.9,269.9,1010.4,60.1,11,188.8,16.2,8,30,2022-08-17T05:48:40,2022-08-17T18:19:02,0.68,"Rain, Partially cloudy",Partly cloudy throughout the day with morning rain.,rain,"64700099999,FTTJ,remote"
"N'Djamena, Tchad",2022-08-18,29.2,22.5,24.6,32.6,22.5,25,22,86.3,0,0,0,rain,0,0,28.1,18.4,195.2,1009.6,77.3,16.7,54,4.8,2,10,2022-08-18T05:48:45,2022-08-18T18:18:31,0.71,Partially cloudy,Partly cloudy throughout the day.,partly-cloudy-day,"64700099999,FTTJ,remote"
"N'Djamena, Tchad",2022-08-19,30,22.1,25.4,35.5,22.1,26.6,23.2,88.1,7,100,4.17,rain,0,0,25.6,25.9,247.2,1010.2,57.5,9.6,134.7,11.6,8,30,2022-08-19T05:48:49,2022-08-19T18:17:59,0.75,"Rain, Partially cloudy",Partly cloudy throughout the day with morning rain.,rain,"64700099999,FTTJ,remote"
"N'Djamena, Tchad",2022-08-20,31.6,22.9,27,37.1,22.9,29.2,22.9,79.8,0,0,0,,0,0,30.2,16.6,249.4,1012.4,58.3,13.1,274.3,23.7,9,60,2022-08-20T05:48:53,2022-08-20T18:17:27,0.77,Partially cloudy,Partly cloudy throughout the day.,partly-cloudy-day,"64700099999,FTTJ,remote"
"N'Djamena, Tchad",2022-08-21,32,22.6,26.2,37.9,22.6,27.9,23.5,85.9,3.7,100,12.5,rain,0,0,34.6,25.9,237.3,1010.7,68.6,11.2,108.1,9.3,6,30,2022-08-21T05:48:57,2022-08-21T18:16:54,0.81,"Rain, Partially cloudy",Partly cloudy throughout the day with rain.,rain,"64700099999,FTTJ,remote"
"N'Djamena, Tchad",2022-08-22,30,21.6,26.2,35.1,21.6,28.4,22.8,82.4,4.3,100,16.67,rain,0,0,30.2,21.2,222.7,1008.1,63.6,11.4,173.9,15.1,7,30,2022-08-22T05:49:00,2022-08-22T18:16:21,0.84,"Rain, Partially cloudy",Partly cloudy throughout the day with rain clearing later.,rain,"64700099999,FTTJ,remote"
"N'Djamena, Tchad",2022-08-23,32.6,22.9,27.6,39.8,22.9,30,23.6,80.2,0.3,100,12.5,rain,0,0,27,15.8,193.7,1010,66.2,11,233.7,20.1,10,60,2022-08-23T05:49:03,2022-08-23T18:15:47,0.87,"Rain, Partially cloudy",Partly cloudy throughout the day with rain.,rain,"64700099999,FTTJ,remote"
"N'Djamena, Tchad",2022-08-24,26,21,24,26,21,24,21.9,88.4,0,0,0,rain,0,0,32.8,24,285.8,1011.7,65.9,9.7,43,3.7,3,30,2022-08-24T05:49:05,2022-08-24T18:15:12,0.91,Partially cloudy,Partly cloudy throughout the day.,partly-cloudy-day,"64700099999,FTTJ,remote"
"N'Djamena, Tchad",2022-08-25,29.2,21.4,25.6,32.6,21.4,26.6,22.2,82,0.1,100,4.17,rain,0,0,30.2,14.8,263.5,1011.1,70,11.2,239.7,20.7,9,10,2022-08-25T05:49:08,2022-08-25T18:14:37,0.94,"Rain, Partially cloudy",Partly cloudy throughout the day with morning rain.,rain,"64700099999,FTTJ,remote"
"N'Djamena, Tchad",2022-08-26,31,20.7,26.3,35.5,20.7,27.9,23.2,82.6,1.1,100,8.33,rain,0,0,23.4,13,169.9,1009,49.1,11,275.7,23.6,9,60,2022-08-26T05:49:09,2022-08-26T18:14:02,0.97,"Rain, Partially cloudy",Partly cloudy throughout the day with rain in the morning and afternoon.,rain,"64700099999,FTTJ,remote"
"N'Djamena, Tchad",2022-08-27,27,22,24,30.1,22,24.2,22.3,91,4.3,100,12.5,rain,0,0,53.6,35.3,171.9,1009.3,68.3,10.1,70,6.1,4,30,2022-08-27T05:49:11,2022-08-27T18:13:26,0,"Rain, Partially cloudy",Partly cloudy throughout the day with early morning rain.,rain,"64700099999,FTTJ,remote"
"N'Djamena, Tchad",2022-08-28,28.6,22,24.9,32.3,22,25.8,22.3,86.1,1.3,100,8.33,rain,0,0,32.4,18.4,213.4,1011,65.9,11.5,178.2,15.4,8,30,2022-08-28T05:49:13,2022-08-28T18:12:49,0.04,"Rain, Partially cloudy",Partly cloudy throughout the day with rain.,rain,"64700099999,FTTJ,remote"
"N'Djamena, Tchad",2022-08-29,30.2,20.9,25,34.5,20.9,26.1,21.4,81.6,0.6,100,4.17,rain,0,0,32.4,22.3,215.3,1011.5,55.4,13.3,253.9,21.9,10,60,2022-08-29T05:49:14,2022-08-29T18:12:13,0.08,"Rain, Partially cloudy",Partly cloudy throughout the day with late afternoon rain.,rain,"64700099999,FTTJ,remote"
"N'Djamena, Tchad",2022-08-30,31.8,22.8,26.7,36.9,22.8,28.8,22.5,78.8,0,0,0,rain,0,0,41.8,20.9,184.9,1010.1,46.3,12.2,170.9,14.5,10,30,2022-08-30T05:49:15,2022-08-30T18:11:35,0.11,Partially cloudy,Partly cloudy throughout the day.,partly-cloudy-day,"64700099999,FTTJ,remote"
"N'Djamena, Tchad",2022-08-31,33,22,27.7,38.8,22,30.2,23.4,78.8,4,100,4.17,rain,0,0,57.6,34.2,127.3,1010,57.4,8,255.6,22.3,9,60,2022-08-31T05:49:15,2022-08-31T18:10:57,0.15,"Rain, Partially cloudy",Partly cloudy throughout the day with afternoon rain.,rain,"64700099999,FTTJ,remote"
"N'Djamena, Tchad",2022-09-01,30,21.6,25.1,35.3,21.6,26.2,22.3,85.7,6.4,100,16.67,rain,0,0,55.1,31,118.6,1010.7,68.3,10.4,153,13.2,8,30,2022-09-01T05:49:15,2022-09-01T18:10:19,0.18,"Rain, Partially cloudy",Partly cloudy throughout the day with rain clearing later.,rain,"64700099999,FTTJ,remote"
"N'Djamena, Tchad",2022-09-02,32.1,23.8,26.9,38.8,23.8,28.7,22.8,79.3,1.1,100,16.67,rain,0,0,23,13,210,1011.3,58.1,11,219.3,18.7,9,60,2022-09-02T05:49:16,2022-09-02T18:09:41,0.22,"Rain, Partially cloudy",Partly cloudy throughout the day with rain.,rain,"64700099999,FTTJ,remote"
"N'Djamena, Tchad",2022-09-03,30.6,24.4,26.6,35.3,24.4,28.1,22.8,80.2,0,0,0,,0,0,36.4,25.6,200.4,1012.2,52,13.4,236.4,20.6,9,30,2022-09-03T05:49:16,2022-09-03T18:09:02,0.25,Partially cloudy,Partly cloudy throughout the day.,partly-cloudy-day,"64700099999,FTTJ,remote"
"N'Djamena, Tchad",2022-09-04,32,22,26.5,37.9,22,28.2,22.3,78.9,0,0,0,,0,0,157.7,88.9,156.2,1012.5,72.1,12.3,196.6,17.1,9,60,2022-09-04T05:49:15,2022-09-04T18:08:23,0.29,Partially cloudy,Partly cloudy throughout the day.,wind,"64700099999,FTTJ,remote"
"N'Djamena, Tchad",2022-09-05,29.5,23,26.1,35.4,23,28.1,23.9,87.8,0,0,0,rain,0,0,29.5,11.5,286.9,1012.5,44.5,9.6,165.7,14.4,8,30,2022-09-05T05:49:15,2022-09-05T18:07:43,0.32,Partially cloudy,Partly cloudy throughout the day.,partly-cloudy-day,"64700099999,FTTJ,remote"
"N'Djamena, Tchad",2022-09-06,31.6,23.6,26.9,34.5,23.6,28.3,22.9,80.3,0.2,100,4.17,rain,0,0,16.9,14.8,80.4,1011.6,50.5,11.4,232.1,20.2,9,60,2022-09-06T05:49:14,2022-09-06T18:07:04,0.36,"Rain, Partially cloudy",Partly cloudy throughout the day with late afternoon rain.,rain,"64700099999,FTTJ,remote"
"N'Djamena, Tchad",2022-09-07,33,24,27.9,40.6,24,31.2,24,80.1,0.1,100,4.17,rain,0,0,22.3,27.7,175.6,1010.1,55,10.9,267.8,23.1,9,60,2022-09-07T05:49:14,2022-09-07T18:06:24,0.39,"Rain, Partially cloudy",Partly cloudy throughout the day with afternoon rain.,rain,"64700099999,FTTJ,remote"
"N'Djamena, Tchad",2022-09-08,32,22.7,25.7,39.2,22.7,26.7,22.5,83.2,0.3,100,8.33,rain,0,0,49.7,22.3,314.4,1009.2,58.7,12,219,18.9,9,75,2022-09-08T05:49:13,2022-09-08T18:05:43,0.43,"Rain, Partially cloudy",Partly cloudy throughout the day with late afternoon rain.,rain,"64700099999,FTTJ,remote"
"N'Djamena, Tchad",2022-09-09,27,23.1,25,30.1,23.1,25.3,23.2,90.1,4.7,100,8.33,rain,0,0,38.2,28.4,268.3,1011,62.4,10,128.6,11.1,8,30,2022-09-09T05:49:12,2022-09-09T18:05:03,0.47,"Rain, Partially cloudy",Partly cloudy throughout the day with rain.,rain,"64700099999,FTTJ,remote"
"N'Djamena, Tchad",2022-09-10,27.6,21.8,24.5,29.9,21.8,24.7,21.7,85.5,1.7,100,12.5,rain,0,0,27.4,24.1,55.7,1012.3,71.9,16.9,130.8,11.3,7,30,2022-09-10T05:49:11,2022-09-10T18:04:22,0.5,"Rain, Partially cloudy",Partly cloudy throughout the day with rain in the morning and afternoon.,rain,"64700099999,FTTJ,remote"
"N'Djamena, Tchad",2022-09-11,32.2,23.1,27.1,37,23.1,28.9,22.2,76.2,0.4,100,8.33,rain,0,0,15.1,14.8,205.1,1011,63.5,24.1,275,23.9,9,75,2022-09-11T05:49:09,2022-09-11T18:03:41,0.53,"Rain, Partially cloudy",Partly cloudy throughout the day with late afternoon rain.,rain,remote
"N'Djamena, Tchad",2022-09-12,33.6,22.2,28.5,42.2,22.2,31.7,23.4,75.7,0,0,0,,0,0,22.7,27.7,256.7,1009.1,60.9,15.7,249.3,21.7,8,75,2022-09-12T05:49:08,2022-09-12T18:03:00,0.57,Partially cloudy,Partly cloudy throughout the day.,partly-cloudy-day,"64700099999,FTTJ,remote"
"N'Djamena, Tchad",2022-09-13,32,23,27,37.9,23,29.6,23.4,81.8,0.3,100,4.17,rain,0,0,37.8,22.3,198.4,1009.8,43.4,8.1,208,18,9,60,2022-09-13T05:49:07,2022-09-13T18:02:19,0.6,"Rain, Partially cloudy",Partly cloudy throughout the day with morning rain.,rain,"64700099999,FTTJ,remote"
"N'Djamena, Tchad",2022-09-14,33,25,28.3,40.6,25,31.7,24.1,78.9,0,0,0,,0,0,22,10.8,197.4,1010.2,41.7,8.5,230.1,19.8,9,60,2022-09-14T05:49:05,2022-09-14T18:01:38,0.63,Partially cloudy,Partly cloudy throughout the day.,partly-cloudy-day,"64700099999,FTTJ,remote"
"N'Djamena, Tchad",2022-09-15,34,24,28.3,42.1,24,31.8,24.1,79.3,0,0,0,,0,0,68.4,33.5,181.3,1009.6,43,8.8,280.2,24.1,10,75,2022-09-15T05:49:04,2022-09-15T18:00:57,0.66,Partially cloudy,Partly cloudy throughout the day.,partly-cloudy-day,"64700099999,FTTJ,remote"
"N'Djamena, Tchad",2022-09-16,30,22.5,26.1,33.7,22.5,27.2,22.5,81.3,1.5,100,8.33,rain,0,0,19.8,21.4,249.3,1009.8,59.2,8.2,99.7,8.8,5,10,2022-09-16T05:49:03,2022-09-16T18:00:16,0.69,"Rain, Partially cloudy",Partly cloudy throughout the day with rain.,rain,"64700099999,FTTJ,remote"
"N'Djamena, Tchad",2022-09-17,31,22,26,34.6,22,27.4,22.3,81.4,0.4,100,8.33,rain,0,0,33.5,22.3,243.8,1009.6,58.4,9.4,81.4,7.1,5,10,2022-09-17T05:49:01,2022-09-17T17:59:34,0.75,"Rain, Partially cloudy",Partly cloudy throughout the day with rain.,rain,"64700099999,FTTJ,remote"
"N'Djamena, Tchad",2022-09-18,31,22.1,26.4,35.6,22.1,28.4,22.7,81.1,0,0,0,,0,0,21.6,14.8,100.4,1009.8,56.8,11,216.3,18.7,8,30,2022-09-18T05:49:00,2022-09-18T17:58:53,0.76,Partially cloudy,Partly cloudy throughout the day.,partly-cloudy-day,"64700099999,FTTJ,remote"
"N'Djamena, Tchad",2022-09-19,33,24,28,38.4,24,30.6,23.2,76.6,0.1,100,4.17,rain,0,0,18,18.4,165.7,1010.6,49.1,10.4,255.5,22,9,75,2022-09-19T05:48:58,2022-09-19T17:58:11,0.79,"Rain, Partially cloudy",Partly cloudy throughout the day with afternoon rain.,rain,"64700099999,FTTJ,remote"
"N'Djamena, Tchad",2022-09-20,33,21.1,26.2,39.3,21.1,27.9,22.7,82.7,30,100,4.17,rain,0,0,40.3,25.9,234.1,1010.7,51.4,8.6,238.3,20.6,9,60,2022-09-20T05:48:57,2022-09-20T17:57:30,0.82,"Rain, Partially cloudy",Partly cloudy throughout the day with late afternoon rain.,rain,"64700099999,FTTJ,remote"
"N'Djamena, Tchad",2022-09-21,31,22.8,26.5,35.2,22.8,28.2,22.6,80.2,0,0,0,,0,0,33.5,14.8,281.8,1010.3,41.3,9.4,262,22.6,9,75,2022-09-21T05:48:56,2022-09-21T17:56:49,0.86,Partially cloudy,Partly cloudy throughout the day.,partly-cloudy-day,"64700099999,FTTJ,remote"
"N'Djamena, Tchad",2022-09-22,34,24.5,28.3,40.6,24.5,31,23.7,77.6,0,0,0,,0,0,16.9,29.5,262.2,1009.7,32.5,8.8,272.6,23.6,9,60,2022-09-22T05:48:55,2022-09-22T17:56:07,0.89,Partially cloudy,Partly cloudy throughout the day.,partly-cloudy-day,"64700099999,FTTJ"
"N'Djamena, Tchad",2022-09-23,33,23.6,28.1,39.3,23.6,31.3,23.9,79.2,0,0,0,,0,0,39.6,14.8,185.6,1009.6,46.2,9.9,251.2,21.8,9,100,2022-09-23T05:48:53,2022-09-23T17:55:26,0.92,Partially cloudy,Partly cloudy throughout the day.,partly-cloudy-day,"64700099999,FTTJ,remote"
"N'Djamena, Tchad",2022-09-24,34,23.8,28.5,40.6,23.8,31.3,22.9,73.5,0,0,0,,0,0,37.8,15.1,188.5,1010,53.9,12.5,251.4,21.5,9,60,2022-09-24T05:48:53,2022-09-24T17:54:45,0.95,Partially cloudy,Partly cloudy throughout the day.,partly-cloudy-day,"64700099999,FTTJ,remote"
"N'Djamena, Tchad",2022-09-25,34.5,26.3,29.8,41.1,26.3,33.4,22.8,68,0,0,0,,0,0,22,16.9,165.1,1008.8,33.8,12.8,280.2,24.2,9,60,2022-09-25T05:48:52,2022-09-25T17:54:04,0,Partially cloudy,Partly cloudy throughout the day.,partly-cloudy-day,"64700099999,FTTJ,remote"
"N'Djamena, Tchad",2022-09-26,34,24.3,28.7,40.6,24.3,31.7,22.6,70.6,0.1,100,4.17,rain,0,0,38.2,17.3,204.1,1008.9,67.9,13.2,236.3,20.3,9,60,2022-09-26T05:48:51,2022-09-26T17:53:23,0.02,"Rain, Partially cloudy",Partly cloudy throughout the day with late afternoon rain.,rain,"64700099999,FTTJ,remote"
"N'Djamena, Tchad",2022-09-27,32,23.4,26.9,36.8,23.4,28.7,22.1,76.1,1.4,100,12.5,rain,0,0,38.2,22.3,180.9,1010.8,67.6,14.2,113.1,9.8,8,30,2022-09-27T05:48:51,2022-09-27T17:52:43,0.06,"Rain, Partially cloudy",Partly cloudy throughout the day with early morning rain.,rain,"64700099999,FTTJ,remote"
"N'Djamena, Tchad",2022-09-28,32,21.9,27.3,35.9,21.9,29.2,22.1,74.4,0,0,0,rain,0,0,26.3,18.4,172.6,1010.7,48.6,13,226.3,19.5,9,30,2022-09-28T05:48:50,2022-09-28T17:52:03,0.09,Partially cloudy,Partly cloudy throughout the day.,partly-cloudy-day,"64700099999,FTTJ,remote"
"N'Djamena, Tchad",2022-09-29,32.8,23,27.6,35.6,23,28.6,21.3,71,0,0,0,rain,0,0,55.4,25.9,150.4,1011.3,43.8,9.5,260.5,22.5,9,30,2022-09-29T05:48:50,2022-09-29T17:51:23,0.13,Partially cloudy,Partly cloudy throughout the day.,partly-cloudy-day,"64700099999,FTTJ,remote"
"N'Djamena, Tchad",2022-09-30,34,22.1,28.8,39.4,22.1,31.7,22.4,70.2,0,0,0,,0,0,11.2,11.2,171.6,1009.6,40.3,12.5,276.7,23.9,9,60,2022-09-30T05:48:50,2022-09-30T17:50:43,0.16,Partially cloudy,Partly cloudy throughout the day.,partly-cloudy-day,"64700099999,FTTJ,remote"
"N'Djamena, Tchad",2022-10-01,37,24.7,30.4,41.4,24.7,33.9,22.8,66.1,0,0,0,,0,0,23.4,14.8,263.4,1010,29,10.8,274.9,23.6,9,60,2022-10-01T05:48:51,2022-10-01T17:50:03,0.2,Partially cloudy,Partly cloudy throughout the day.,partly-cloudy-day,"64700099999,FTTJ,remote"
"N'Djamena, Tchad",2022-10-02,33,26,29.1,39.3,26,32.9,23.5,72.7,0,0,0,,0,0,32.4,20.5,195.2,1009.5,43.3,10.3,273.7,23.6,9,30,2022-10-02T05:48:51,2022-10-02T17:49:24,0.23,Partially cloudy,Partly cloudy throughout the day.,partly-cloudy-day,"64700099999,FTTJ,remote"
"N'Djamena, Tchad",2022-10-03,35.8,24.6,29.8,40.6,24.6,32.9,22.7,68.1,0.3,100,4.17,rain,0,0,46.4,27.7,223.6,1008.8,32.9,12.3,275.8,23.9,9,60,2022-10-03T05:48:52,2022-10-03T17:48:45,0.25,"Rain, Partially cloudy",Partly cloudy throughout the day with late afternoon rain.,rain,"64700099999,FTTJ,remote"
"N'Djamena, Tchad",2022-10-04,34.5,24,27.8,41.6,24,29.2,21.3,69.7,0,0,0,,0,0,37.4,18.4,184.5,1008.8,56.3,11.7,253.4,21.8,9,30,2022-10-04T05:48:53,2022-10-04T17:48:06,0.31,Partially cloudy,Partly cloudy throughout the day.,partly-cloudy-day,"64700099999,FTTJ,remote"
"N'Djamena, Tchad",2022-10-05,32.1,24.3,28.1,37.9,24.3,30.5,23.2,75.9,1.1,100,4.17,rain,0,0,26.3,15.1,190,1010,45.2,8.9,164.6,14.1,9,60,2022-10-05T05:48:55,2022-10-05T17:47:28,0.34,"Rain, Partially cloudy",Partly cloudy throughout the day with late afternoon rain.,rain,"64700099999,FTTJ,remote"
"N'Djamena, Tchad",2022-10-06,34.6,25.4,28.9,39.3,25.4,30.6,21.7,67.4,0,0,0,,0,0,31.3,25.9,190.5,1009.7,58.4,12.9,243,21,9,60,2022-10-06T05:48:57,2022-10-06T17:46:51,0.38,Partially cloudy,Partly cloudy throughout the day.,partly-cloudy-day,"64700099999,FTTJ,remote"
"N'Djamena, Tchad",2022-10-07,33,24,28.3,37.4,24,30.5,22.4,71.8,0,0,0,rain,0,0,31.3,14.8,198,1009.7,38.2,9,187.5,16.3,9,30,2022-10-07T05:48:59,2022-10-07T17:46:13,0.41,Partially cloudy,Partly cloudy throughout the day.,partly-cloudy-day,"64700099999,FTTJ,remote"
"N'Djamena, Tchad",2022-10-08,34.1,25.4,29,38.3,25.4,31.6,22.8,72.3,0,0,0,,0,0,22,9.4,210.4,1009.8,30.4,9.5,265,22.8,9,30,2022-10-08T05:49:02,2022-10-08T17:45:36,0.45,Partially cloudy,Partly cloudy throughout the day.,partly-cloudy-day,"64700099999,FTTJ,remote"
"N'Djamena, Tchad",2022-10-09,36,22.2,29.1,35.4,22.2,29.2,18.3,60.6,0,0,0,,0,0,18.4,12.1,26.7,1009.8,34.3,11.5,274.9,23.8,9,30,2022-10-09T05:49:04,2022-10-09T17:45:00,0.5,Partially cloudy,Partly cloudy throughout the day.,partly-cloudy-day,"64700099999,FTTJ,remote"
"N'Djamena, Tchad",2022-10-10,35.2,23,28.7,38.5,23,30.9,21.4,67.2,0,0,0,,0,0,22.3,13.3,164.5,1010.9,29,9.2,265.5,22.9,9,10,2022-10-10T05:49:08,2022-10-10T17:44:24,0.52,Partially cloudy,Partly cloudy throughout the day.,partly-cloudy-day,"64700099999,FTTJ,remote"
"N'Djamena, Tchad",2022-10-11,36,25.6,29.8,39.7,25.6,31.8,21.3,63.5,0,0,0,,0,0,38.2,18.4,142.5,1010.6,36.4,9.8,261,22.5,9,10,2022-10-11T05:49:12,2022-10-11T17:43:49,0.55,Partially cloudy,Partly cloudy throughout the day.,partly-cloudy-day,"64700099999,FTTJ,remote"
"N'Djamena, Tchad",2022-10-12,35,23.2,28.4,38.6,23.2,30,20.7,64.2,0,0,0,,0,0,28.4,16.6,128.1,1010.5,26.1,10.1,246.5,21.5,9,30,2022-10-12T05:49:16,2022-10-12T17:43:14,0.58,Partially cloudy,Partly cloudy throughout the day.,partly-cloudy-day,"64700099999,FTTJ,remote"
"N'Djamena, Tchad",2022-10-13,36.1,25,30.3,39.3,25,32.2,21.6,63.7,0,0,0,,0,0,22,16.6,33.9,1009.9,28.8,8.2,264.4,23,9,30,2022-10-13T05:49:20,2022-10-13T17:42:40,0.62,Partially cloudy,Partly cloudy throughout the day.,partly-cloudy-day,"64700099999,FTTJ"
"N'Djamena, Tchad",2022-10-14,37.8,20.9,29.2,35.1,20.9,28.2,12.4,42.9,0,0,0,,0,0,34.2,25.9,28.3,1009.2,44.2,10.3,268.5,23.3,9,10,2022-10-14T05:49:25,2022-10-14T17:42:06,0.65,Partially cloudy,Partly cloudy throughout the day.,partly-cloudy-day,"64700099999,FTTJ,remote"
"N'Djamena, Tchad",2022-10-15,37,20,28.1,35.4,20,27.3,11.5,40,0,0,0,,0,0,36.7,14.8,339.8,1008.7,35.8,8.7,231.5,20,8,10,2022-10-15T05:49:31,2022-10-15T17:41:33,0.68,Partially cloudy,Partly cloudy throughout the day.,partly-cloudy-day,"64700099999,FTTJ,remote"
"N'Djamena, Tchad",2022-10-16,37.1,20.2,28.9,35.2,20.2,28,12,42.6,0,0,0,,0,0,35.6,22.3,40.5,1009.3,36.9,12.3,260.9,22.6,9,10,2022-10-16T05:49:37,2022-10-16T17:41:00,0.71,Partially cloudy,Partly cloudy throughout the day.,partly-cloudy-day,"64700099999,FTTJ,remote"
"N'Djamena, Tchad",2022-10-17,38,20,29.7,36.5,20,29.5,13.9,44.2,0,0,0,,0,0,28.4,24.1,47,1010.8,14,10.9,273.3,23.8,9,10,2022-10-17T05:49:44,2022-10-17T17:40:29,0.75,Clear,Clear conditions throughout the day.,clear-day,"64700099999,FTTJ,remote"
"N'Djamena, Tchad",2022-10-18,37.4,23,29.3,36.3,23,29.2,16.4,52,0,0,0,,0,0,29.2,24.1,35.6,1011.1,19.7,7.9,270.8,23.4,9,10,2022-10-18T05:49:51,2022-10-18T17:39:58,0.78,Clear,Clear conditions throughout the day.,clear-day,"64700099999,FTTJ,remote"
"N'Djamena, Tchad",2022-10-19,37,19.8,28.8,35.3,19.8,28.1,13.3,43.4,0,0,0,,0,0,36,20.5,36.7,1010,24.2,8,268.8,23.1,9,10,2022-10-19T05:49:58,2022-10-19T17:39:27,0.81,Partially cloudy,Partly cloudy throughout the day.,partly-cloudy-day,"64700099999,FTTJ,remote"
"N'Djamena, Tchad",2022-10-20,37,19.8,28.2,35.1,19.8,27.6,13.7,47.8,0,0,0,,0,0,33.1,20.5,21.9,1009,46.9,10.3,247.4,21.4,9,10,2022-10-20T05:50:06,2022-10-20T17:38:58,0.84,Partially cloudy,Partly cloudy throughout the day.,partly-cloudy-day,"64700099999,FTTJ,remote"
"N'Djamena, Tchad",2022-10-21,38,19.4,29.4,36.1,19.4,29.1,14,44.7,0,0,0,,0,0,30.6,19.4,28.8,1009.7,40.4,12.6,262.6,22.7,9,10,2022-10-21T05:50:15,2022-10-21T17:38:29,0.87,Partially cloudy,Partly cloudy throughout the day.,partly-cloudy-day,"64700099999,FTTJ,remote"
"N'Djamena, Tchad",2022-10-22,37,21,29.4,36.2,21,29.9,16.1,50.8,0,0,0,,0,0,18.7,13,159.3,1010.7,30.5,10.7,253.5,21.8,9,10,2022-10-22T05:50:24,2022-10-22T17:38:01,0.9,Partially cloudy,Partly cloudy throughout the day.,partly-cloudy-day,"64700099999,FTTJ,remote"
"N'Djamena, Tchad",2022-10-23,36.9,24.2,30.1,38.7,24.2,31.7,19.9,57.3,0,0,0,,0,0,27.7,22.3,139,1011.7,47.3,11.9,230.5,19.8,9,30,2022-10-23T05:50:34,2022-10-23T17:37:33,0.94,Partially cloudy,Partly cloudy throughout the day.,partly-cloudy-day,"64700099999,FTTJ,remote"
"N'Djamena, Tchad",2022-10-24,38.5,25.7,31.4,37,25.7,31.4,15.7,45,0,0,0,,0,0,32.8,22.7,27.4,1010.8,32.5,10.1,241.5,20.9,9,10,2022-10-24T05:50:44,2022-10-24T17:37:07,0.97,Partially cloudy,Partly cloudy throughout the day.,partly-cloudy-day,"64700099999,FTTJ,remote"
"N'Djamena, Tchad",2022-10-25,37,23,29.7,34.9,23,28.6,8.8,29.4,0,0,0,,0,0,51.8,35.3,35,1010.7,27.4,8.6,263.3,22.9,9,10,2022-10-25T05:50:55,2022-10-25T17:36:41,0,Partially cloudy,Partly cloudy throughout the day.,partly-cloudy-day,"64700099999,FTTJ,remote"
"N'Djamena, Tchad",2022-10-26,36,20,28,33.5,20,27,5.4,25.8,0,0,0,,0,0,41,25.9,20.7,1011.3,18.8,8.9,266.2,22.9,9,10,2022-10-26T05:51:07,2022-10-26T17:36:16,0.04,Clear,Clear conditions throughout the day.,clear-day,"64700099999,FTTJ,remote"
"N'Djamena, Tchad",2022-10-27,37,20,28.1,34.4,20,27,5,25.3,0,0,0,,0,0,42.5,25.9,22.9,1011.3,15.2,10.9,266.2,23,9,10,2022-10-27T05:51:19,2022-10-27T17:35:52,0.07,Clear,Clear conditions throughout the day.,clear-day,"64700099999,FTTJ,remote"
"N'Djamena, Tchad",2022-10-28,37,20,28.4,34.6,20,27.4,8,31.5,0,0,0,,0,0,38.5,22.3,1.7,1010.6,31.4,10.2,261.9,22.7,9,10,2022-10-28T05:51:32,2022-10-28T17:35:29,0.11,Partially cloudy,Partly cloudy throughout the day.,partly-cloudy-day,"64700099999,FTTJ,remote"
"N'Djamena, Tchad",2022-10-29,37,21,28.3,34.9,21,27.3,6.9,28.7,0,0,0,,0,0,40,22.3,13.7,1009.8,40.9,12.1,252.6,21.8,9,10,2022-10-29T05:51:46,2022-10-29T17:35:07,0.14,Partially cloudy,Partly cloudy throughout the day.,partly-cloudy-day,"64700099999,FTTJ,remote"
"N'Djamena, Tchad",2022-10-30,37,19,29.1,34.8,19,28,7.4,27.4,0,0,0,,0,0,43.9,27.7,16.5,1009.5,28.3,10.5,254.8,22.2,9,10,2022-10-30T05:52:00,2022-10-30T17:34:46,0.18,Partially cloudy,Partly cloudy throughout the day.,partly-cloudy-day,"64700099999,FTTJ,remote"
"N'Djamena, Tchad",2022-10-31,38,21,29.6,35.7,21,28.6,7.6,26.8,0,0,0,,0,0,45.7,25.9,11,1009.7,27.9,11.5,254,22,9,10,2022-10-31T05:52:15,2022-10-31T17:34:26,0.21,Partially cloudy,Partly cloudy throughout the day.,partly-cloudy-day,"64700099999,FTTJ,remote"
"N'Djamena, Tchad",2022-11-01,38,23.2,30.3,35.9,23.2,29.2,7.7,25.7,0,0,0,,0,0,47.5,27.4,14.5,1010.7,27,10.7,249.5,21.5,9,10,2022-11-01T05:52:30,2022-11-01T17:34:06,0.25,Partially cloudy,Clearing in the afternoon.,partly-cloudy-day,"64700099999,FTTJ,remote"
"N'Djamena, Tchad",2022-11-02,37.5,20,29.2,35.1,20,28,7.3,26.9,0,0,0,,0,0,54.4,31.7,33.6,1010.7,26.1,9.3,253,21.8,9,10,2022-11-02T05:52:46,2022-11-02T17:33:48,0.29,Partially cloudy,Partly cloudy throughout the day.,partly-cloudy-day,"64700099999,FTTJ,remote"
"N'Djamena, Tchad",2022-11-03,36,20,28.2,33.3,20,27.1,3,21.1,0,0,0,,0,0,51.8,25.9,25.6,1011.8,38,9.2,207.5,17.9,7,10,2022-11-03T05:53:03,2022-11-03T17:33:31,0.32,Partially cloudy,Partly cloudy throughout the day.,partly-cloudy-day,"64700099999,FTTJ,remote"
"N'Djamena, Tchad",2022-11-04,34,18,26.8,31.5,18,26,1.7,20.8,0,0,0,,0,0,47.2,22.3,3.5,1011.9,53.7,12.9,233.6,20.2,9,10,2022-11-04T05:53:20,2022-11-04T17:33:15,0.36,Partially cloudy,Partly cloudy throughout the day.,partly-cloudy-day,"64700099999,FTTJ,remote"
"N'Djamena, Tchad",2022-11-05,34,17.7,25.8,31.6,17.7,25,3.2,25.6,0,0,0,,0,0,32.8,18.4,355.4,1012.1,26.7,10.9,260.4,22.4,9,10,2022-11-05T05:53:38,2022-11-05T17:32:59,0.39,Partially cloudy,Partly cloudy throughout the day.,partly-cloudy-day,"64700099999,FTTJ,remote"
"N'Djamena, Tchad",2022-11-06,36,17.5,26.6,33.6,17.5,25.7,5.9,30,0,0,0,,0,0,32,18.4,338.2,1011.8,22.2,11.2,254.9,22,9,10,2022-11-06T05:53:57,2022-11-06T17:32:45,0.43,Partially cloudy,Partly cloudy throughout the day.,partly-cloudy-day,"64700099999,FTTJ,remote"
"N'Djamena, Tchad",2022-11-07,38,16.7,28.2,35.9,16.7,27.2,9.3,35.9,0,0,0,,0,0,33.5,17.3,332,1011.5,24,10.8,253.3,21.8,9,10,2022-11-07T05:54:16,2022-11-07T17:32:32,0.46,Partially cloudy,Partly cloudy throughout the day.,partly-cloudy-day,"64700099999,FTTJ,remote"
"N'Djamena, Tchad",2022-11-08,39,20,29.6,36.5,20,28.7,9.4,31.9,0,0,0,,0,0,43.2,22.3,9.7,1010.2,26,10.6,251.3,21.8,9,10,2022-11-08T05:54:36,2022-11-08T17:32:20,0.5,Partially cloudy,Partly cloudy throughout the day.,partly-cloudy-day,"64700099999,FTTJ,remote"
"N'Djamena, Tchad",2022-11-09,38,22,28.9,35.6,22,27.9,7,27.4,0,0,0,,0,0,40.7,19.4,14.9,1010.4,30.6,10.3,181,15.6,9,10,2022-11-09T05:54:57,2022-11-09T17:32:09,0.53,Partially cloudy,Partly cloudy throughout the day.,partly-cloudy-day,"64700099999,FTTJ,remote"
"N'Djamena, Tchad",2022-11-10,37,20,28.4,34.3,20,27.3,5.4,25.2,0,0,0,,0,0,39.6,22.3,16.4,1009.6,25.1,10.9,235.7,20.3,8,10,2022-11-10T05:55:18,2022-11-10T17:31:59,0.56,Partially cloudy,Partly cloudy throughout the day.,partly-cloudy-day,"64700099999,FTTJ,remote"
"N'Djamena, Tchad",2022-11-11,37,22.2,29.1,34.7,22.2,28,4.3,21.5,0,0,0,,0,0,46.4,23.2,15.6,1010.9,38.6,12.4,225.7,19.4,8,10,2022-11-11T05:55:40,2022-11-11T17:31:50,0.6,Partially cloudy,Partly cloudy throughout the day.,partly-cloudy-day,"64700099999,FTTJ,remote"
"N'Djamena, Tchad",2022-11-12,36,21,28.4,33.6,21,27.4,5.9,25.2,0,0,0,,0,0,49.7,20.5,2.9,1012.2,24.7,10,247.9,21.4,9,10,2022-11-12T05:56:02,2022-11-12T17:31:42,0.63,Partially cloudy,Partly cloudy throughout the day.,partly-cloudy-day,"64700099999,FTTJ,remote"
"N'Djamena, Tchad",2022-11-13,36.2,20,28.1,33.8,20,27.1,6.2,26.5,0,0,0,,0,0,50,22.3,5.1,1012.8,26,13.8,246.8,21.3,9,10,2022-11-13T05:56:25,2022-11-13T17:31:35,0.66,Partially cloudy,Partly cloudy throughout the day.,partly-cloudy-day,"64700099999,FTTJ,remote"
"N'Djamena, Tchad",2022-11-14,37,18,27.5,34.5,18,26.6,6.8,29.6,0,0,0,,0,0,44.6,22.3,357.6,1012.4,41.1,11.5,236.3,20.5,9,10,2022-11-14T05:56:49,2022-11-14T17:31:30,0.69,Partially cloudy,Partly cloudy throughout the day.,partly-cloudy-day,"64700099999,FTTJ,remote"
"N'Djamena, Tchad",2022-11-15,36,20,27.6,33.6,20,26.7,5.6,26.4,0,0,0,,0,0,47.9,22.3,18.3,1011.8,47.5,12.5,237.9,20.5,8,10,2022-11-15T05:57:14,2022-11-15T17:31:25,0.73,Partially cloudy,Partly cloudy throughout the day.,partly-cloudy-day,"64700099999,FTTJ,remote"
"N'Djamena, Tchad",2022-11-16,35,19,27,32.6,19,26.2,5.1,26.4,0,0,0,,0,0,49,24.1,14.2,1011.5,24.8,9.9,237.8,20.5,8,10,2022-11-16T05:57:38,2022-11-16T17:31:22,0.75,Partially cloudy,Partly cloudy throughout the day.,partly-cloudy-day,"64700099999,FTTJ,remote"
"N'Djamena, Tchad",2022-11-17,36,18.4,26.9,33.6,18.4,26,6.5,29.8,0,0,0,,0,0,40.3,25.9,2.7,1011,19.2,10,245.8,21.1,9,10,2022-11-17T05:58:04,2022-11-17T17:31:20,0.79,Clear,Clear conditions throughout the day.,clear-day,"64700099999,FTTJ,remote"
"N'Djamena, Tchad",2022-11-18,36,18,26.9,33.7,18,26,5.5,27.8,0,0,0,,0,0,41,22.3,3.7,1011.2,16.2,13,245.9,21.1,9,10,2022-11-18T05:58:30,2022-11-18T17:31:19,0.82,Clear,Clear conditions throughout the day.,clear-day,"64700099999,FTTJ,remote"
"N'Djamena, Tchad",2022-11-19,36.2,19,27.4,33.8,19,26.4,6.2,28.8,0,0,0,,0,0,38.2,19.4,13.3,1011,26.3,11.1,244.6,21,9,10,2022-11-19T05:58:57,2022-11-19T17:31:19,0.85,Partially cloudy,Partly cloudy throughout the day.,partly-cloudy-day,"64700099999,FTTJ,remote"
"N'Djamena, Tchad",2022-11-20,37,19.8,27.7,34.4,19.8,26.7,6.1,28.2,0,0,0,,0,0,40.3,18.4,4.2,1011.4,41.6,11.3,244,21,9,10,2022-11-20T05:59:24,2022-11-20T17:31:20,0.89,Partially cloudy,Partly cloudy throughout the day.,partly-cloudy-day,"64700099999,FTTJ,remote"
"N'Djamena, Tchad",2022-11-21,36,20,26.8,33.3,20,25.9,2.9,23.7,0,0,0,,0,0,40.7,20.5,7.1,1011.3,26.5,12.1,245.1,21,9,10,2022-11-21T05:59:51,2022-11-21T17:31:22,0.92,Partially cloudy,Partly cloudy throughout the day.,partly-cloudy-day,"64700099999,FTTJ,remote"
"N'Djamena, Tchad",2022-11-22,36,17,26.4,33.1,17,25.5,-1.5,17.6,0,0,0,,0,0,30.2,24.1,7.9,1011.2,27.4,9.8,239.8,20.7,8,10,2022-11-22T06:00:20,2022-11-22T17:31:26,0.95,Partially cloudy,Partly cloudy throughout the day.,partly-cloudy-day,"64700099999,FTTJ,remote"
"N'Djamena, Tchad",2022-11-23,35,17,26.3,32.3,17,25.3,-2.6,16.1,0,0,0,,0,0,43.9,22.3,12.5,1011.2,21.8,10.6,245.3,21,9,10,2022-11-23T06:00:48,2022-11-23T17:31:30,0,Partially cloudy,Partly cloudy throughout the day.,partly-cloudy-day,"64700099999,FTTJ,remote"
"N'Djamena, Tchad",2022-11-24,35,19,26.6,32.4,19,25.7,0.9,20.2,0,0,0,,0,0,45.7,24.8,4.9,1010.4,40.8,11,224.5,19.3,8,10,2022-11-24T06:01:17,2022-11-24T17:31:36,0.02,Partially cloudy,Partly cloudy throughout the day.,partly-cloudy-day,"64700099999,FTTJ,remote"
"N'Djamena, Tchad",2022-11-25,35,19,26.6,32.3,19,25.7,0.6,19.5,0,0,0,,0,0,46.1,22.3,12.4,1010.6,20.5,9.1,241.1,20.9,9,10,2022-11-25T06:01:47,2022-11-25T17:31:43,0.05,Partially cloudy,Partly cloudy throughout the day.,partly-cloudy-day,"64700099999,FTTJ,remote"
"N'Djamena, Tchad",2022-11-26,34,18,25.6,31.5,18,24.8,0.4,20.7,0,0,0,,0,0,43.9,17.3,1.9,1010.6,19.1,10.1,243.1,21,9,10,2022-11-26T06:02:17,2022-11-26T17:31:50,0.09,Clear,Clear conditions throughout the day.,clear-day,"64700099999,FTTJ,remote"
"N'Djamena, Tchad",2022-11-27,34,17.2,25.2,31.5,17.2,24.4,2.3,25,0,0,0,,0,0,36.7,18.4,352.4,1009,39,12.2,236.8,20.4,9,10,2022-11-27T06:02:47,2022-11-27T17:31:59,0.12,Partially cloudy,Partly cloudy throughout the day.,partly-cloudy-day,"64700099999,FTTJ,remote"
"N'Djamena, Tchad",2022-11-28,33,15.4,24.3,30.6,15.4,23.6,5.8,36.8,0,0,0,,0,0,34.9,16.6,326,1008.5,22.2,9.9,240.3,20.9,9,10,2022-11-28T06:03:17,2022-11-28T17:32:09,0.16,Partially cloudy,Partly cloudy throughout the day.,partly-cloudy-day,"64700099999,FTTJ,remote"
"N'Djamena, Tchad",2022-11-29,32.1,16,23.8,29.9,16,23.2,6.2,35.7,0,0,0,,0,0,31.7,20.5,330.6,1009,34,11,239.2,20.9,8,10,2022-11-29T06:03:48,2022-11-29T17:32:20,0.19,Partially cloudy,Partly cloudy throughout the day.,partly-cloudy-day,"64700099999,FTTJ,remote"
"N'Djamena, Tchad",2022-11-30,32,15.3,23.3,29.8,15.3,22.7,7,40.2,0,0,0,,0,0,25.6,15.1,307.6,1009.5,27.9,9,235.9,20.3,8,10,2022-11-30T06:04:20,2022-11-30T17:32:33,0.25,Partially cloudy,Partly cloudy throughout the day.,partly-cloudy-day,"64700099999,FTTJ,remote"
"N'Djamena, Tchad",2022-12-01,34,16.6,24.6,31.5,16.6,23.8,6.9,39,0,0,0,,0,0,29.9,14.8,358.1,1009.7,42.3,10.8,216.8,18.8,8,10,2022-12-01T06:04:51,2022-12-01T17:32:46,0.26,Partially cloudy,Partly cloudy throughout the day.,partly-cloudy-day,"64700099999,FTTJ,remote"
"N'Djamena, Tchad",2022-12-02,35.7,15.9,26.3,33,15.9,25.3,5.6,32.2,0,0,0,,0,0,30.2,18.4,3.4,1009,38.5,12.7,225.2,19.4,8,10,2022-12-02T06:05:23,2022-12-02T17:33:00,0.3,Partially cloudy,Partly cloudy throughout the day.,partly-cloudy-day,"64700099999,FTTJ,remote"
"N'Djamena, Tchad",2022-12-03,39,16.2,27.9,36.6,16.2,27,7.4,31.9,0,0,0,,0,0,48.2,25.9,58.7,1007.5,36.3,10.4,229.3,19.6,8,10,2022-12-03T06:05:55,2022-12-03T17:33:15,0.33,Partially cloudy,Partly cloudy throughout the day.,partly-cloudy-day,"64700099999,FTTJ,remote"
"N'Djamena, Tchad",2022-12-04,38,20,28.2,35.2,20,27.2,3.7,22.4,0,0,0,,0,0,63.7,25.9,44,1009.8,21.6,8.3,233.3,20,8,10,2022-12-04T06:06:27,2022-12-04T17:33:31,0.37,Partially cloudy,Partly cloudy throughout the day.,partly-cloudy-day,"64700099999,FTTJ,remote"
"N'Djamena, Tchad",2022-12-05,36,18,26.3,33.2,18,25.4,-1.5,17.1,0,0,0,,0,0,47.5,22.3,37.6,1011.2,15.6,8.2,237.6,20.4,8,10,2022-12-05T06:06:59,2022-12-05T17:33:48,0.4,Clear,Clear conditions throughout the day.,clear-day,"64700099999,FTTJ,remote"
"N'Djamena, Tchad",2022-12-06,34,19,26.3,31.5,19,25.4,0.5,19.7,0,0,0,,0,0,55.1,29.5,49.3,1011.7,10.9,5.9,232.6,20.1,8,10,2022-12-06T06:07:32,2022-12-06T17:34:06,0.44,Clear,Clear conditions throughout the day.,clear-day,"64700099999,FTTJ"
"N'Djamena, Tchad",2022-12-07,34,17,24.6,31.5,17,23.9,-0.8,20.2,0,0,0,,0,0,49.3,27.7,43.9,1011.6,35,7.9,219.7,19.2,8,10,2022-12-07T06:08:04,2022-12-07T17:34:25,0.47,Partially cloudy,Partly cloudy throughout the day.,partly-cloudy-day,"64700099999,FTTJ,remote"
"N'Djamena, Tchad",2022-12-08,32,17,24.2,29.8,17,23.6,-1.2,19.3,0,0,0,,0,0,43.6,25.9,34.4,1013.4,31.1,7.7,231.8,20,8,10,2022-12-08T06:08:37,2022-12-08T17:34:45,0.5,Partially cloudy,Partly cloudy throughout the day.,partly-cloudy-day,"64700099999,FTTJ"
"N'Djamena, Tchad",2022-12-09,33,15.9,23.6,30.6,15.9,22.8,-0.6,22.7,0,0,0,,0,0,41,16.6,24.9,1013.3,15.8,8.2,232.4,20.1,8,10,2022-12-09T06:09:10,2022-12-09T17:35:06,0.54,Clear,Clear conditions throughout the day.,clear-day,"64700099999,FTTJ,remote"
"N'Djamena, Tchad",2022-12-10,35,16.7,25.1,32.4,16.7,24.3,1.6,23.4,0,0,0,,0,0,36.4,16.6,18.4,1011.8,11.7,7.3,232.6,20.4,8,10,2022-12-10T06:09:42,2022-12-10T17:35:28,0.57,Clear,Clear conditions throughout the day.,clear-day,"64700099999,FTTJ"
"N'Djamena, Tchad",2022-12-11,35,17,25.9,32.3,17,25,0.3,20.6,0,0,0,,0,0,36,16.6,31.1,1010.8,12.9,8.2,231.3,19.9,8,10,2022-12-11T06:10:15,2022-12-11T17:35:50,0.61,Clear,Clear conditions throughout the day.,clear-day,"64700099999,FTTJ,remote"
"N'Djamena, Tchad",2022-12-12,36,17,25.7,33.2,17,24.8,0.9,22.3,0,0,0,,0,0,34.6,20.5,20.8,1010.5,27.9,8.5,233.3,20.3,8,10,2022-12-12T06:10:47,2022-12-12T17:36:14,0.64,Partially cloudy,Partly cloudy throughout the day.,partly-cloudy-day,"64700099999,FTTJ,remote"
"N'Djamena, Tchad",2022-12-13,36,14.8,25.4,33.2,14.8,24.4,3.8,31.2,0,0,0,,0,0,25.2,14.8,23.3,1010.9,27,8.6,233.4,20.3,8,10,2022-12-13T06:11:20,2022-12-13T17:36:38,0.67,Partially cloudy,Partly cloudy throughout the day.,partly-cloudy-day,"64700099999,FTTJ,remote"
"N'Djamena, Tchad",2022-12-14,36.1,18.3,26.3,33.3,18.3,25.4,-1.8,17.3,0,0,0,,0,0,32.4,15.8,25.7,1010.6,16.8,10.5,232.6,20.1,8,10,2022-12-14T06:11:52,2022-12-14T17:37:03,0.71,Clear,Clear conditions throughout the day.,clear-day,"64700099999,FTTJ,remote"
"N'Djamena, Tchad",2022-12-15,36,15,25.6,33.2,15,24.6,-0.7,19.9,0,0,0,,0,0,42.8,22.3,42.8,1010.2,22.2,9.6,232.5,20.1,8,10,2022-12-15T06:12:24,2022-12-15T17:37:28,0.74,Partially cloudy,Partly cloudy throughout the day.,partly-cloudy-day,"64700099999,FTTJ,remote"
"N'Djamena, Tchad",2022-12-16,35,19,26.1,32.3,19,25.2,-1.7,17.3,0,0,0,,0,0,48.2,25.9,44.4,1009.5,33.6,8.7,233.2,20.1,8,10,2022-12-16T06:12:56,2022-12-16T17:37:55,0.75,Partially cloudy,Partly cloudy throughout the day.,partly-cloudy-day,"64700099999,FTTJ,remote"
"N'Djamena, Tchad",2022-12-17,35,16,25.2,32.3,16,24.4,1.4,23.3,0,0,0,,0,0,46.4,22.3,32.7,1009.8,33.8,8.6,232.8,20.1,8,10,2022-12-17T06:13:28,2022-12-17T17:38:22,0.8,Partially cloudy,Partly cloudy throughout the day.,partly-cloudy-day,"64700099999,FTTJ"
"N'Djamena, Tchad",2022-12-18,34,18,25.5,31.5,18,24.7,1.5,22.6,0,0,0,,0,0,45,22.3,21,1011.3,34.2,8.4,214.5,18.6,8,10,2022-12-18T06:13:59,2022-12-18T17:38:49,0.84,Partially cloudy,Partly cloudy throughout the day.,partly-cloudy-day,"64700099999,FTTJ"
"N'Djamena, Tchad",2022-12-19,32,16.6,24,29.8,16.6,23.4,2.8,27.7,0,0,0,,0,0,39.6,24.1,15.7,1011,25.1,8.4,223,19.3,8,10,2022-12-19T06:14:30,2022-12-19T17:39:18,0.87,Partially cloudy,Partly cloudy throughout the day.,partly-cloudy-day,"64700099999,FTTJ"
"N'Djamena, Tchad",2022-12-20,32.1,16,23.2,29.9,16,22.6,4.7,33.4,0,0,0,,0,0,32.8,20.5,1.3,1010.8,17.7,9,233.7,20.2,8,10,2022-12-20T06:15:01,2022-12-20T17:39:46,0.9,Clear,Clear conditions throughout the day.,clear-day,"64700099999,FTTJ,remote"
"N'Djamena, Tchad",2022-12-21,31,17.8,23.3,29.1,17.8,22.8,6.6,36.3,0,0,0,,0,0,38.9,22.3,4.2,1012,20.3,7.6,231.2,20.1,8,10,2022-12-21T06:15:31,2022-12-21T17:40:16,0.94,Partially cloudy,Partly cloudy throughout the day.,partly-cloudy-day,"64700099999,FTTJ,remote"
"N'Djamena, Tchad",2022-12-22,29,17,22.3,27.5,17,21.9,5.2,35.1,0,0,0,,0,0,34.2,20.5,356.5,1013.8,34.2,9,224.3,19.6,8,10,2022-12-22T06:16:01,2022-12-22T17:40:46,0.97,Partially cloudy,Partly cloudy throughout the day.,partly-cloudy-day,"64700099999,FTTJ,remote"
"N'Djamena, Tchad",2022-12-23,29,10.9,20.9,27.4,10.9,20.6,4.1,39.9,0,0,0,,0,0,36.4,22.3,20.3,1014.4,34.4,9.5,230.3,20,8,10,2022-12-23T06:16:30,2022-12-23T17:41:16,0,Partially cloudy,Partly cloudy throughout the day.,partly-cloudy-day,"64700099999,FTTJ,remote"
"N'Djamena, Tchad",2022-12-24,28,15,21.9,26.7,15,21.6,2.4,28.3,0,0,0,,0,0,42.1,24.1,31.5,1015.4,30.8,6.4,221.8,19.2,8,10,2022-12-24T06:16:59,2022-12-24T17:41:47,0.04,Partially cloudy,Partly cloudy throughout the day.,partly-cloudy-day,"64700099999,FTTJ"
"N'Djamena, Tchad",2022-12-25,28,15,21.9,26.7,15,21.6,0.3,25.2,0,0,0,,0,0,43.9,27.7,33.7,1016.4,21.9,7.7,231.4,20.3,8,10,2022-12-25T06:17:27,2022-12-25T17:42:18,0.07,Partially cloudy,Partly cloudy throughout the day.,partly-cloudy-day,"64700099999,FTTJ,remote"
"N'Djamena, Tchad",2022-12-26,30,15.7,22.2,28.1,15.7,21.8,1.6,27,0,0,0,,0,0,43.6,27.7,35.3,1016,17.5,7.3,229.1,19.7,8,10,2022-12-26T06:17:55,2022-12-26T17:42:50,0.1,Clear,Clear conditions throughout the day.,clear-day,"64700099999,FTTJ,remote"
"N'Djamena, Tchad",2022-12-27,30,14,22.4,28.1,14,22,1,25.6,0,0,0,,0,0,47.2,27.7,34.7,1016.1,20,6.9,232,20.2,8,10,2022-12-27T06:18:22,2022-12-27T17:43:22,0.14,Clear,Partly cloudy throughout the day.,clear-day,"64700099999,FTTJ"
"N'Djamena, Tchad",2022-12-28,30,15.6,22.7,28.2,15.6,22.3,2.2,27.3,0,0,0,,0,0,48.2,31.7,33,1015.6,17.1,6.5,233.4,20.2,8,10,2022-12-28T06:18:49,2022-12-28T17:43:54,0.17,Clear,Clear conditions throughout the day.,clear-day,"64700099999,FTTJ"
"N'Djamena, Tchad",2022-12-29,29,15,21.6,27.4,15,21.2,-0.3,24.6,0,0,0,,0,0,50.8,22.3,22.4,1014.9,15.2,7.4,236.5,20.4,8,10,2022-12-29T06:19:15,2022-12-29T17:44:27,0.21,Clear,Clear conditions throughout the day.,clear-day,"64700099999,FTTJ,remote"
"N'Djamena, Tchad",2022-12-30,30,12,21.3,28.2,12,20.9,-1.2,23.7,0,0,0,,0,0,45.4,20.5,22.2,1014.9,13.1,9.7,238.3,20.6,8,10,2022-12-30T06:19:40,2022-12-30T17:44:59,0.25,Clear,Clear conditions throughout the day.,clear-day,"64700099999,FTTJ,remote"
"N'Djamena, Tchad",2022-12-31,30,14,21.8,28.1,14,21.4,-1.1,22.6,0,0,0,,0,0,45.4,20.5,26.8,1015,13.3,7.6,232.7,20.1,8,10,2022-12-31T06:20:05,2022-12-31T17:45:32,0.28,Clear,Clear conditions throughout the day.,clear-day,"64700099999,FTTJ,remote"
