name,datetime,tempmax,tempmin,temp,feelslikemax,feelslikemin,feelslike,dew,humidity,precip,precipprob,precipcover,preciptype,snow,snowdepth,windgust,windspeed,winddir,sealevelpressure,cloudcover,visibility,solarradiation,solarenergy,uvindex,severerisk,sunrise,sunset,moonphase,conditions,description,icon,stations
nanjing,2022-01-01,8,-1,4.8,8,-1,3.5,-0.9,67.7,0,0,0,,0,0,27,14.4,121.1,1028.3,34.6,8.8,104.2,8.9,4,,2022-01-01T07:05:40,2022-01-01T17:11:11,0.94,Partially cloudy,Partly cloudy throughout the day.,partly-cloudy-day,"58238099999,ZSNJ"
nanjing,2022-01-02,11,-5,3.3,11,-5,2.4,-1.9,72.5,0,0,0,,0,0,22.3,14.4,76.8,1029.1,6.8,4.1,133.9,11.6,5,,2022-01-02T07:05:53,2022-01-02T17:11:55,0.98,Clear,Clear conditions throughout the day.,clear-day,"58238099999,ZSNJ"
nanjing,2022-01-03,13,-2,5.1,13,-4.8,4.2,0.3,74.6,0,0,0,,0,0,22.3,10.8,84,1025.7,8.5,3.1,130.3,11.2,5,,2022-01-03T07:06:04,2022-01-03T17:12:40,0,Clear,Clear conditions throughout the day.,clear-day,"58238099999,ZSNJ"
nanjing,2022-01-04,10,0,5.7,7.3,-1.3,3.4,2.9,82.6,7,100,8.33,rain,0,0,35.6,25.2,73.7,1025.1,41.4,3,74.7,6.6,3,,2022-01-04T07:06:14,2022-01-04T17:13:25,0.05,"Rain, Partially cloudy",Partly cloudy throughout the day with late afternoon rain.,rain,"58238099999,ZSNJ"
nanjing,2022-01-05,8,3,5.5,5.5,0.2,3,4.7,94.9,20.2,100,20.83,rain,0,0,41.8,22.3,50.9,1023.8,100,5.1,20.3,1.8,1,,2022-01-05T07:06:21,2022-01-05T17:14:12,0.08,"Rain, Overcast",Cloudy skies throughout the day with a chance of rain throughout the day.,rain,"58238099999,ZSNJ"
nanjing,2022-01-06,8,3,5.6,5.7,1,3.6,1.5,76,0,0,0,,0,0,27.4,18,55.1,1031.7,77.9,9.7,84.1,7.3,4,,2022-01-06T07:06:27,2022-01-06T17:15:00,0.11,Partially cloudy,Partly cloudy throughout the day.,partly-cloudy-day,"58238099999,ZSNJ"
nanjing,2022-01-07,9,1,4.8,8.6,-1.3,3.9,0.3,74.5,0,0,0,,0,0,22,10.8,56,1031.3,37.6,6.1,92.4,8.1,4,,2022-01-07T07:06:32,2022-01-07T17:15:48,0.14,Partially cloudy,Partly cloudy throughout the day.,partly-cloudy-day,"58238099999,ZSNJ"
nanjing,2022-01-08,10,2,6.2,10,2,5.8,1.6,72.9,0,0,0,,0,0,17.6,8.5,48.9,1027.3,61.2,6.3,69.2,6,3,,2022-01-08T07:06:34,2022-01-08T17:16:38,0.18,Partially cloudy,Partly cloudy throughout the day.,partly-cloudy-day,"58238099999,ZSNJ"
nanjing,2022-01-09,7.5,5,5.9,7.5,4.5,5.7,2.5,79.1,0,0,0,,0,0,17.6,7.2,69.7,1024.5,92.6,3.4,92.1,7.9,4,,2022-01-09T07:06:35,2022-01-09T17:17:28,0.21,Overcast,Cloudy skies throughout the day.,cloudy,"58238099999,ZSNJ"
nanjing,2022-01-10,8,4,5.7,8,2.2,5.1,3.4,85.3,0.8,100,8.33,rain,0,0,29.9,7.3,329.3,1023.7,95.4,2.7,74.4,6.4,3,10,2022-01-10T07:06:34,2022-01-10T17:18:19,0.25,"Rain, Overcast",Cloudy skies throughout the day with rain.,rain,"58238099999,ZSNJ"
nanjing,2022-01-11,8,0.7,4.4,8,-1.3,2.8,-0.8,70.5,0,0,0,rain,0,0,29.9,15.1,50.9,1028.4,56.2,4.8,156.3,13.8,5,10,2022-01-11T07:06:31,2022-01-11T17:19:10,0.28,Partially cloudy,Partly cloudy throughout the day.,partly-cloudy-day,"58238099999,ZSNJ"
nanjing,2022-01-12,10,-2,2.8,8.7,-5.9,1.7,-2.6,70.1,0,0,0,,0,0,23.4,10.8,129.3,1025.1,2.6,6.6,158,13.8,5,10,2022-01-12T07:06:27,2022-01-12T17:20:02,0.31,Clear,Clear conditions throughout the day.,clear-day,"58238099999,ZSNJ"
nanjing,2022-01-13,6,-2.3,2.7,4.5,-4.7,0.5,-7.1,53,0,0,0,,0,0,42.5,17.6,356.8,1029.6,36.7,8.6,157.7,13.8,5,10,2022-01-13T07:06:21,2022-01-13T17:20:55,0.34,Partially cloudy,Partly cloudy throughout the day.,partly-cloudy-day,"58238099999,ZSNJ"
nanjing,2022-01-14,5,-5,1.1,4,-8.3,-0.5,-5.3,64.5,10,100,4.17,"rain,snow",0,0,31.7,21.6,117.2,1026.3,40.7,9.2,97.4,8.7,3,10,2022-01-14T07:06:13,2022-01-14T17:21:48,0.37,"Snow, Rain, Partially cloudy",Partly cloudy throughout the day with morning rain or snow.,rain,"58238099999,ZSNJ"
nanjing,2022-01-15,11,2,5.6,11,-0.1,5.1,0.3,70.9,0,0,0,,0,0,19.1,10.8,247.2,1024.2,19.4,4.2,142.5,12.5,4,10,2022-01-15T07:06:03,2022-01-15T17:22:41,0.41,Clear,Clear conditions throughout the day.,clear-day,"58238099999,ZSNJ"
nanjing,2022-01-16,10,4,6.6,7.7,2.2,4.8,1.6,71.5,0,0,0,,0,0,27,18,73.6,1028,25.8,3.6,132.5,11.7,4,10,2022-01-16T07:05:52,2022-01-16T17:23:35,0.44,Partially cloudy,Partly cloudy throughout the day.,partly-cloudy-day,"58238099999,ZSNJ"
nanjing,2022-01-17,11.5,3,6.9,11.5,1,5.7,2.8,76.1,0,0,0,,0,0,28.1,14,67,1028.3,33.7,3.7,130.8,11.5,4,10,2022-01-17T07:05:38,2022-01-17T17:24:29,0.47,Partially cloudy,Partly cloudy throughout the day.,partly-cloudy-day,"58238099999,ZSNJ"
nanjing,2022-01-18,13,2,6.4,13,-1.1,4.9,2.1,75.6,0,0,0,,0,0,30.6,18,93.2,1026.7,15.7,6.6,155.4,13.5,5,10,2022-01-18T07:05:23,2022-01-18T17:25:24,0.5,Clear,Clear conditions throughout the day.,clear-day,"58238099999,ZSNJ"
nanjing,2022-01-19,13,-1,6.1,13,-1,5.7,2.5,79.3,0,0,0,,0,0,28.4,16.7,50.3,1024.8,24.6,2.6,153.7,13.5,5,10,2022-01-19T07:05:06,2022-01-19T17:26:19,0.54,Partially cloudy,Partly cloudy throughout the day.,partly-cloudy-day,"58238099999,ZSNJ"
nanjing,2022-01-20,8,2.6,5.1,4.7,-1.4,1.3,0.4,71.9,0,0,0,,0,0,35.6,32.4,72.5,1028.6,86.1,6.5,143.6,12.5,5,10,2022-01-20T07:04:48,2022-01-20T17:27:14,0.58,Partially cloudy,Partly cloudy throughout the day.,partly-cloudy-day,"58238099999,ZSNJ"
nanjing,2022-01-21,8,1.8,5.2,5.1,-2.9,1.3,-0.2,68.8,0,0,0,,0,0,38.9,25.2,90.7,1026.7,96.3,10.7,102.7,8.9,4,10,2022-01-21T07:04:28,2022-01-21T17:28:10,0.61,Overcast,Cloudy skies throughout the day.,cloudy,"58238099999,ZSNJ"
nanjing,2022-01-22,9,5.8,7.4,6.9,2.7,5,5.2,86.1,2.8,100,8.33,rain,0,0.6,35.3,18,83.1,1020.2,81.1,6.3,14.7,1.4,1,10,2022-01-22T07:04:06,2022-01-22T17:29:05,0.65,"Rain, Partially cloudy",Partly cloudy throughout the day with rain.,rain,"58238099999,ZSNJ"
nanjing,2022-01-23,8,5.8,7.2,6.9,3.2,5.2,6.4,94.5,23,100,25,rain,0,0.4,44.3,14.4,39.8,1019.8,100,7.1,8.9,0.5,1,10,2022-01-23T07:03:42,2022-01-23T17:30:01,0.68,"Rain, Overcast",Cloudy skies throughout the day with a chance of rain throughout the day.,rain,"58238099999,ZSNJ"
nanjing,2022-01-24,6,3.3,4.2,4.5,0.1,2.2,3.1,93,4.5,100,12.5,"rain,snow",0,0,32.4,13.1,35.6,1023.9,98.9,2.7,14.2,1.3,1,10,2022-01-24T07:03:17,2022-01-24T17:30:57,0.72,"Snow, Rain, Overcast",Cloudy skies throughout the day with a chance of rain or snow throughout the day.,rain,"58238099999,ZSNJ"
nanjing,2022-01-25,6,3.6,4.7,6,2.2,4,2.6,86.2,0.4,100,4.17,rain,0,0,19.4,7.2,41.5,1024.6,93.6,3.1,26.9,2.4,2,10,2022-01-25T07:02:50,2022-01-25T17:31:53,0.75,"Rain, Overcast",Cloudy skies throughout the day with morning rain.,rain,"58238099999,ZSNJ"
nanjing,2022-01-26,6,3,4.6,5,-1.2,1.5,2.6,87.3,7.8,100,12.5,rain,0,0.1,36.7,25.2,64.6,1024.7,73.9,4.2,18.3,1.6,1,10,2022-01-26T07:02:22,2022-01-26T17:32:49,0.79,"Rain, Partially cloudy",Partly cloudy throughout the day with rain.,rain,"58238099999,ZSNJ"
nanjing,2022-01-27,5,2.3,3.6,3.4,-1.2,1,2.8,94.7,9.1,100,16.67,rain,0,0,35.6,18,41.7,1027.5,100,2.9,22.9,2,2,10,2022-01-27T07:01:52,2022-01-27T17:33:45,0.82,"Rain, Overcast",Cloudy skies throughout the day with a chance of rain throughout the day.,rain,"58238099999,ZSNJ"
nanjing,2022-01-28,5,1,2.9,2.1,-1.8,-0.1,0,81.8,2.1,100,8.33,"rain,snow",0.1,0,29.9,21.6,55.8,1028.8,89.5,7.9,82.6,7.5,3,10,2022-01-28T07:01:20,2022-01-28T17:34:41,0.86,"Snow, Rain, Partially cloudy",Partly cloudy throughout the day with rain or snow.,snow,"58238099999,ZSNJ"
nanjing,2022-01-29,4,0,1.8,2.2,-2.3,0.3,-1,83,2.1,100,8.33,"rain,snow",0,0,24.8,11.6,40.9,1026.1,83.4,7.3,89.4,7.8,4,10,2022-01-29T07:00:47,2022-01-29T17:35:37,0.89,"Snow, Rain, Partially cloudy",Partly cloudy throughout the day with rain or snow.,rain,"58238099999,ZSNJ"
nanjing,2022-01-30,7,-1,2.2,7,-3.6,1,-1.4,80,0,0,0,,0,0,24.8,10.8,274.4,1027,37.9,4.9,179.5,15.7,5,10,2022-01-30T07:00:12,2022-01-30T17:36:33,0.93,Partially cloudy,Partly cloudy throughout the day.,partly-cloudy-day,"58238099999,ZSNJ"
nanjing,2022-01-31,8,-2,2.6,7,-2,2.1,-1,79.3,0,0,0,,0,0,20.9,10.8,257.2,1028,49.7,3.8,124.5,11,4,10,2022-01-31T06:59:35,2022-01-31T17:37:28,0.96,Partially cloudy,Partly cloudy throughout the day.,partly-cloudy-day,"58238099999,ZSNJ"
nanjing,2022-02-01,7,1,4.1,4.5,0,2.1,-3.9,58.8,0,0,0,,0,0,28.8,21.6,59.1,1030.1,44.9,8.2,156.4,13.7,5,10,2022-02-01T06:58:57,2022-02-01T17:38:24,0,Partially cloudy,Partly cloudy throughout the day.,partly-cloudy-day,"58238099999,ZSNJ"
nanjing,2022-02-02,4,1,2.3,2,-1.8,-0.4,-1,80.3,2.4,100,8.33,snow,0,0.1,27.7,18,68.9,1030.6,79.2,8,82.2,7.3,3,10,2022-02-02T06:58:18,2022-02-02T17:39:19,0.03,"Snow, Partially cloudy",Partly cloudy throughout the day with snow.,rain,"58238099999,ZSNJ"
nanjing,2022-02-03,4.2,1,2.3,2.3,-1.3,0.5,0.8,89.9,0.5,100,4.17,"rain,snow",0,0,19.4,14.4,63.8,1028.7,87.1,6.3,96.3,8.5,3,10,2022-02-03T06:57:37,2022-02-03T17:40:15,0.06,"Snow, Rain, Partially cloudy",Partly cloudy throughout the day with early morning snow or rain.,rain,"58238099999,ZSNJ"
nanjing,2022-02-04,9,1,4,7.3,-1.3,3.2,0,77.8,0,0,0,,0,0,22.7,11.9,290.1,1029.6,59.3,6.9,189.4,16.5,5,10,2022-02-04T06:56:55,2022-02-04T17:41:10,0.09,Partially cloudy,Partly cloudy throughout the day.,partly-cloudy-day,"58238099999,ZSNJ"
nanjing,2022-02-05,7,-1,2.5,5.7,-3.6,0.5,-5.1,63.3,0,0,0,,0,0,25.9,14.4,40.7,1033,43,9,186.5,16.4,5,10,2022-02-05T06:56:11,2022-02-05T17:42:04,0.13,Partially cloudy,Partly cloudy throughout the day.,partly-cloudy-day,"58238099999,ZSNJ"
nanjing,2022-02-06,5,-1,2.6,2.4,-4.7,-0.2,-6.3,53.7,0,0,0,snow,0.1,0,32.4,21.6,74.9,1031.9,86.3,11.4,148.7,13.1,5,10,2022-02-06T06:55:26,2022-02-06T17:42:59,0.16,Partially cloudy,Partly cloudy throughout the day.,snow,"58238099999,ZSNJ"
nanjing,2022-02-07,3,0,0.7,1,-5.5,-2.9,-0.2,94,21.9,100,25,snow,4.3,5.3,43.9,21.6,62.3,1026.5,100,2.9,39.9,3.5,2,10,2022-02-07T06:54:39,2022-02-07T17:43:53,0.19,"Snow, Overcast",Cloudy skies throughout the day with a chance of snow throughout the day.,snow,"58238099999,ZSNJ"
nanjing,2022-02-08,5,1,2.3,5,-1.3,1.2,1,92,0.3,100,8.33,"rain,snow",0,1.9,33.8,14.4,31.8,1029.4,94.4,5.4,78.1,7,3,10,2022-02-08T06:53:51,2022-02-08T17:44:47,0.25,"Snow, Rain, Overcast",Cloudy skies throughout the day with rain or snow in the morning and afternoon.,rain,"58238099999,ZSNJ"
nanjing,2022-02-09,3.3,0.8,2.4,3,-1.8,1,1.3,92.9,0.3,100,8.33,rain,0,0,17.6,14.4,71,1026.2,68.6,5,43,4,2,10,2022-02-09T06:53:02,2022-02-09T17:45:41,0.26,"Rain, Partially cloudy",Partly cloudy throughout the day with rain.,rain,"58238099999,ZSNJ"
nanjing,2022-02-10,7,-1,3.9,6,-1,3.4,1.1,83.2,0,0,0,rain,0,0,21.6,10.8,116,1025.4,96.4,5.8,109.5,9.7,4,10,2022-02-10T06:52:12,2022-02-10T17:46:35,0.29,Overcast,Cloudy skies throughout the day.,cloudy,"58238099999,ZSNJ"
nanjing,2022-02-11,6,4,4.7,2.6,0.1,1.4,2.6,86.4,7.6,100,12.5,rain,0,0,34.9,21.6,77.6,1023.8,82.5,4.3,30,2.6,1,10,2022-02-11T06:51:20,2022-02-11T17:47:28,0.32,"Rain, Partially cloudy",Partly cloudy throughout the day with rain.,rain,"58238099999,ZSNJ"
nanjing,2022-02-12,8,4,5.7,7,0.6,4.2,3.1,84,1.1,100,4.17,rain,0,0,32.8,18,60.1,1024,100,5.3,58.7,5.3,3,10,2022-02-12T06:50:27,2022-02-12T17:48:20,0.35,"Rain, Overcast",Cloudy skies throughout the day with early morning rain.,rain,"58238099999,ZSNJ"
nanjing,2022-02-13,9,1.8,6.1,8,1.8,5.4,2.7,79.5,0,0,0,rain,0,0,23,14.4,38.8,1022.6,77.5,4.7,69.6,6.1,2,10,2022-02-13T06:49:33,2022-02-13T17:49:13,0.39,Partially cloudy,Partly cloudy throughout the day.,partly-cloudy-day,"58238099999,ZSNJ"
nanjing,2022-02-14,11,-1,4.9,11,-1,4.6,1.3,80,0,0,0,,0,0,16.6,8.3,315,1024.7,55.4,4.2,121.1,10.7,4,10,2022-02-14T06:48:37,2022-02-14T17:50:05,0.42,Partially cloudy,Partly cloudy throughout the day.,partly-cloudy-day,"58238099999,ZSNJ"
nanjing,2022-02-15,6,4,5.1,5,0.7,2.5,2.1,81.6,0,0,0,,0,0,25.6,21.6,77.1,1025.5,86.8,4.4,111.5,9.8,3,10,2022-02-15T06:47:41,2022-02-15T17:50:57,0.45,Partially cloudy,Partly cloudy throughout the day.,partly-cloudy-day,"58238099999,ZSNJ"
nanjing,2022-02-16,9,3,5.6,6.2,-1.4,2.6,1.1,73.3,0,0,0,,0,0,39.6,36,72.8,1025.3,62.4,6,111.6,9.9,4,10,2022-02-16T06:46:43,2022-02-16T17:51:48,0.48,Partially cloudy,Partly cloudy throughout the day.,partly-cloudy-day,"58238099999,ZSNJ"
nanjing,2022-02-17,4,0,2.1,-1.4,-5.5,-3.3,-2.2,74.1,0.1,100,4.17,snow,0.4,0.1,50.4,36,78.8,1027.6,91.3,8.3,90.2,7.9,3,10,2022-02-17T06:45:45,2022-02-17T17:52:39,0.5,"Snow, Overcast",Cloudy skies throughout the day with late afternoon snow.,snow,"58238099999,ZSNJ"
nanjing,2022-02-18,6,0,2.8,2.6,-4.9,-1,0.9,87.8,4.9,100,12.5,"rain,snow",0.2,0.4,43.2,21.6,74.8,1026.9,94.9,6.9,71.3,6.2,3,10,2022-02-18T06:44:45,2022-02-18T17:53:30,0.55,"Snow, Rain, Overcast",Cloudy skies throughout the day with rain or snow.,snow,"58238099999,ZSNJ"
nanjing,2022-02-19,5,-1,2.8,2.5,-3.6,0.2,-2.1,71.5,0,0,0,snow,0,0,39.6,18,6.9,1031.2,74.5,7.9,184.9,16.2,5,10,2022-02-19T06:43:44,2022-02-19T17:54:20,0.59,Partially cloudy,Partly cloudy throughout the day.,partly-cloudy-day,"58238099999,ZSNJ"
nanjing,2022-02-20,6,-5,1.3,4.5,-6,-0.2,-9.4,51.5,0,0,0,,0,0,39.6,18,55.2,1033.8,67.5,11.8,197,17.4,6,10,2022-02-20T06:42:43,2022-02-20T17:55:10,0.62,Partially cloudy,Partly cloudy throughout the day.,partly-cloudy-day,"58238099999,ZSNJ"
nanjing,2022-02-21,8,-4,2.3,8,-5,1.8,-6.9,58.5,0,0,0,,0,0,21.6,10.8,131.7,1032.3,56,10.9,194.7,17.4,5,10,2022-02-21T06:41:40,2022-02-21T17:55:59,0.66,Partially cloudy,Partly cloudy throughout the day.,partly-cloudy-day,"58238099999,ZSNJ"
nanjing,2022-02-22,9.3,-2,4.3,8,-2,3.5,-3.5,61.5,0,0,0,snow,0,0,33.8,14.4,98.4,1033.2,69.7,9.5,102.4,8.9,4,10,2022-02-22T06:40:36,2022-02-22T17:56:48,0.69,Partially cloudy,Partly cloudy throughout the day.,partly-cloudy-day,"58238099999,ZSNJ"
nanjing,2022-02-23,9,1,5,9,0.3,3.7,-1.2,66.9,0,0,0,"rain,snow",0,0,25.9,14.4,84.8,1035,53.1,7.3,202.8,17.9,6,10,2022-02-23T06:39:32,2022-02-23T17:57:37,0.73,Partially cloudy,Partly cloudy throughout the day.,partly-cloudy-day,"58238099999,ZSNJ"
nanjing,2022-02-24,10.8,-2,4.2,10.8,-4.8,2.7,-3.5,62,0,0,0,,0,0,25.2,14.4,108.2,1033.4,8.9,7.9,229.4,19.9,6,10,2022-02-24T06:38:26,2022-02-24T17:58:26,0.75,Clear,Clear conditions throughout the day.,clear-day,"58238099999,ZSNJ"
nanjing,2022-02-25,15,-1,6.3,15,-3.6,5.4,-3.2,56.7,0,0,0,,0,0,25.2,14.4,137.5,1027.6,2.6,9,239,20.8,6,10,2022-02-25T06:37:20,2022-02-25T17:59:14,0.8,Clear,Clear conditions throughout the day.,clear-day,"58238099999,ZSNJ"
nanjing,2022-02-26,18,0,8.7,18,0,8.5,1,63.5,0,0,0,,0,0,33.8,21.6,263.9,1023.3,8,9.1,233.9,20.3,6,10,2022-02-26T06:36:13,2022-02-26T18:00:01,0.84,Clear,Clear conditions throughout the day.,clear-day,"58238099999,ZSNJ"
nanjing,2022-02-27,17,0,9.6,17,-1.1,8.9,-1.3,50.6,0,0,0,,0,0,39.2,18.1,100.8,1022.8,10.4,8.7,243.3,21.1,6,10,2022-02-27T06:35:05,2022-02-27T18:00:49,0.87,Clear,Clear conditions throughout the day.,clear-day,"58238099999,ZSNJ"
nanjing,2022-02-28,23,7,15,23,5.7,14.6,6.7,60.3,0.2,100,4.17,rain,0,0,38.2,18,200.4,1016.3,24.5,7.6,204.7,17.8,6,10,2022-02-28T06:33:57,2022-02-28T18:01:36,0.91,"Rain, Partially cloudy",Partly cloudy throughout the day with late afternoon rain.,rain,"58238099999,ZSNJ"
nanjing,2022-03-01,18,9,13.3,18,8,13.2,7.4,69.5,0.5,100,4.17,rain,0,0,43.2,18,346.3,1020.3,35.1,4.8,198.6,15,6,10,2022-03-01T06:32:48,2022-03-01T18:02:22,0.94,"Rain, Partially cloudy",Partly cloudy throughout the day with early morning rain.,rain,"58238099999,ZSNJ"
nanjing,2022-03-02,17,5,10.7,17,3.4,10.1,3,63.6,0,0,0,,0,0,36,14.4,155.5,1021.7,25.2,4.7,244.2,17.5,6,10,2022-03-02T06:31:38,2022-03-02T18:03:08,0.98,Partially cloudy,Partly cloudy throughout the day.,partly-cloudy-day,"58238099999,ZSNJ"
nanjing,2022-03-03,21,7,14,21,6.9,14,3.9,55,0,0,0,,0,0,23,10.8,132.2,1017.3,14.8,6.9,244.2,17.5,6,10,2022-03-03T06:30:27,2022-03-03T18:03:54,0,Clear,Clear conditions throughout the day.,clear-day,"58238099999,ZSNJ"
nanjing,2022-03-04,23,11,16.2,23,11,16.2,8.4,64,0,0,0,rain,0,0,28.8,25.4,267,1014.7,13.5,7.3,241,17.4,6,10,2022-03-04T06:29:16,2022-03-04T18:04:40,0.05,Clear,Clear conditions throughout the day.,clear-day,"58238099999,ZSNJ"
nanjing,2022-03-05,17,8,12.4,17,6.3,12,-0.2,45.2,0,0,0,,0,0,37.8,25.2,73.4,1019.7,38.4,10.6,250,18,7,10,2022-03-05T06:28:04,2022-03-05T18:05:25,0.08,Partially cloudy,Becoming cloudy in the afternoon.,partly-cloudy-day,"58238099999,ZSNJ"
nanjing,2022-03-06,13,7.7,10.2,13,4.7,9,-3.6,38.6,0,0,0,,0,0,43.2,32.4,104.2,1023.1,98.3,11.9,170.4,12.2,5,10,2022-03-06T06:26:52,2022-03-06T18:06:10,0.11,Overcast,Cloudy skies throughout the day.,cloudy,"58238099999,ZSNJ"
nanjing,2022-03-07,17,6,10.6,17,6,10.4,4.3,67.5,0,0,0,rain,0,0,39.6,14.4,217.4,1022.1,45,10.8,229.6,17.3,6,10,2022-03-07T06:25:39,2022-03-07T18:06:55,0.14,Partially cloudy,Partly cloudy throughout the day.,partly-cloudy-day,"58238099999,ZSNJ"
nanjing,2022-03-08,20.1,5,12.9,20.1,4.5,12.8,5.4,65.5,0,0,0,,0,0,28.8,18,196.2,1018.4,5.4,10.5,251.8,21.8,7,10,2022-03-08T06:24:26,2022-03-08T18:07:39,0.17,Clear,Clear conditions throughout the day.,clear-day,"58238099999,ZSNJ"
nanjing,2022-03-09,23,6,14.9,23,4.5,14.8,4.3,54.8,0,0,0,,0,0,37.4,18,105.7,1018,4.6,9.9,255.3,22,7,10,2022-03-09T06:23:12,2022-03-09T18:08:23,0.21,Clear,Clear conditions throughout the day.,clear-day,"58238099999,ZSNJ"
nanjing,2022-03-10,25,9,16.5,25,8,16.4,8.8,65,0,0,0,,0,0,33.5,14.4,130.2,1014.3,35.2,8.2,249.8,21.7,7,10,2022-03-10T06:21:57,2022-03-10T18:09:07,0.25,Partially cloudy,Partly cloudy throughout the day.,partly-cloudy-day,"58238099999,ZSNJ"
nanjing,2022-03-11,28,13,20.1,27,13,20,10.3,57.4,0,0,0,,0,0,41.4,14.4,90.3,1013.6,29.2,9.4,247,21.4,7,10,2022-03-11T06:20:43,2022-03-11T18:09:51,0.27,Partially cloudy,Partly cloudy throughout the day.,partly-cloudy-day,"58238099999,ZSNJ"
nanjing,2022-03-12,29,12,20.2,28.2,12,20.1,12.3,65.1,0,0,0,rain,0,0,38.9,18,121.2,1011.2,35,6.9,242.2,20.8,7,10,2022-03-12T06:19:28,2022-03-12T18:10:34,0.3,Partially cloudy,Partly cloudy throughout the day.,partly-cloudy-day,"58238099999,ZSNJ"
nanjing,2022-03-13,27,17.6,21.5,27.9,17.6,21.6,16.3,73.4,0.2,100,4.17,rain,0,0,33.1,18,41.1,1009.8,57.7,7.2,151,12.9,6,30,2022-03-13T06:18:12,2022-03-13T18:11:17,0.34,"Rain, Partially cloudy",Partly cloudy throughout the day with morning rain.,rain,"58238099999,ZSNJ"
nanjing,2022-03-14,21,13.9,17.6,21,13.9,17.6,13.4,78.1,0,0,0,,0,0,43.2,28.9,54.5,1013.7,62.3,4.3,239.3,20.7,7,10,2022-03-14T06:16:57,2022-03-14T18:12:00,0.37,Partially cloudy,Partly cloudy throughout the day.,partly-cloudy-day,"58238099999,ZSNJ"
nanjing,2022-03-15,25,10,17.4,25,10,17.4,9,58.6,0,0,0,,0,0,44.3,21.6,116.4,1013,30.2,9.6,261.4,22.4,7,10,2022-03-15T06:15:41,2022-03-15T18:12:43,0.4,Partially cloudy,Partly cloudy throughout the day.,partly-cloudy-day,"58238099999,ZSNJ"
nanjing,2022-03-16,29,14,21.1,28.4,14,21,14.1,67.9,0,0,0,rain,0,0,46.8,25.2,96.9,1009.7,42.9,6.5,226.7,19.5,6,30,2022-03-16T06:14:24,2022-03-16T18:13:25,0.43,Partially cloudy,Partly cloudy throughout the day.,partly-cloudy-day,"58238099999,ZSNJ"
nanjing,2022-03-17,16,6.3,9.8,16,3,7.9,8.1,89.4,34.6,100,29.17,rain,0,0,68.4,46.8,43.7,1012.1,97.9,8.5,11.6,1,1,10,2022-03-17T06:13:08,2022-03-17T18:14:08,0.46,"Rain, Overcast",Cloudy skies throughout the day with a chance of rain throughout the day.,rain,"58238099999,ZSNJ"
nanjing,2022-03-18,11,5.6,8.2,11,2,7,4.7,78.7,0,0,0,rain,0,0,43.2,18,304.8,1014.6,93.9,8.3,175.9,15.1,6,10,2022-03-18T06:11:51,2022-03-18T18:14:50,0.5,Overcast,Cloudy skies throughout the day.,cloudy,"58238099999,ZSNJ"
nanjing,2022-03-19,13,6.9,9.7,13,3.9,8.9,5.9,78.2,0,0,0,,0,0,32.4,25.2,50.6,1015.2,81.7,5.7,155.5,13.4,4,10,2022-03-19T06:10:34,2022-03-19T18:15:32,0.53,Partially cloudy,Partly cloudy throughout the day.,partly-cloudy-day,"58238099999,ZSNJ"
nanjing,2022-03-20,7,5,5.9,4.1,0.5,2.7,3.9,87.4,19.2,100,20.83,rain,0,0,37.4,25.2,67.8,1019.7,93.2,6.2,11.8,1.1,1,10,2022-03-20T06:09:17,2022-03-20T18:16:13,0.57,"Rain, Overcast",Cloudy skies throughout the day with rain.,rain,"58238099999,ZSNJ"
nanjing,2022-03-21,7.4,5.8,6.3,3.8,1.2,2.5,5.4,94.1,43.5,100,29.17,rain,0,0,52.2,36,72.6,1020.1,97,5.7,4.7,0,0,10,2022-03-21T06:08:00,2022-03-21T18:16:55,0.6,"Rain, Overcast",Cloudy skies throughout the day with a chance of rain throughout the day.,rain,"58238099999,ZSNJ"
nanjing,2022-03-22,10.1,5.8,8,10.1,3.1,6.1,4,77,2,100,4.17,rain,0,0,46.8,21.6,68,1023.9,96.7,10.7,95.7,8.3,4,10,2022-03-22T06:06:43,2022-03-22T18:17:36,0.64,"Rain, Overcast",Cloudy skies throughout the day with early morning rain.,rain,"58238099999,ZSNJ"
nanjing,2022-03-23,14,6,9.6,14,3.8,9.1,4.5,72,0.1,100,4.17,rain,0,0,21.6,14.5,147.2,1020.5,45.3,9.5,169.2,14.6,6,10,2022-03-23T06:05:26,2022-03-23T18:18:18,0.67,"Rain, Partially cloudy",Partly cloudy throughout the day with early morning rain.,rain,"58238099999,ZSNJ"
nanjing,2022-03-24,19,4,12.4,19,4,12.1,7.3,73.7,0,0,0,,0,0,43.9,21.6,138.3,1013.9,42.4,8.3,265.7,23.1,9,10,2022-03-24T06:04:08,2022-03-24T18:18:59,0.71,Partially cloudy,Partly cloudy throughout the day.,partly-cloudy-day,"58238099999,ZSNJ"
nanjing,2022-03-25,17,12.8,14.9,17,12.8,14.9,13.6,92.4,38,100,20.83,rain,0,0,42.5,18,202.1,1005.4,94.8,6.6,47.2,4.1,4,10,2022-03-25T06:02:51,2022-03-25T18:19:40,0.75,"Rain, Overcast",Cloudy skies throughout the day with a chance of rain throughout the day.,rain,"58238099999,ZSNJ"
nanjing,2022-03-26,18,11.9,14.2,18,11.9,14.2,6.6,63.6,0.4,100,4.17,rain,0,0,40.3,18,335.6,1015.8,80.2,8.5,226.2,19.7,9,10,2022-03-26T06:01:34,2022-03-26T18:20:21,0.78,"Rain, Partially cloudy",Partly cloudy throughout the day with early morning rain.,rain,"58238099999,ZSNJ"
nanjing,2022-03-27,19,9.3,13.6,19,6.9,13.4,6.1,62.8,0,0,0,rain,0,0,37.1,25.2,46.6,1020.2,88.3,10.2,146.8,12.5,7,10,2022-03-27T06:00:16,2022-03-27T18:21:02,0.82,Partially cloudy,Partly cloudy throughout the day.,partly-cloudy-day,"58238099999,ZSNJ"
nanjing,2022-03-28,17,8,12,17,5.1,11.2,6.3,68.6,0,0,0,rain,0,0,41,18,103.5,1023.5,58,10.2,219.1,18.8,9,10,2022-03-28T05:58:59,2022-03-28T18:21:43,0.85,Partially cloudy,Partly cloudy throughout the day.,partly-cloudy-day,"58238099999,ZSNJ"
nanjing,2022-03-29,22,8.4,14.9,22,6.6,14.3,8.2,66.6,0,0,0,,0,0,43.2,18,133.7,1018.8,39.9,9.6,266,22.9,9,10,2022-03-29T05:57:42,2022-03-29T18:22:24,0.89,Partially cloudy,Becoming cloudy in the afternoon.,partly-cloudy-day,"58238099999,ZSNJ"
nanjing,2022-03-30,23,11,16.9,23,11,16.9,11.3,71,0,0,0,rain,0,0,39.6,14.4,45.4,1018.3,39.8,7.3,221.8,19.1,9,10,2022-03-30T05:56:25,2022-03-30T18:23:05,0.92,Partially cloudy,Becoming cloudy in the afternoon.,partly-cloudy-day,"58238099999,ZSNJ"
nanjing,2022-03-31,16,9.9,12.1,16,8.5,12,7.8,75.4,0.2,100,4.17,rain,0,0,39.6,18,49.6,1028,62.7,7.2,70.8,6.1,3,10,2022-03-31T05:55:09,2022-03-31T18:23:46,0.96,"Rain, Partially cloudy",Partly cloudy throughout the day with afternoon rain.,rain,"58238099999,ZSNJ"
nanjing,2022-04-01,14,6.9,10.2,14,6.1,9.8,-0.2,50.7,0,0,0,,0,0,36,18,28.5,1032.4,87.6,11.5,205,17.7,8,10,2022-04-01T05:53:52,2022-04-01T18:24:27,0,Partially cloudy,Partly cloudy throughout the day.,partly-cloudy-day,"58238099999,ZSNJ"
nanjing,2022-04-02,17,4,10.9,17,4,10.7,0.8,56.8,0,0,0,,0,0,32.4,10.8,79.6,1029.1,21.9,10.2,290.7,25.4,9,10,2022-04-02T05:52:36,2022-04-02T18:25:08,0.03,Partially cloudy,Partly cloudy throughout the day.,partly-cloudy-day,"58238099999,ZSNJ"
nanjing,2022-04-03,18,5,12.2,18,3.4,11.7,2.7,57.7,0,0,0,,0,0,28.8,14.4,109.9,1028,9.6,9.2,291.2,25.3,9,10,2022-04-03T05:51:20,2022-04-03T18:25:49,0.06,Clear,Clear conditions throughout the day.,clear-day,"58238099999,ZSNJ"
nanjing,2022-04-04,20,6,13.8,20,5.2,13.5,4.2,56.8,0,0,0,,0,0,33.5,18,107.5,1025.7,76,9.4,250.8,21.7,8,10,2022-04-04T05:50:04,2022-04-04T18:26:29,0.09,Partially cloudy,Partly cloudy throughout the day.,partly-cloudy-day,"58238099999,ZSNJ"
nanjing,2022-04-05,22.4,12,15.4,22.4,12,15.4,7.4,61.2,0,0,0,,0,0,28.8,14.4,158.4,1020.8,70.3,9.9,225.7,19.6,8,10,2022-04-05T05:48:49,2022-04-05T18:27:10,0.13,Partially cloudy,Partly cloudy throughout the day.,partly-cloudy-day,"58238099999,ZSNJ"
nanjing,2022-04-06,26,8,17.4,26,8,17.4,7.8,60.6,0,0,0,,0,0,32.4,10.8,173.8,1019.6,16.3,9.4,289,25,9,10,2022-04-06T05:47:34,2022-04-06T18:27:51,0.16,Clear,Clear conditions throughout the day.,clear-day,"58238099999,ZSNJ"
nanjing,2022-04-07,27,11,19.2,26.8,11,19.1,10.5,61.9,0,0,0,,0,0,23,10.8,209.8,1017.9,12.6,10.7,294.3,25.3,9,10,2022-04-07T05:46:19,2022-04-07T18:28:32,0.19,Clear,Clear conditions throughout the day.,clear-day,"58238099999,ZSNJ"
nanjing,2022-04-08,31,12,21.4,28.9,12,21,9.3,55.1,0,0,0,,0,0,31,21.6,168.1,1015.2,0.4,10,294.5,25.4,9,10,2022-04-08T05:45:05,2022-04-08T18:29:13,0.22,Clear,Clear conditions throughout the day.,clear-day,"58238099999,ZSNJ"
nanjing,2022-04-09,30,11,22.2,28.4,11,21.7,8.9,48.2,0,0,0,,0,0,28.8,21.6,174.6,1010.9,48.7,10.9,258.6,22.4,9,10,2022-04-09T05:43:51,2022-04-09T18:29:54,0.25,Partially cloudy,Partly cloudy throughout the day.,partly-cloudy-day,"58238099999,ZSNJ"
nanjing,2022-04-10,30,16,22.8,28.8,16,22.5,11.4,51.8,0,0,0,,0,0,25.9,18,147.3,1009.1,48.7,10.8,238.6,20.6,9,10,2022-04-10T05:42:37,2022-04-10T18:30:35,0.29,Partially cloudy,Partly cloudy throughout the day.,partly-cloudy-day,"58238099999,ZSNJ"
nanjing,2022-04-11,33,15,23.7,32.3,15,23.5,14.8,62.9,0,0,0,,0,0,28.8,14.4,217.6,1008.3,6.2,10.3,292,25.2,9,10,2022-04-11T05:41:24,2022-04-11T18:31:16,0.32,Clear,Clear conditions throughout the day.,clear-day,"58238099999,ZSNJ"
nanjing,2022-04-12,33,16,23.1,32.3,16,23,15.4,66.2,0.1,100,4.17,rain,0,0,46.4,22.3,14.2,1008,38,8.7,263.5,22.6,9,10,2022-04-12T05:40:12,2022-04-12T18:31:58,0.35,"Rain, Partially cloudy",Partly cloudy throughout the day with late afternoon rain.,rain,"58238099999,ZSNJ"
nanjing,2022-04-13,15,10.8,12.3,15,10.8,12.3,10.1,87.1,27,100,20.83,rain,0,0,49.7,25.2,37,1011.8,97.2,8.2,24.4,2.1,1,10,2022-04-13T05:39:00,2022-04-13T18:32:39,0.38,"Rain, Overcast",Cloudy skies throughout the day with a chance of rain throughout the day.,rain,"58238099999,ZSNJ"
nanjing,2022-04-14,17.3,10,13.8,17.3,8.5,13.7,8.7,71.9,0.2,100,4.17,rain,0,0,39.2,16.9,14.1,1017,79.3,11.4,250.7,21.5,9,10,2022-04-14T05:37:48,2022-04-14T18:33:20,0.42,"Rain, Partially cloudy",Partly cloudy throughout the day with afternoon rain.,rain,"58238099999,ZSNJ"
nanjing,2022-04-15,17,11.8,14.1,17,11.8,14.1,6.7,62.3,0,0,0,,0,0,41,14.8,41.8,1022.2,88.3,11.9,262.9,22.6,8,10,2022-04-15T05:36:37,2022-04-15T18:34:02,0.45,Partially cloudy,Partly cloudy throughout the day.,partly-cloudy-day,"58238099999,ZSNJ"
nanjing,2022-04-16,17,10.8,13.9,17,10.8,13.9,4,52.8,0,0,0,,0,0,28.8,14.4,72.9,1021.5,96.1,10.8,202.9,17.6,7,10,2022-04-16T05:35:27,2022-04-16T18:34:43,0.48,Overcast,Cloudy skies throughout the day.,cloudy,"58238099999,ZSNJ"
nanjing,2022-04-17,20,8,14.6,20,6.9,14.4,4.6,55.3,0,0,0,,0,0,28.8,18,112.2,1019.6,59.4,10.2,267.4,22.9,9,10,2022-04-17T05:34:18,2022-04-17T18:35:25,0.5,Partially cloudy,Partly cloudy throughout the day.,partly-cloudy-day,"58238099999,ZSNJ"
nanjing,2022-04-18,22,13,17,22,13,17,7.9,57,0.1,100,4.17,rain,0,0,28.8,23.6,284.2,1018.3,64.8,9.7,234.6,20.2,9,10,2022-04-18T05:33:09,2022-04-18T18:36:06,0.55,"Rain, Partially cloudy",Partly cloudy throughout the day with early morning rain.,rain,"58238099999,ZSNJ"
nanjing,2022-04-19,24,12,17.8,24,12,17.8,9.4,61.5,0,0,0,,0,0,28.8,12.6,285.5,1018.3,32.7,8.2,294.8,25.3,10,10,2022-04-19T05:32:00,2022-04-19T18:36:48,0.58,Partially cloudy,Partly cloudy throughout the day.,partly-cloudy-day,"58238099999,ZSNJ"
nanjing,2022-04-20,25,11,18.4,25,11,18.4,10,62.6,0,0,0,,0,0,31.3,14.4,203.6,1013.7,56.6,8.6,238.5,20.6,8,10,2022-04-20T05:30:53,2022-04-20T18:37:30,0.62,Partially cloudy,Partly cloudy throughout the day.,partly-cloudy-day,"58238099999,ZSNJ"
nanjing,2022-04-21,27,14,20.6,26.8,14,20.6,12.7,62.7,0,0,0,,0,0,34.6,25.2,208.6,1009.4,6.3,11,305.5,26.3,9,10,2022-04-21T05:29:46,2022-04-21T18:38:12,0.66,Clear,Clear conditions throughout the day.,clear-day,"58238099999,ZSNJ"
nanjing,2022-04-22,29.3,15,22.3,28.8,15,22.3,15.2,67.4,0.5,100,4.17,rain,0,0,28.8,9,190.7,1009.3,81.3,11,200.9,17.5,8,10,2022-04-22T05:28:40,2022-04-22T18:38:54,0.69,"Rain, Partially cloudy",Partly cloudy throughout the day with late afternoon rain.,rain,"58238099999,ZSNJ"
nanjing,2022-04-23,26,18,21.4,26,18,21.4,17.7,80.7,5.5,100,8.33,rain,0,0,25.6,10.8,173.6,1009.7,47.7,6.2,236.4,20.4,9,10,2022-04-23T05:27:35,2022-04-23T18:39:36,0.75,"Rain, Partially cloudy",Partly cloudy throughout the day with rain clearing later.,rain,"58238099999,ZSNJ"
nanjing,2022-04-24,29,16,22,29.5,16,22.2,17.1,75.7,0,0,0,,0,0,42.5,21.6,126.9,1008.3,25.9,7.8,300.5,26.2,9,10,2022-04-24T05:26:30,2022-04-24T18:40:18,0.76,Partially cloudy,Partly cloudy throughout the day.,partly-cloudy-day,"58238099999,ZSNJ"
nanjing,2022-04-25,22,19,20.4,22,19,20.4,19.6,95.2,76,100,20.83,rain,0,0,41.8,16.2,115.8,1002.7,79.7,4.5,26,2.2,1,10,2022-04-25T05:25:27,2022-04-25T18:41:01,0.8,"Rain, Partially cloudy",Partly cloudy throughout the day with a chance of rain throughout the day.,rain,"58238099999,ZSNJ"
nanjing,2022-04-26,25.1,18.8,20.9,25.1,18.8,20.9,18.1,84.7,0.7,100,4.17,rain,0,0,25.2,10.8,34.3,1006.5,73.2,7.7,281.3,24.5,9,10,2022-04-26T05:24:24,2022-04-26T18:41:43,0.83,"Rain, Partially cloudy",Partly cloudy throughout the day with early morning rain.,rain,"58238099999,ZSNJ"
nanjing,2022-04-27,22.3,16.8,19.2,22.3,16.8,19.2,13,69.7,0,0,0,,0,0,48.2,32.4,86.8,1014.4,63.1,8.6,234.2,20.1,8,10,2022-04-27T05:23:23,2022-04-27T18:42:26,0.87,Partially cloudy,Partly cloudy throughout the day.,partly-cloudy-day,"58238099999,ZSNJ"
nanjing,2022-04-28,20,9.6,15.3,20,6.2,15.1,10.3,73.3,19.4,100,12.5,rain,0,0,50.4,27.2,63.4,1013.6,74.9,9.8,238,20.4,9,10,2022-04-28T05:22:22,2022-04-28T18:43:08,0.9,"Rain, Partially cloudy",Partly cloudy throughout the day with rain.,rain,"58238099999,ZSNJ"
nanjing,2022-04-29,16,9,12.8,16,7.3,12.4,8.9,77.8,0.5,100,4.17,rain,0,0,50.4,14.4,38.8,1019.6,90.7,11.1,239.9,20.9,9,10,2022-04-29T05:21:22,2022-04-29T18:43:51,0.94,"Rain, Overcast",Cloudy skies throughout the day with early morning rain.,rain,"58238099999,ZSNJ"
nanjing,2022-04-30,17.4,13.9,15.1,17.4,13.9,15.1,10.3,74,0,0,0,rain,0,0,25.2,14.4,32.1,1019.9,85.1,7.7,159.2,13.7,7,10,2022-04-30T05:20:23,2022-04-30T18:44:33,0.98,Partially cloudy,Partly cloudy throughout the day.,partly-cloudy-day,"58238099999,ZSNJ"
nanjing,2022-05-01,21,13,16.1,21,13,16.1,10.5,71.8,0,0,0,rain,0,0,25.2,10.8,295.2,1019.1,89.5,6.1,231.3,20,7,10,2022-05-01T05:19:25,2022-05-01T18:45:16,0,Partially cloudy,Partly cloudy throughout the day.,partly-cloudy-day,"58238099999,ZSNJ"
nanjing,2022-05-02,25,11.4,17.9,25,11.4,17.9,10.8,66.9,0,0,0,,0,0,26.6,14.4,237.6,1017.4,13.6,7.6,323.7,27.9,10,10,2022-05-02T05:18:28,2022-05-02T18:45:59,0.04,Clear,Clear conditions throughout the day.,clear-day,"58238099999,ZSNJ"
nanjing,2022-05-03,28,11,19.8,27,11,19.6,10.3,60.8,0,0,0,,0,0,28.8,18,195,1018,10.9,10,323.3,28,10,10,2022-05-03T05:17:32,2022-05-03T18:46:41,0.08,Clear,Clear conditions throughout the day.,clear-day,"58238099999,ZSNJ"
nanjing,2022-05-04,29,13,21.5,28,13,21.2,10.4,53.6,0,0,0,,0,0,177.4,21.9,145,1015.5,8.6,11.6,326.4,28.1,10,10,2022-05-04T05:16:38,2022-05-04T18:47:24,0.11,Clear,Clear conditions throughout the day.,clear-day,"58238099999,ZSNJ"
nanjing,2022-05-05,29,13,21.8,27.8,13,21.6,10.2,51.1,0,0,0,,0,0,38.9,18,130.6,1012.6,1.7,11.4,327.1,28.2,10,10,2022-05-05T05:15:44,2022-05-05T18:48:07,0.14,Clear,Clear conditions throughout the day.,clear-day,"58238099999,ZSNJ"
nanjing,2022-05-06,30,16,23,28.8,16,22.7,13.9,62.1,0,0,0,,0,0,35.6,14.4,121.7,1011.5,1.2,10.2,327.7,28.2,10,10,2022-05-06T05:14:51,2022-05-06T18:48:49,0.17,Clear,Clear conditions throughout the day.,clear-day,"58238099999,ZSNJ"
nanjing,2022-05-07,27,17,21.6,27.9,17,21.7,16.7,74.4,0,0,0,,0,0,45.4,25.2,68.4,1015.5,44.2,9,269.1,23.4,8,10,2022-05-07T05:14:00,2022-05-07T18:49:32,0.21,Partially cloudy,Partly cloudy throughout the day.,partly-cloudy-day,"58238099999,ZSNJ"
nanjing,2022-05-08,26,16,20.8,26,16,20.8,14.7,69.7,0,0,0,,0,0,41.4,25.2,80.8,1015.9,72.4,10,252.4,21.9,10,10,2022-05-08T05:13:10,2022-05-08T18:50:14,0.24,Partially cloudy,Partly cloudy throughout the day.,partly-cloudy-day,"58238099999,ZSNJ"
nanjing,2022-05-09,23,15.6,18.7,23,15.6,18.7,9.5,55.9,0,0,0,,0,0,39.6,28.8,88.1,1015.8,60,12.5,207.5,18.1,9,10,2022-05-09T05:12:21,2022-05-09T18:50:57,0.25,Partially cloudy,Partly cloudy throughout the day.,partly-cloudy-day,"58238099999,ZSNJ"
nanjing,2022-05-10,18,15,16.7,18,15,16.7,13.3,80.7,0,0,0,rain,0,0,32,21.6,61.9,1012.8,100,7.5,38.5,3.5,3,10,2022-05-10T05:11:33,2022-05-10T18:51:39,0.3,Overcast,Cloudy skies throughout the day.,cloudy,"58238099999,ZSNJ"
nanjing,2022-05-11,21,17,18.9,21,17,18.9,16,83.9,0,0,0,,0,0,28.8,18,56.4,1013.2,100,6.1,76.2,6.5,3,10,2022-05-11T05:10:47,2022-05-11T18:52:22,0.34,Overcast,Cloudy skies throughout the day.,cloudy,"58238099999,ZSNJ"
nanjing,2022-05-12,22,16,19.6,22,16,19.6,14.6,73.1,0,0,0,rain,0,0,29.5,18,76.9,1011.2,80.9,10.7,187.8,16.2,7,10,2022-05-12T05:10:01,2022-05-12T18:53:04,0.37,Partially cloudy,Partly cloudy throughout the day.,partly-cloudy-day,"58238099999,ZSNJ"
nanjing,2022-05-13,22.8,15.1,18.6,22.8,15.1,18.6,13.3,72.5,0,0,0,,0,0,36.4,18,59.3,1011.5,93.9,8.9,164.9,14.3,7,10,2022-05-13T05:09:17,2022-05-13T18:53:46,0.4,Overcast,Cloudy skies throughout the day.,cloudy,"58238099999,ZSNJ"
nanjing,2022-05-14,23,12.9,18.4,23,12.9,18.4,8.2,54.7,0,0,0,,0,0,36,18,68,1016.6,80.9,10,268.3,23,8,10,2022-05-14T05:08:35,2022-05-14T18:54:28,0.43,Partially cloudy,Partly cloudy throughout the day.,partly-cloudy-day,"58238099999,ZSNJ"
nanjing,2022-05-15,23,15,19,23,15,19,9.6,56.2,0,0,0,,0,0,28.8,10.9,189.4,1017.3,99,11.4,250.1,21.8,9,10,2022-05-15T05:07:53,2022-05-15T18:55:09,0.47,Overcast,Cloudy skies throughout the day.,cloudy,"58238099999,ZSNJ"
nanjing,2022-05-16,26,13,19.9,26,13,19.9,9.5,55.3,0,0,0,,0,0,31.3,18,240.9,1014.4,41.7,11,333.5,28.7,10,10,2022-05-16T05:07:13,2022-05-16T18:55:51,0.5,Partially cloudy,Partly cloudy throughout the day.,partly-cloudy-day,"58238099999,ZSNJ"
nanjing,2022-05-17,30,13,21.5,28.3,13,21.1,9.6,53.6,0,0,0,,0,0,29.9,21.6,227,1013.8,15.9,11,337.1,29.2,10,10,2022-05-17T05:06:34,2022-05-17T18:56:32,0.53,Clear,Clear conditions throughout the day.,clear-day,"58238099999,ZSNJ"
nanjing,2022-05-18,30,13,22.6,28.4,13,22.2,9.4,49.1,0,0,0,,0,0,39.6,18,155.4,1015.9,94.3,11.4,259.8,22.6,9,10,2022-05-18T05:05:57,2022-05-18T18:57:13,0.57,Overcast,Cloudy skies throughout the day.,cloudy,"58238099999,ZSNJ"
nanjing,2022-05-19,24,17,20.2,24,17,20.2,12.9,64.5,0.3,100,4.17,rain,0,0,32.4,14.4,109.6,1015,78.3,9.5,37.4,3.3,2,10,2022-05-19T05:05:21,2022-05-19T18:57:53,0.6,"Rain, Partially cloudy",Partly cloudy throughout the day with late afternoon rain.,rain,"58238099999,ZSNJ"
nanjing,2022-05-20,27,17,21.4,26.8,17,21.4,14.6,68.2,0.1,100,4.17,rain,0,0,24.8,18,165,1011.5,42.4,7.5,242,21,9,10,2022-05-20T05:04:47,2022-05-20T18:58:34,0.64,"Rain, Partially cloudy",Partly cloudy throughout the day with early morning rain.,rain,"58238099999,ZSNJ"
nanjing,2022-05-21,30,15,23.1,29.2,15,22.9,14.8,63.9,0,0,0,,0,0,25.2,14.4,141.8,1010.2,56.1,7.6,321.4,27.7,10,10,2022-05-21T05:04:13,2022-05-21T18:59:14,0.67,Partially cloudy,Becoming cloudy in the afternoon.,partly-cloudy-day,"58238099999,ZSNJ"
nanjing,2022-05-22,30,17.6,24.3,28.7,17.6,24,13,53.6,0,0,0,,0,0,33.5,18.1,118.6,1008.4,68.1,9.6,270.3,23.4,9,10,2022-05-22T05:03:42,2022-05-22T18:59:53,0.71,Partially cloudy,Partly cloudy throughout the day.,partly-cloudy-day,"58238099999,ZSNJ"
nanjing,2022-05-23,29,19.8,24.2,29.5,19.8,24.4,16,61.5,0,0,0,,0,0,43.9,25.2,140.9,1009.2,54.8,10.9,246.4,21.4,10,10,2022-05-23T05:03:11,2022-05-23T19:00:33,0.75,Partially cloudy,Partly cloudy throughout the day.,partly-cloudy-day,"58238099999,ZSNJ"
nanjing,2022-05-24,26.6,17,21.8,26.6,17,21.8,16.3,72.4,0,0,0,,0,0,43.2,18,97.4,1011.5,55.2,10.6,287,24.8,10,10,2022-05-24T05:02:43,2022-05-24T19:01:11,0.78,Partially cloudy,Partly cloudy throughout the day.,partly-cloudy-day,"58238099999,ZSNJ"
nanjing,2022-05-25,30.1,17,24.2,30.4,17,24.4,17.3,68.6,0,0,0,,0,0,43.2,27.2,95.6,1009.3,56.7,7.7,315.4,27.2,9,10,2022-05-25T05:02:15,2022-05-25T19:01:50,0.81,Partially cloudy,Partly cloudy throughout the day.,partly-cloudy-day,"58238099999,ZSNJ"
nanjing,2022-05-26,25,18.6,21.3,25,18.6,21.3,17,77.1,0.5,100,8.33,rain,0,0,43.2,14.5,47.4,1007.5,58.3,8,115.5,10,7,10,2022-05-26T05:01:49,2022-05-26T19:02:27,0.85,"Rain, Partially cloudy",Partly cloudy throughout the day with rain clearing later.,rain,"58238099999,ZSNJ"
nanjing,2022-05-27,30,18,23.7,29.8,18,23.8,17.1,70,0,0,0,rain,0,0,18,10.8,23.5,1005.5,48.9,6.4,253.4,22,9,10,2022-05-27T05:01:25,2022-05-27T19:03:05,0.88,Partially cloudy,Partly cloudy throughout the day.,partly-cloudy-day,"58238099999,ZSNJ"
nanjing,2022-05-28,27,21.8,23.7,27.7,21.8,23.7,17.6,69.4,0.2,100,4.17,rain,0,0,43.2,21.6,179.7,1003.3,60.2,9.3,45,3.8,2,10,2022-05-28T05:01:02,2022-05-28T19:03:41,0.92,"Rain, Partially cloudy",Partly cloudy throughout the day with late afternoon rain.,rain,"58238099999,ZSNJ"
nanjing,2022-05-29,29.7,20.9,24.9,32,20.9,25.7,20.9,79.7,0,0,0,rain,0,0,32.4,18,214.2,1000.7,73.3,9.3,167.9,14.6,7,10,2022-05-29T05:00:40,2022-05-29T19:04:17,0.95,Partially cloudy,Partly cloudy throughout the day.,partly-cloudy-day,"58238099999,ZSNJ"
nanjing,2022-05-30,29.2,20,23.7,32,20,24.2,20,80.3,9,100,4.17,rain,0,0,68.4,25.2,29.4,1005.3,63.4,9,165.8,14.3,7,10,2022-05-30T05:00:21,2022-05-30T19:04:53,0,"Rain, Partially cloudy",Partly cloudy throughout the day with afternoon rain.,rain,"58238099999,ZSNJ"
nanjing,2022-05-31,32,15,24.7,30.2,15,24.1,10.5,46.3,0,0,0,,0,0,36,21.6,128.1,1006.9,79.8,12.3,291.1,25,9,10,2022-05-31T05:00:02,2022-05-31T19:05:28,0.02,Partially cloudy,Partly cloudy throughout the day.,partly-cloudy-day,"58238099999,ZSNJ"
nanjing,2022-06-01,31,22.8,26.2,35.5,22.8,27.5,20.1,70,0,0,0,,0,0,32.4,21.6,225.7,1003.9,84,10.3,248,21.5,8,10,2022-06-01T04:59:45,2022-06-01T19:06:02,0.06,Partially cloudy,Partly cloudy throughout the day.,partly-cloudy-day,"58238099999,ZSNJ"
nanjing,2022-06-02,34,20,27.4,37.3,20,28.7,20.1,68.1,0,0,0,,0,0,36.7,21.6,118.3,1003.6,28.1,9.6,332.1,28.8,10,10,2022-06-02T04:59:30,2022-06-02T19:06:35,0.09,Partially cloudy,Becoming cloudy in the afternoon.,partly-cloudy-day,"58238099999,ZSNJ"
nanjing,2022-06-03,29,23.6,25.9,32,23.6,26.7,21.7,78.1,0,0,0,,0,0,38.2,21.6,110.9,1003.8,81.2,9.1,301.5,26.1,9,10,2022-06-03T04:59:16,2022-06-03T19:07:08,0.12,Partially cloudy,Partly cloudy throughout the day.,partly-cloudy-day,"58238099999,ZSNJ"
nanjing,2022-06-04,31,24,26.7,36.5,24,28.6,23.5,82.9,13,100,8.33,rain,0,0,36,18,154.2,1001.9,70.5,8.8,177.8,15.4,6,30,2022-06-04T04:59:03,2022-06-04T19:07:40,0.16,"Rain, Partially cloudy",Partly cloudy throughout the day with late afternoon rain.,rain,"58238099999,ZSNJ"
nanjing,2022-06-05,28,21.4,25.1,30.7,21.4,25.8,22.5,86.5,44,100,12.5,rain,0,0,37.1,17.9,10.6,999.3,69.1,9.1,70.2,5.9,3,10,2022-06-05T04:58:52,2022-06-05T19:08:11,0.19,"Rain, Partially cloudy",Partly cloudy throughout the day with rain clearing later.,rain,"58238099999,ZSNJ"
nanjing,2022-06-06,34,20,27,37.3,20,29,21,72.1,0,0,0,,0,0,39.6,21.6,240.7,1001.5,24.4,8.1,324.8,28.3,10,30,2022-06-06T04:58:43,2022-06-06T19:08:41,0.22,Partially cloudy,Partly cloudy throughout the day.,partly-cloudy-day,"58238099999,ZSNJ"
nanjing,2022-06-07,30,21,25.1,29,21,24.9,15.4,57.1,0,0,0,,0,0,39.6,14.4,59.8,1007.1,57,11.8,323.2,28,10,10,2022-06-07T04:58:35,2022-06-07T19:09:11,0.25,Partially cloudy,Partly cloudy throughout the day.,partly-cloudy-day,"58238099999,ZSNJ"
nanjing,2022-06-08,32,19,25.7,31,19,25.6,15.8,57,0,0,0,,0,0,36,21.6,110.3,1007.6,68.7,12,331.5,28.7,10,10,2022-06-08T04:58:28,2022-06-08T19:09:39,0.29,Partially cloudy,Partly cloudy throughout the day.,partly-cloudy-day,"58238099999,ZSNJ"
nanjing,2022-06-09,32,20.7,26.8,36.8,20.7,27.9,19.4,65.6,0,0,0,,0,0,35.6,21.6,102.6,1007,55.8,9.2,320.9,27.7,9,10,2022-06-09T04:58:23,2022-06-09T19:10:06,0.32,Partially cloudy,Partly cloudy throughout the day.,partly-cloudy-day,"58238099999,ZSNJ"
nanjing,2022-06-10,31,21,26.1,30.6,21,26,17.3,61.1,0,0,0,rain,0,0,43.2,28.8,127.2,1007.5,78.7,11.3,278.6,24.1,10,10,2022-06-10T04:58:20,2022-06-10T19:10:33,0.36,Partially cloudy,Partly cloudy throughout the day.,partly-cloudy-day,"58238099999,ZSNJ"
nanjing,2022-06-11,30,19.3,24.4,30.4,19.3,24.5,17.1,65.8,0,0,0,,0,0,43.2,21.6,113.7,1010.3,62.3,11.4,334.5,28.8,10,10,2022-06-11T04:58:18,2022-06-11T19:10:58,0.39,Partially cloudy,Partly cloudy throughout the day.,partly-cloudy-day,"58238099999,ZSNJ"
nanjing,2022-06-12,25,20,22.9,25,20,22.9,17.8,73.4,0,0,0,,0,0,43.2,27,130.9,1008.4,89.2,11,101.4,8.6,4,10,2022-06-12T04:58:17,2022-06-12T19:11:23,0.42,Partially cloudy,Partly cloudy throughout the day.,partly-cloudy-day,"58238099999,ZSNJ"
nanjing,2022-06-13,28,19.8,23.6,29.2,19.8,23.9,19,76.4,0,0,0,rain,0,0,32.4,10.9,122,1004.7,90,8.9,217.6,18.9,8,10,2022-06-13T04:58:18,2022-06-13T19:11:46,0.46,Partially cloudy,Partly cloudy throughout the day.,partly-cloudy-day,"58238099999,ZSNJ"
nanjing,2022-06-14,32,19.8,25.2,31.3,19.8,25.2,16.7,62.1,0,0,0,rain,0,0,54,28.8,275,1005.3,37.1,13,276.1,23.9,10,30,2022-06-14T04:58:20,2022-06-14T19:12:08,0.5,Partially cloudy,Partly cloudy throughout the day.,partly-cloudy-day,"58238099999,ZSNJ"
nanjing,2022-06-15,34,19,27.1,34.2,19,27.2,17.6,61,0,0,0,,0,0,28.8,14.4,196,1006.6,16.5,11.2,337.4,29.1,10,30,2022-06-15T04:58:24,2022-06-15T19:12:29,0.52,Clear,Clear conditions throughout the day.,clear-day,"58238099999,ZSNJ"
nanjing,2022-06-16,35,22,29.2,38.3,22,30.7,20.1,60.7,0,0,0,,0,0,34.2,18,206.7,1005.3,13.1,10.8,331.8,28.6,10,60,2022-06-16T04:58:29,2022-06-16T19:12:49,0.56,Clear,Clear conditions throughout the day.,clear-day,"58238099999,ZSNJ"
nanjing,2022-06-17,35,24,29.6,37.3,24,31.1,20.3,59.6,0,0,0,,0,0,36.7,18,209.9,1003.9,21.9,12.2,335.7,29.1,10,15,2022-06-17T04:58:36,2022-06-17T19:13:08,0.59,Partially cloudy,Partly cloudy throughout the day.,partly-cloudy-day,"58238099999,ZSNJ"
nanjing,2022-06-18,36,24,30,38.5,24,31.8,20.7,59.8,0,0,0,,0,0,32.4,18,132.7,1002.8,60.1,10.5,316.1,27.5,10,30,2022-06-18T04:58:43,2022-06-18T19:13:25,0.63,Partially cloudy,Partly cloudy throughout the day.,partly-cloudy-day,"58238099999,ZSNJ"
nanjing,2022-06-19,34.6,23,29.2,38.3,23,31.8,22,66.9,0,0,0,,0,0,27.7,14.4,173,1002.5,93.8,10.7,269.5,23.4,8,30,2022-06-19T04:58:52,2022-06-19T19:13:41,0.66,Overcast,Cloudy skies throughout the day.,cloudy,"58238099999,ZSNJ"
nanjing,2022-06-20,34,25,29,39.4,25,31.7,22.7,70.4,0,0,0,,0,0,33.8,18,70.5,1000.6,61.9,8.5,326.6,28,10,30,2022-06-20T04:59:03,2022-06-20T19:13:56,0.69,Partially cloudy,Partly cloudy throughout the day.,partly-cloudy-day,"58238099999,ZSNJ"
nanjing,2022-06-21,34,25,29.3,40.6,25,33,23.7,73.6,2,100,4.17,rain,0,0,43.2,25.2,129.6,1001.8,45.5,10.2,312.1,26.8,9,10,2022-06-21T04:59:15,2022-06-21T19:14:10,0.75,"Rain, Partially cloudy",Partly cloudy throughout the day with afternoon rain.,rain,"58238099999,ZSNJ"
nanjing,2022-06-22,34,26,29.5,40.6,26,33.8,24.3,74.5,0,0,0,rain,0,0,36,25.2,205,1003.3,65.7,12.7,172,14.8,7,30,2022-06-22T04:59:28,2022-06-22T19:14:22,0.76,Partially cloudy,Partly cloudy throughout the day.,partly-cloudy-day,"58238099999,ZSNJ"
nanjing,2022-06-23,35,25,29.5,41.9,25,33,23.5,72,0.7,100,4.17,rain,0,0,61.2,43.2,239.5,1002.6,84.1,12,202.2,17.5,7,30,2022-06-23T04:59:42,2022-06-23T19:14:33,0.8,"Rain, Partially cloudy",Partly cloudy throughout the day with late afternoon rain.,rain,"58238099999,ZSNJ"
nanjing,2022-06-24,29.2,24,26.8,35.6,24,28.8,23.9,84.9,133,100,8.33,rain,0,0,57.6,28.8,223.2,1002.8,52.7,10.7,234.2,20.2,9,60,2022-06-24T04:59:57,2022-06-24T19:14:43,0.83,"Rain, Partially cloudy",Partly cloudy throughout the day with early morning rain.,rain,"58238099999,ZSNJ"
nanjing,2022-06-25,35,24,30,44.9,24,35.2,24.6,74.3,0,0,0,,0,0,38.5,18,201.5,1002.5,40.8,12.2,320.6,27.7,9,100,2022-06-25T05:00:14,2022-06-25T19:14:51,0.86,Partially cloudy,Partly cloudy throughout the day.,partly-cloudy-day,"58238099999,ZSNJ"
nanjing,2022-06-26,36,27.9,32.1,44.7,32.4,38.8,24.8,66.7,0,0,0,rain,0,0,41.4,21.6,184.3,1002.9,92.8,12.4,258.2,22.2,9,75,2022-06-26T05:00:32,2022-06-26T19:14:58,0.9,Overcast,Cloudy skies throughout the day.,cloudy,"58238099999,ZSNJ"
nanjing,2022-06-27,34,29,31.9,40.6,34.3,37.5,23.9,63.5,0,0,0,,0,0,50,28.8,204.3,1000.7,94.5,12.7,220,19.1,8,60,2022-06-27T05:00:51,2022-06-27T19:15:03,0.93,Overcast,Cloudy skies throughout the day.,cloudy,"58238099999,ZSNJ"
nanjing,2022-06-28,33,27,29.9,38.1,30.6,34.9,24.1,71.6,2.3,100,8.33,rain,0,0,59,32.4,218.5,999,75.1,12.7,145,12.6,5,30,2022-06-28T05:01:11,2022-06-28T19:15:07,0.97,"Rain, Partially cloudy",Partly cloudy throughout the day with rain in the morning and afternoon.,rain,"58238099999,ZSNJ"
nanjing,2022-06-29,34,26,29.9,43.8,26,35.8,25.1,76.1,0,0,0,,0,0,39.6,21.6,199.2,1001.2,59.8,12.2,319.3,27.5,9,30,2022-06-29T05:01:32,2022-06-29T19:15:09,0,Partially cloudy,Partly cloudy throughout the day.,partly-cloudy-day,"58238099999,ZSNJ"
nanjing,2022-06-30,30,26,27.6,34.1,26,30.3,23.3,77.8,0.1,100,4.17,rain,0,0,28.8,18,166.1,1005.2,77,13,113.8,9.8,7,30,2022-06-30T05:01:55,2022-06-30T19:15:10,0.04,"Rain, Partially cloudy",Partly cloudy throughout the day with early morning rain.,rain,"58238099999,ZSNJ"
nanjing,2022-07-01,35,24.9,29.7,40.6,24.9,33.7,23.5,70.7,0,0,0,,0,0,40.3,25.2,130.1,1006.7,45.3,12.4,307.6,26.6,9,60,2022-07-01T05:02:18,2022-07-01T19:15:10,0.07,Partially cloudy,Partly cloudy throughout the day.,partly-cloudy-day,"58238099999,ZSNJ"
nanjing,2022-07-02,34,26.7,30.2,39.4,26.7,34.3,23.2,67,0,0,0,,0,0,43.2,25.2,119.5,1006.3,55.5,12.4,315.8,27.2,10,10,2022-07-02T05:02:42,2022-07-02T19:15:08,0.1,Partially cloudy,Partly cloudy throughout the day.,partly-cloudy-day,"58238099999,ZSNJ"
nanjing,2022-07-03,34,26.6,30.2,42.1,26.6,35.5,24.3,71.6,0,0,0,,0,0,40.3,18,117.4,1003.9,75.6,11.6,282.8,24.4,9,30,2022-07-03T05:03:07,2022-07-03T19:15:04,0.14,Partially cloudy,Partly cloudy throughout the day.,partly-cloudy-day,"58238099999,ZSNJ"
nanjing,2022-07-04,34,27,30.9,43.5,30,36.7,24.3,68.4,0.3,100,4.17,rain,0,0,35.3,14.5,106,1001.4,79.5,11.5,210.5,18.2,9,30,2022-07-04T05:03:34,2022-07-04T19:14:59,0.17,"Rain, Partially cloudy",Partly cloudy throughout the day with late afternoon rain.,rain,"58238099999,ZSNJ"
nanjing,2022-07-05,35,27.8,30.5,46.7,31.9,37.9,25.8,76.2,0,0,0,rain,0,0,43.2,21.6,116.4,999.5,82.9,10.6,224.7,19.4,9,75,2022-07-05T05:04:01,2022-07-05T19:14:53,0.21,Partially cloudy,Partly cloudy throughout the day.,partly-cloudy-day,"58238099999,ZSNJ"
nanjing,2022-07-06,34,27.5,29.9,42,31.3,35.7,25,75.6,0.3,100,4.17,rain,0,0,43.9,32.4,221.9,999.5,79.6,13,251.6,21.5,8,60,2022-07-06T05:04:29,2022-07-06T19:14:44,0.24,"Rain, Partially cloudy",Partly cloudy throughout the day with late afternoon rain.,rain,"58238099999,ZSNJ"
nanjing,2022-07-07,34,25,29.2,43.5,25,34.7,25.6,81.8,0.1,100,4.17,rain,0,0,43.2,18,243.2,1004.3,50.7,10.9,264.2,22.8,8,60,2022-07-07T05:04:57,2022-07-07T19:14:35,0.25,"Rain, Partially cloudy",Partly cloudy throughout the day with morning rain.,rain,"58238099999,ZSNJ"
nanjing,2022-07-08,36,27,31.4,44.7,31.2,38.8,25.7,73.2,0,0,0,rain,0,0,39.6,21.6,247,1003.9,52.1,12.3,279.8,24,9,75,2022-07-08T05:05:27,2022-07-08T19:14:24,0.31,Partially cloudy,Partly cloudy throughout the day.,partly-cloudy-day,"58238099999,ZSNJ"
nanjing,2022-07-09,37,28,31.2,47.6,32.7,38.6,25.6,72.7,0,0,0,rain,0,0,34.9,14.4,224.9,1002.3,42.8,12.2,254.4,21.9,8,60,2022-07-09T05:05:57,2022-07-09T19:14:11,0.34,Partially cloudy,Partly cloudy throughout the day.,partly-cloudy-day,"58238099999,ZSNJ"
nanjing,2022-07-10,39,27.2,32.8,47.3,30.1,40,25,65.8,6,100,4.17,rain,0,0,82.8,21.6,227.9,1002.1,33.2,12.3,291.5,25.1,9,75,2022-07-10T05:06:28,2022-07-10T19:13:57,0.38,"Rain, Partially cloudy",Partly cloudy throughout the day with late afternoon rain.,rain,"58238099999,ZSNJ"
nanjing,2022-07-11,39,26.4,32.4,47.6,26.4,39.7,25.5,69.2,0.5,100,4.17,rain,0,0,82.8,14.4,200.5,1003.3,54,11.9,308.5,26.7,9,75,2022-07-11T05:07:00,2022-07-11T19:13:41,0.41,"Rain, Partially cloudy",Partly cloudy throughout the day with early morning rain.,rain,"58238099999,ZSNJ"
nanjing,2022-07-12,39.4,29,34.2,48.7,35.6,42.7,25.5,62.9,0,0,0,,0,0,32.8,25.2,218.7,1002.8,79,12,296.1,25.7,9,60,2022-07-12T05:07:33,2022-07-12T19:13:23,0.45,Partially cloudy,Partly cloudy throughout the day.,partly-cloudy-day,"58238099999,ZSNJ"
nanjing,2022-07-13,39,28,33.7,45.8,33.6,40.2,24.1,60.3,0,0,0,,0,0,31,21.6,247.6,1002.2,77.6,12.4,295.4,25.3,9,60,2022-07-13T05:08:06,2022-07-13T19:13:05,0.48,Partially cloudy,Partly cloudy throughout the day.,partly-cloudy-day,"58238099999,ZSNJ"
nanjing,2022-07-14,39,28,33.1,47.2,33.6,40.5,25.1,65.1,0,0,0,,0,0,30.6,18,249.8,1001.6,75.5,11.7,263.4,22.9,8,60,2022-07-14T05:08:39,2022-07-14T19:12:44,0.5,Partially cloudy,Partly cloudy throughout the day.,partly-cloudy-day,"58238099999,ZSNJ"
nanjing,2022-07-15,39,28,32.8,49,32.7,39.9,24.9,64.7,0,0,0,rain,0,0,41.5,20,296.6,1000.5,82.6,11.4,238.4,20.7,8,60,2022-07-15T05:09:13,2022-07-15T19:12:22,0.55,Partially cloudy,Partly cloudy throughout the day.,partly-cloudy-day,"58238099999,ZSNJ"
nanjing,2022-07-16,35,28,31.4,46.7,33.6,40.7,26.7,76,0,0,0,rain,0,0,32.4,18,88.9,999.8,48.7,9.1,170.4,14.7,8,60,2022-07-16T05:09:48,2022-07-16T19:11:59,0.58,Partially cloudy,Partly cloudy throughout the day.,partly-cloudy-day,"58238099999,ZSNJ"
nanjing,2022-07-17,35,26,30.3,44.9,26,37.4,26,78.6,0,0,0,rain,0,0,39.6,25.2,237.7,998,56.9,9.3,187,16.2,9,30,2022-07-17T05:10:24,2022-07-17T19:11:34,0.61,Partially cloudy,Partly cloudy throughout the day.,partly-cloudy-day,"58238099999,ZSNJ"
nanjing,2022-07-18,33,26,28.6,37,26,31.3,23.5,75.3,0,0,0,rain,0,0,39.6,14.4,314.7,1000.3,90.6,9.9,228.5,19.8,7,10,2022-07-18T05:10:59,2022-07-18T19:11:07,0.65,Overcast,Cloudy skies throughout the day.,cloudy,"58238099999,ZSNJ"
nanjing,2022-07-19,35,25,30.1,39.5,25,33.4,23.2,69,0,0,0,rain,0,0,24.1,16.4,166.4,1003.2,82.3,10.9,285.7,24.7,9,10,2022-07-19T05:11:35,2022-07-19T19:10:39,0.68,Partially cloudy,Partly cloudy throughout the day.,partly-cloudy-day,"58238099999,ZSNJ"
nanjing,2022-07-20,36,26,29.9,44.7,26,35.5,25.2,77.2,6,100,4.17,rain,0,0,61.2,32.4,228.7,1004.2,89.5,11.8,148.4,12.7,7,60,2022-07-20T05:12:12,2022-07-20T19:10:10,0.75,"Rain, Partially cloudy",Partly cloudy throughout the day with afternoon rain.,rain,"58238099999,ZSNJ"
nanjing,2022-07-21,31.7,25,27,36.5,25,28.5,24.1,84.9,10,100,12.5,rain,0,0,28.8,14.4,282.5,1008.1,58.5,9.9,209.9,18,7,30,2022-07-21T05:12:49,2022-07-21T19:09:39,0.75,"Rain, Partially cloudy",Partly cloudy throughout the day with rain clearing later.,rain,"58238099999,ZSNJ"
nanjing,2022-07-22,35,24.3,30.2,45.3,24.3,36.4,25.3,76.6,0,0,0,rain,0,0,25.2,10.8,193.9,1007.4,57.6,10.7,264.3,23,9,75,2022-07-22T05:13:26,2022-07-22T19:09:06,0.78,Partially cloudy,Partly cloudy throughout the day.,partly-cloudy-day,"58238099999,ZSNJ"
nanjing,2022-07-23,34,26,30.3,43.8,26,36.5,24.8,73.1,0,0,0,rain,0,0,46.8,28.8,276.2,1003.8,76.9,11.8,271.5,23.6,8,60,2022-07-23T05:14:04,2022-07-23T19:08:32,0.81,Partially cloudy,Partly cloudy throughout the day.,partly-cloudy-day,"58238099999,ZSNJ"
nanjing,2022-07-24,34,24.8,29,37.3,24.8,31,21.7,67,0,0,0,,0,0,36,10.8,281.4,1005.8,50.3,11.2,320.8,27.7,10,10,2022-07-24T05:14:42,2022-07-24T19:07:57,0.85,Partially cloudy,Partly cloudy throughout the day.,partly-cloudy-day,"58238099999,ZSNJ"
nanjing,2022-07-25,37,25,30.5,43.2,25,34,22.7,65.4,0,0,0,,0,0,28.8,18,143.9,1006.1,24.1,11.2,310,26.9,9,60,2022-07-25T05:15:20,2022-07-25T19:07:20,0.88,Partially cloudy,Partly cloudy throughout the day.,partly-cloudy-day,"58238099999,ZSNJ"
nanjing,2022-07-26,33.7,25.5,27.9,39.6,25.5,30.7,23.8,79.5,22.1,100,8.33,rain,0,0,43.2,18,200.8,1004.6,52.1,11.6,175.1,15.2,7,60,2022-07-26T05:15:58,2022-07-26T19:06:42,0.91,"Rain, Partially cloudy",Partly cloudy throughout the day with rain.,rain,"58238099999,ZSNJ"
nanjing,2022-07-27,37,24.1,30.4,43.2,24.1,34.4,23.8,70.8,0,0,0,rain,0,0,25.2,10.8,67.1,1004.9,25.6,10.3,305.8,26.7,9,75,2022-07-27T05:16:37,2022-07-27T19:06:02,0.95,Partially cloudy,Partly cloudy throughout the day.,partly-cloudy-day,"58238099999,ZSNJ"
nanjing,2022-07-28,38,26.5,30.9,47.3,26.5,35.2,23.2,65,0,0,0,rain,0,0,54,25.2,108.9,1004.4,39.5,11.3,268.1,23.1,9,75,2022-07-28T05:17:16,2022-07-28T19:05:21,0.98,Partially cloudy,Partly cloudy throughout the day.,partly-cloudy-day,"58238099999,ZSNJ"
nanjing,2022-07-29,32,26,28.4,39.2,26,32.2,24.1,78.2,3,100,4.17,rain,0,0,54,18,37.1,1005.6,71.6,10.6,268.1,23.1,9,75,2022-07-29T05:17:55,2022-07-29T19:04:39,0,"Rain, Partially cloudy",Partly cloudy throughout the day with afternoon rain.,rain,"58238099999,ZSNJ"
nanjing,2022-07-30,36,26,29.8,43.2,26,34,24.6,75.8,0,0,0,rain,0,0,32.4,14.4,74.5,1004.1,52.9,10.8,261.6,22.3,9,60,2022-07-30T05:18:34,2022-07-30T19:03:55,0.05,Partially cloudy,Partly cloudy throughout the day.,partly-cloudy-day,"58238099999,ZSNJ"
nanjing,2022-07-31,35,26,29.7,40.6,26,33.7,24.6,76.1,0,0,0,,0,0,32.4,14.4,10.7,1002.9,29.9,10.8,274.4,23.6,9,30,2022-07-31T05:19:13,2022-07-31T19:03:10,0.08,Partially cloudy,Partly cloudy throughout the day.,partly-cloudy-day,"58238099999,ZSNJ"
nanjing,2022-08-01,36,26,30.1,43.3,26,35.2,24.9,75.7,0,0,0,rain,0,0,28.8,14.4,10.5,1004.6,46.2,11.2,226.3,19.6,9,30,2022-08-01T05:19:53,2022-08-01T19:02:24,0.12,Partially cloudy,Partly cloudy throughout the day.,partly-cloudy-day,"58238099999,ZSNJ"
nanjing,2022-08-02,37,27,31.7,46,31.2,39.2,25.7,72.3,0,0,0,,0,0,32.8,18,108.4,1006.3,22.3,10.6,283.3,24.4,9,60,2022-08-02T05:20:32,2022-08-02T19:01:36,0.15,Partially cloudy,Partly cloudy throughout the day.,partly-cloudy-day,"58238099999,ZSNJ"
nanjing,2022-08-03,37,28.8,32.5,46.3,35.6,40.2,25.3,67.4,0,0,0,,0,0,32.4,23.6,113.5,1006.3,19.1,10.7,289.2,25,9,60,2022-08-03T05:21:12,2022-08-03T19:00:47,0.19,Clear,Clear conditions throughout the day.,clear-day,"58238099999,ZSNJ"
nanjing,2022-08-04,38,28.5,33.4,47.3,35.2,42.2,26,67.4,0,0,0,,0,0,29.2,14.4,184.1,1005.8,29.1,11.4,249.4,21.6,9,75,2022-08-04T05:21:51,2022-08-04T18:59:57,0.22,Partially cloudy,Partly cloudy throughout the day.,partly-cloudy-day,"58238099999,ZSNJ"
nanjing,2022-08-05,40,29,34,48.7,36.5,41.9,25,62.3,0,0,0,,0,0,25.2,18,252.3,1005.1,79.5,12.1,257.1,22.1,9,75,2022-08-05T05:22:31,2022-08-05T18:59:06,0.25,Partially cloudy,Partly cloudy throughout the day.,partly-cloudy-day,"58238099999,ZSNJ"
nanjing,2022-08-06,39,30,33.7,45.8,35,40,23.9,58.3,0,0,0,,0,0,46.9,21.6,226.3,1004.8,30.6,13.2,299.1,25.7,9,60,2022-08-06T05:23:10,2022-08-06T18:58:13,0.29,Partially cloudy,Partly cloudy throughout the day.,partly-cloudy-day,"58238099999,ZSNJ"
nanjing,2022-08-07,38.3,27,32.8,46,30.6,39.2,24.5,63.9,0,0,0,,0,0,39.6,18,199.7,1004.2,75.8,13.1,231.1,19.8,8,30,2022-08-07T05:23:50,2022-08-07T18:57:19,0.33,Partially cloudy,Partly cloudy throughout the day.,partly-cloudy-day,"58238099999,ZSNJ"
nanjing,2022-08-08,39,29,34,45.8,35.3,40.8,24.2,58.9,0,0,0,,0,0,30.2,18,186.8,1004.6,77.6,12.5,287.1,24.6,9,30,2022-08-08T05:24:30,2022-08-08T18:56:25,0.36,Partially cloudy,Partly cloudy throughout the day.,partly-cloudy-day,"58238099999,ZSNJ"
nanjing,2022-08-09,40,28,33.9,47.1,31.9,39.8,23.6,57.1,0,0,0,,0,0,32.4,18,212.4,1004.5,72.5,12.7,292,25.1,9,30,2022-08-09T05:25:09,2022-08-09T18:55:29,0.4,Partially cloudy,Partly cloudy throughout the day.,partly-cloudy-day,"58238099999,ZSNJ"
nanjing,2022-08-10,40,28,33.9,47.2,33.4,40.4,24.2,60,0,0,0,,0,0,32.4,21.6,244.7,1004.7,72.4,12,264.9,22.7,9,60,2022-08-10T05:25:49,2022-08-10T18:54:31,0.43,Partially cloudy,Partly cloudy throughout the day.,partly-cloudy-day,"58238099999,ZSNJ"
nanjing,2022-08-11,41,28,33.9,47.2,33.6,40,23.9,59.5,0.1,100,4.17,rain,0,0,32.4,25.2,238.6,1004.9,89.2,11.4,285.3,24.9,9,60,2022-08-11T05:26:28,2022-08-11T18:53:33,0.47,"Rain, Partially cloudy",Partly cloudy throughout the day with early morning rain.,rain,"58238099999,ZSNJ"
nanjing,2022-08-12,40,28,34.3,47.2,34.5,40.3,23.7,57.2,0,0,0,,0,0,28.8,21.6,229.1,1004.7,55.1,12.5,274.8,23.8,9,30,2022-08-12T05:27:08,2022-08-12T18:52:34,0.5,Partially cloudy,Partly cloudy throughout the day.,partly-cloudy-day,"58238099999,ZSNJ"
nanjing,2022-08-13,41,28,34.5,46.1,33.6,40.2,23.2,54.9,0,0,0,,0,0,32.4,25.2,233.8,1003.7,58.5,12.7,273.4,23.6,9,30,2022-08-13T05:27:47,2022-08-13T18:51:34,0.54,Partially cloudy,Partly cloudy throughout the day.,partly-cloudy-day,"58238099999,ZSNJ"
nanjing,2022-08-14,41,29,34.7,47.2,34.5,41,23.7,56.3,0,0,0,,0,0,32.4,21.6,230.6,1003.5,77.6,12.6,284.5,24.6,9,30,2022-08-14T05:28:26,2022-08-14T18:50:33,0.57,Partially cloudy,Partly cloudy throughout the day.,partly-cloudy-day,"58238099999,ZSNJ"
nanjing,2022-08-15,41,28,34.6,47.2,33.6,41,23.9,57.1,0,0,0,,0,0,39.6,25.2,247.4,1001.9,80,12.9,263.1,22.6,9,30,2022-08-15T05:29:05,2022-08-15T18:49:30,0.6,Partially cloudy,Partly cloudy throughout the day.,partly-cloudy-day,"58238099999,ZSNJ"
nanjing,2022-08-16,38,27,31.5,47.3,30.1,38.5,25.3,71.1,0,0,0,,0,0,39.6,25.2,298.5,1003.3,82.3,11.7,201.5,17.3,9,60,2022-08-16T05:29:44,2022-08-16T18:48:27,0.63,Partially cloudy,Partly cloudy throughout the day.,partly-cloudy-day,"58238099999,ZSNJ"
nanjing,2022-08-17,36,26,30.2,46.3,26,36,25.2,76,0,0,0,rain,0,0,39.6,21.6,99.7,1005.7,51.1,10.9,253.8,22,9,75,2022-08-17T05:30:23,2022-08-17T18:47:23,0.67,Partially cloudy,Partly cloudy throughout the day.,partly-cloudy-day,"58238099999,ZSNJ"
nanjing,2022-08-18,38,27,32.6,49,30.1,40.5,25.5,67.8,0,0,0,,0,0,34.2,18,115.4,1004.2,52.7,10.8,281.3,24.4,9,60,2022-08-18T05:31:02,2022-08-18T18:46:18,0.7,Partially cloudy,Partly cloudy throughout the day.,partly-cloudy-day,"58238099999,ZSNJ"
nanjing,2022-08-19,40,29,34.2,50,36.1,42.9,25.6,63.3,0,0,0,,0,0,36,28.8,232.7,1002.1,77.4,11.4,248.8,21.5,8,60,2022-08-19T05:31:41,2022-08-19T18:45:12,0.75,Partially cloudy,Partly cloudy throughout the day.,partly-cloudy-day,"58238099999,ZSNJ"
nanjing,2022-08-20,39,28.1,32,50.3,33.2,39.5,25.4,69.2,0,0,0,rain,0,0,32.4,18,303.3,1004.4,80.6,11.5,184.8,15.9,8,60,2022-08-20T05:32:19,2022-08-20T18:44:05,0.77,Partially cloudy,Partly cloudy throughout the day.,partly-cloudy-day,"58238099999,ZSNJ"
nanjing,2022-08-21,38,26,31.9,47.6,26,38.3,25,69.2,0,0,0,,0,0,32.4,14.4,130.4,1004.4,60.3,11.2,276.3,24,9,60,2022-08-21T05:32:58,2022-08-21T18:42:58,0.8,Partially cloudy,Partly cloudy throughout the day.,partly-cloudy-day,"58238099999,ZSNJ"
nanjing,2022-08-22,39,28,33.8,44.6,33.6,39.7,23.8,59.4,0,0,0,,0,0,39.6,32.4,226.9,1002.1,86,11.7,260.2,22.3,8,30,2022-08-22T05:33:36,2022-08-22T18:41:49,0.83,Partially cloudy,Partly cloudy throughout the day.,partly-cloudy-day,"58238099999,ZSNJ"
nanjing,2022-08-23,35,24.8,30,45.3,24.8,35.1,24.2,72.1,0,0,0,,0,0,39.6,25.2,24,1006.1,80.5,11.6,189,16.2,7,30,2022-08-23T05:34:14,2022-08-23T18:40:40,0.86,Partially cloudy,Partly cloudy throughout the day.,partly-cloudy-day,"58238099999,ZSNJ"
nanjing,2022-08-24,27,24.6,25.8,28.5,24.6,26,19.9,70.2,0,0,0,,0,0,36,18,63.8,1009.7,85.5,11.9,89.3,7.8,4,10,2022-08-24T05:34:53,2022-08-24T18:39:30,0.9,Partially cloudy,Partly cloudy throughout the day.,partly-cloudy-day,"58238099999,ZSNJ"
nanjing,2022-08-25,32,25,27.4,36.8,25,29,21.4,70.2,0,0,0,,0,0,25.2,14.4,60.4,1008.1,89.6,11.1,123.4,10.5,4,10,2022-08-25T05:35:31,2022-08-25T18:38:20,0.93,Partially cloudy,Partly cloudy throughout the day.,partly-cloudy-day,"58238099999,ZSNJ"
nanjing,2022-08-26,31.3,24.8,27.5,35.5,24.8,29.3,22.3,74.3,0.8,100,8.33,rain,0,0,25.2,18,66.3,1008.5,84.1,10.5,233.3,20.1,9,10,2022-08-26T05:36:08,2022-08-26T18:37:09,0.96,"Rain, Partially cloudy",Partly cloudy throughout the day with rain.,rain,"58238099999,ZSNJ"
nanjing,2022-08-27,26,22.6,24.4,26,22.6,24.4,22.6,90,9.4,100,12.5,rain,0,0,35.6,14.4,62.9,1010.7,83.6,6.6,84.8,7.4,6,10,2022-08-27T05:36:46,2022-08-27T18:35:57,0,"Rain, Partially cloudy",Partly cloudy throughout the day with rain.,rain,"58238099999,ZSNJ"
nanjing,2022-08-28,29,23.6,25.9,32,23.6,26.7,21.1,75.6,0,0,0,,0,0,42.1,25.2,97.8,1010.5,67.6,11.9,173.9,15,7,10,2022-08-28T05:37:24,2022-08-28T18:34:44,0.03,Partially cloudy,Partly cloudy throughout the day.,partly-cloudy-day,"58238099999,ZSNJ"
nanjing,2022-08-29,32,24,28.1,39.2,24,31.5,24.1,79.8,0.2,100,4.17,rain,0,0,36,12.6,0.8,1009.6,58.6,9.7,219.8,18.7,8,30,2022-08-29T05:38:01,2022-08-29T18:33:31,0.06,"Rain, Partially cloudy",Partly cloudy throughout the day with morning rain.,rain,"58238099999,ZSNJ"
nanjing,2022-08-30,26,20.7,23.4,26,20.7,23.4,21.9,90.9,1.1,100,8.33,rain,0,0,27,14.4,317.9,1011.2,99.1,7.5,20.8,1.7,1,10,2022-08-30T05:38:39,2022-08-30T18:32:17,0.1,"Rain, Overcast",Cloudy skies throughout the day with rain.,rain,"58238099999,ZSNJ"
nanjing,2022-08-31,23,20,21.4,23,20,21.4,19.4,88.8,0.4,100,8.33,rain,0,0,25.2,10.8,352.8,1012.7,90.2,8.4,59.5,4.9,4,10,2022-08-31T05:39:16,2022-08-31T18:31:03,0.14,"Rain, Overcast",Cloudy skies throughout the day with rain clearing later.,rain,"58238099999,ZSNJ"
nanjing,2022-09-01,30,21,24.8,31.3,21,25.1,19.5,74.4,0,0,0,,0,0,34.2,14.4,32.4,1013.9,66.6,8.1,173.4,14.9,7,10,2022-09-01T05:39:53,2022-09-01T18:29:48,0.17,Partially cloudy,Partly cloudy throughout the day.,partly-cloudy-day,"58238099999,ZSNJ"
nanjing,2022-09-02,29,20,24.8,29.8,20,25,17.8,67.6,0,0,0,,0,0,43.2,21.6,38.7,1012.7,67.7,10.9,245.1,21.1,8,10,2022-09-02T05:40:31,2022-09-02T18:28:33,0.21,Partially cloudy,Partly cloudy throughout the day.,partly-cloudy-day,"58238099999,ZSNJ"
nanjing,2022-09-03,26,21.4,23.4,26,21.4,23.4,20.6,84.4,0.5,100,8.33,rain,0,0,43.2,18,11.6,1008.9,89.3,10.9,93.3,8,5,10,2022-09-03T05:41:08,2022-09-03T18:27:17,0.24,"Rain, Partially cloudy",Partly cloudy throughout the day with rain.,rain,"58238099999,ZSNJ"
nanjing,2022-09-04,29,23,25.3,30.8,23,25.8,21.1,78.6,0,0,0,rain,0,0,43.2,27.2,15.5,1006.1,70.5,12,137.8,11.9,8,10,2022-09-04T05:41:45,2022-09-04T18:26:01,0.25,Partially cloudy,Partly cloudy throughout the day.,partly-cloudy-day,"58238099999,ZSNJ"
nanjing,2022-09-05,31,21.8,26.1,31.4,21.8,26.3,18.2,64.5,0,0,0,,0,0,46.8,21.6,357,1005.3,11.7,12.3,272.1,23.4,9,10,2022-09-05T05:42:22,2022-09-05T18:24:44,0.31,Clear,Clear conditions throughout the day.,clear-day,"58238099999,ZSNJ"
nanjing,2022-09-06,34,19,26.6,35.8,19,27.3,19.2,68.1,0,0,0,,0,0,43.2,18,221.4,1010.8,9.8,10.3,273.7,23.6,9,10,2022-09-06T05:42:59,2022-09-06T18:23:27,0.35,Clear,Clear conditions throughout the day.,clear-day,"58238099999,ZSNJ"
nanjing,2022-09-07,35,20,27.1,34.2,20,27.2,17.9,63.2,0,0,0,,0,0,38.9,14.4,1.1,1015.6,57.6,10.2,253.3,21.8,9,10,2022-09-07T05:43:35,2022-09-07T18:22:09,0.38,Partially cloudy,Partly cloudy throughout the day.,partly-cloudy-day,"58238099999,ZSNJ"
nanjing,2022-09-08,30,23.6,25.9,32,23.6,26.5,21,75.7,0,0,0,,0,0,27.4,14.4,44.2,1017.2,69.6,6.1,196,16.9,7,10,2022-09-08T05:44:12,2022-09-08T18:20:52,0.42,Partially cloudy,Partly cloudy throughout the day.,partly-cloudy-day,"58238099999,ZSNJ"
nanjing,2022-09-09,30,22,25.4,30.4,22,25.5,18,67,0,0,0,,0,0,31,18,71.8,1016.3,72.8,8.8,186.4,16,7,10,2022-09-09T05:44:49,2022-09-09T18:19:34,0.46,Partially cloudy,Partly cloudy throughout the day.,partly-cloudy-day,"58238099999,ZSNJ"
nanjing,2022-09-10,30,18,23.9,29.4,18,23.8,15.6,62.6,0,0,0,,0,0,28.8,14.4,73.9,1014.3,61.5,11.4,203.8,17.7,7,10,2022-09-10T05:45:26,2022-09-10T18:18:15,0.5,Partially cloudy,Partly cloudy throughout the day.,partly-cloudy-day,"58238099999,ZSNJ"
nanjing,2022-09-11,31,20,25,31.4,20,25.3,18.5,69.8,0,0,0,,0,0,21.6,10.8,48.4,1012.5,47,10.3,238,20.6,9,10,2022-09-11T05:46:02,2022-09-11T18:16:57,0.52,Partially cloudy,Partly cloudy throughout the day.,partly-cloudy-day,"58238099999,ZSNJ"
nanjing,2022-09-12,31,20,25.4,31,20,25.4,17.9,66,0,0,0,rain,0,0,33.8,14.4,50.3,1011.5,19.4,11.9,263.3,22.8,9,10,2022-09-12T05:46:39,2022-09-12T18:15:38,0.56,Clear,Clear conditions throughout the day.,clear-day,"58238099999,ZSNJ"
nanjing,2022-09-13,25,21.7,23,25,21.7,23,20.8,88,0.6,100,8.33,rain,0,0,35.3,18,36.2,1012.2,63.2,10.4,159.7,13.6,7,10,2022-09-13T05:47:16,2022-09-13T18:14:19,0.59,"Rain, Partially cloudy",Partly cloudy throughout the day with rain in the morning and afternoon.,rain,"58238099999,ZSNJ"
nanjing,2022-09-14,25,22,23.3,25,22,23.3,21.2,88.3,1.1,100,8.33,rain,0,0,47.2,18,355.4,1009,93.1,10.6,89.2,7.7,4,10,2022-09-14T05:47:52,2022-09-14T18:13:00,0.62,"Rain, Overcast",Cloudy skies throughout the day with rain.,rain,"58238099999,ZSNJ"
nanjing,2022-09-15,23,20.8,21.7,23,20.8,21.7,20.7,94.1,19.3,100,16.67,rain,0,0,54.4,21.6,294.6,1004,99.3,6.7,11.5,0.9,1,10,2022-09-15T05:48:29,2022-09-15T18:11:40,0.65,"Rain, Overcast",Cloudy skies throughout the day with a chance of rain throughout the day.,rain,"58238099999,ZSNJ"
nanjing,2022-09-16,30,21.8,24.5,31.9,21.8,25,20.7,81.5,3.3,100,8.33,rain,0,0,28.1,10.9,265.3,1006,60.4,8.5,114.6,10,4,10,2022-09-16T05:49:06,2022-09-16T18:10:21,0.69,"Rain, Partially cloudy",Partly cloudy throughout the day with rain clearing later.,rain,"58238099999,ZSNJ"
nanjing,2022-09-17,30,19,24.8,31.4,19,25.4,20.2,77.9,0,0,0,,0,0,27,12.6,33.6,1007.5,18.2,9.5,212.3,18.5,8,10,2022-09-17T05:49:43,2022-09-17T18:09:01,0.72,Clear,Clear conditions throughout the day.,clear-day,"58238099999,ZSNJ"
nanjing,2022-09-18,30,21,24.4,31.3,21,24.9,20,78.5,0,0,0,,0,0,32.4,12.6,16.6,1007.9,25.7,9.6,248.4,21.4,8,10,2022-09-18T05:50:20,2022-09-18T18:07:41,0.75,Partially cloudy,Partly cloudy throughout the day.,partly-cloudy-day,"58238099999,ZSNJ"
nanjing,2022-09-19,29.3,19.5,24,28.6,19.5,23.9,15.6,63.4,0,0,0,,0,0,37.1,21.6,27.2,1011.4,1.9,10.6,260.4,22.5,9,10,2022-09-19T05:50:56,2022-09-19T18:06:22,0.78,Clear,Clear conditions throughout the day.,clear-day,"58238099999,ZSNJ"
nanjing,2022-09-20,25,18,21.2,25,18,21.2,13.6,62.6,0,0,0,,0,0,36,14.4,38.9,1016.1,76.7,12.3,109.2,9.4,7,10,2022-09-20T05:51:34,2022-09-20T18:05:02,0.81,Partially cloudy,Partly cloudy throughout the day.,partly-cloudy-day,"58238099999,ZSNJ"
nanjing,2022-09-21,25.1,18,21.3,25.1,18,21.3,12.8,59.8,0,0,0,,0,0,28.8,18,77.8,1016.1,78.5,13,225.7,19.5,8,10,2022-09-21T05:52:11,2022-09-21T18:03:42,0.85,Partially cloudy,Partly cloudy throughout the day.,partly-cloudy-day,"58238099999,ZSNJ"
nanjing,2022-09-22,28,17,22,28.3,17,22.1,15.6,69.1,0,0,0,,0,0,22,10.8,352.4,1013.1,62.3,11.1,213.6,18.4,8,10,2022-09-22T05:52:48,2022-09-22T18:02:23,0.88,Partially cloudy,Partly cloudy throughout the day.,partly-cloudy-day,"58238099999,ZSNJ"
nanjing,2022-09-23,26.9,16,21.2,27.2,16,21.2,12.4,60.5,0,0,0,,0,0,39.6,18.1,26.8,1016.7,87,11.5,220.8,19.1,8,10,2022-09-23T05:53:25,2022-09-23T18:01:03,0.91,Partially cloudy,Partly cloudy throughout the day.,partly-cloudy-day,"58238099999,ZSNJ"
nanjing,2022-09-24,25,16,20.3,25,16,20.3,11.7,59.2,0,0,0,,0,0,32,18,80.7,1018.1,96.6,12.3,168.3,14.3,8,10,2022-09-24T05:54:03,2022-09-24T17:59:44,0.94,Overcast,Cloudy skies throughout the day.,cloudy,"58238099999,ZSNJ"
nanjing,2022-09-25,26,18,22.1,26,18,22.1,15.1,65.2,0,0,0,,0,0,27,14.4,91.6,1015.6,86,12,183.2,15.8,7,10,2022-09-25T05:54:40,2022-09-25T17:58:24,0.98,Partially cloudy,Partly cloudy throughout the day.,partly-cloudy-day,"58238099999,ZSNJ"
nanjing,2022-09-26,24,18,20.6,24,18,20.6,15.6,73.9,0,0,0,,0,0,29.5,18,86.9,1015.7,51.6,10.6,201.6,17.2,8,10,2022-09-26T05:55:18,2022-09-26T17:57:05,0,Partially cloudy,Partly cloudy throughout the day.,partly-cloudy-day,"58238099999,ZSNJ"
nanjing,2022-09-27,28,17,22.1,28.9,17,22.2,17,74.1,0,0,0,,0,0,28.4,21.6,79.9,1014.4,64.4,9.8,117.8,10.3,6,10,2022-09-27T05:55:56,2022-09-27T17:55:46,0.04,Partially cloudy,Partly cloudy throughout the day.,partly-cloudy-day,"58238099999,ZSNJ"
nanjing,2022-09-28,22,18,19.8,22,18,19.8,17.1,84.7,1.2,100,8.33,rain,0,0,25.2,14.4,72.9,1013.4,47,6.9,46.5,4,2,10,2022-09-28T05:56:34,2022-09-28T17:54:27,0.08,"Rain, Partially cloudy",Partly cloudy throughout the day with rain clearing later.,rain,"58238099999,ZSNJ"
nanjing,2022-09-29,29,17.9,22.5,29.8,17.9,22.7,17.5,75.4,0,0,0,,0,0,30.6,18,100.9,1013.7,49.9,7,219.2,19,7,10,2022-09-29T05:57:13,2022-09-29T17:53:09,0.12,Partially cloudy,Partly cloudy throughout the day.,partly-cloudy-day,"58238099999,ZSNJ"
nanjing,2022-09-30,31,19,24.8,33.7,19,25.7,20.3,78,0,0,0,,0,0,33.1,18,97.5,1013,31.7,6.4,216,18.7,8,10,2022-09-30T05:57:51,2022-09-30T17:51:50,0.15,Partially cloudy,Partly cloudy throughout the day.,partly-cloudy-day,"58238099999,ZSNJ"
nanjing,2022-10-01,34,22,26.9,39.4,22,29.3,22.9,80.9,0,0,0,,0,0,36.7,18,99.9,1011.9,34.9,5.2,221.9,19.3,8,30,2022-10-01T05:58:30,2022-10-01T17:50:32,0.19,Partially cloudy,Partly cloudy throughout the day.,partly-cloudy-day,"58238099999,ZSNJ"
nanjing,2022-10-02,38,24,30.6,42.3,24,32.9,22.1,65.4,0,0,0,,0,0,38.9,21.6,186.9,1009.7,11.5,8.8,224,19.5,8,30,2022-10-02T05:59:09,2022-10-02T17:49:15,0.22,Clear,Clear conditions throughout the day.,clear-day,"58238099999,ZSNJ"
nanjing,2022-10-03,39,24,31.4,43.4,24,33.9,21.8,60.8,0,0,0,,0,0,36,23.5,231,1009.5,24.6,10.8,220.8,19.2,8,30,2022-10-03T05:59:48,2022-10-03T17:47:57,0.25,Partially cloudy,Partly cloudy throughout the day.,partly-cloudy-day,"58238099999,ZSNJ"
nanjing,2022-10-04,30,13,18.4,33.3,13,18.6,16,86.5,1.4,100,12.5,rain,0,0,50.4,28.8,19,1020.4,98.8,9.3,12.2,1,1,10,2022-10-04T06:00:28,2022-10-04T17:46:40,0.3,"Rain, Overcast",Cloudy skies throughout the day with rain.,rain,"58238099999,ZSNJ"
nanjing,2022-10-05,15,12,13.7,15,12,13.7,10.7,82.9,2.9,100,12.5,rain,0,0,36.4,18,41.4,1024.3,94.2,12,16.4,1.3,1,10,2022-10-05T06:01:07,2022-10-05T17:45:24,0.33,"Rain, Overcast",Cloudy skies throughout the day with rain.,rain,"58238099999,ZSNJ"
nanjing,2022-10-06,13,11.8,12.6,13,11.8,12.6,11.8,95.1,23.1,100,20.83,rain,0,0,33.8,12.6,43.5,1023.6,98.8,7.1,5.8,0.5,0,10,2022-10-06T06:01:47,2022-10-06T17:44:08,0.37,"Rain, Overcast",Cloudy skies throughout the day with a chance of rain throughout the day.,rain,"58238099999,ZSNJ"
nanjing,2022-10-07,17,11.5,14.2,17,11.5,14.2,10.9,81.6,4.1,100,8.33,rain,0,0,24.8,10.8,40.6,1024.7,73.4,9,161.8,13.9,7,10,2022-10-07T06:02:28,2022-10-07T17:42:52,0.4,"Rain, Partially cloudy",Partly cloudy throughout the day with rain.,rain,"58238099999,ZSNJ"
nanjing,2022-10-08,19,13.6,15.5,19,13.6,15.5,12.4,82.6,3.1,100,8.33,rain,0,0,25.2,14.5,114.4,1022.9,56.7,8.1,148.8,12.7,7,10,2022-10-08T06:03:08,2022-10-08T17:41:37,0.44,"Rain, Partially cloudy",Partly cloudy throughout the day with rain.,rain,"58238099999,ZSNJ"
nanjing,2022-10-09,19,13,15.4,19,13,15.4,10.4,74.5,2.1,100,8.33,rain,0,0,40.7,14.4,314.8,1023.5,73.6,8,150.3,13,6,10,2022-10-09T06:03:49,2022-10-09T17:40:22,0.47,"Rain, Partially cloudy",Partly cloudy throughout the day with rain clearing later.,rain,"58238099999,ZSNJ"
nanjing,2022-10-10,18,6,12.6,18,4.5,12.4,0.7,48.7,0,0,0,,0,0,43.2,23.4,313.6,1026.9,30.2,12.8,233,20.2,8,10,2022-10-10T06:04:30,2022-10-10T17:39:08,0.5,Partially cloudy,Becoming cloudy in the afternoon.,partly-cloudy-day,"58238099999,ZSNJ"
nanjing,2022-10-11,20,7,13.1,20,7,13.1,3.9,60.2,0,0,0,,0,0,32.4,10.8,68.1,1025.7,32.3,11.6,230.8,20,8,10,2022-10-11T06:05:12,2022-10-11T17:37:55,0.54,Partially cloudy,Clearing in the afternoon.,partly-cloudy-day,"58238099999,ZSNJ"
nanjing,2022-10-12,22,7,14.7,22,7,14.7,8.3,69.7,0,0,0,,0,0,40.3,21.6,99.3,1025,10.3,10.3,222.9,19.3,8,10,2022-10-12T06:05:54,2022-10-12T17:36:42,0.57,Clear,Clear conditions throughout the day.,clear-day,"58238099999,ZSNJ"
nanjing,2022-10-13,23,10,16.3,23,9.2,16.3,10.2,70,0,0,0,,0,0,33.5,18,88.2,1022.6,7.5,10.2,219.5,19,8,10,2022-10-13T06:06:36,2022-10-13T17:35:30,0.61,Clear,Clear conditions throughout the day.,clear-day,"58238099999,ZSNJ"
nanjing,2022-10-14,23,10,17.1,23,10,17.1,11.9,74.5,0,0,0,,0,0,26.3,14.5,72.5,1019.7,18.1,8.8,212.7,18.3,8,10,2022-10-14T06:07:19,2022-10-14T17:34:19,0.64,Clear,Clear conditions throughout the day.,clear-day,"58238099999,ZSNJ"
nanjing,2022-10-15,23,10,17,23,10,17,11.6,73.7,0,0,0,,0,0,25.2,14.5,65.1,1019.3,6.8,9.6,212.5,18.4,8,10,2022-10-15T06:08:02,2022-10-15T17:33:08,0.67,Clear,Clear conditions throughout the day.,clear-day,"58238099999,ZSNJ"
nanjing,2022-10-16,25,11,18,25,11,18,11.7,70.3,0,0,0,,0,0,25.2,14.4,37.9,1020.1,9.1,8.6,210.8,18.3,7,10,2022-10-16T06:08:45,2022-10-16T17:31:58,0.7,Clear,Clear conditions throughout the day.,clear-day,"58238099999,ZSNJ"
nanjing,2022-10-17,22,11,17.6,22,11,17.6,8.3,57.7,0,0,0,,0,0,40,23.4,36.6,1025,41.5,10.3,208.9,18,7,10,2022-10-17T06:09:29,2022-10-17T17:30:49,0.73,Partially cloudy,Partly cloudy throughout the day.,partly-cloudy-day,"58238099999,ZSNJ"
nanjing,2022-10-18,19,8,12.9,19,7.3,12.8,2.9,56.1,0,0,0,,0,0,39.6,12.6,26.4,1026.8,1,12.3,219.6,19,8,10,2022-10-18T06:10:13,2022-10-18T17:29:40,0.75,Clear,Clear conditions throughout the day.,clear-day,"58238099999,ZSNJ"
nanjing,2022-10-19,21,5,12.9,21,5,12.9,5,63.7,0,0,0,,0,0,34.9,18,98.3,1026.5,0,11.7,216,18.6,8,10,2022-10-19T06:10:58,2022-10-19T17:28:33,0.8,Clear,Clear conditions throughout the day.,clear-day,"58238099999,ZSNJ"
nanjing,2022-10-20,22,9,15.9,22,6.8,15.7,9,65.7,0,0,0,,0,0,43.9,25.2,107.1,1024.2,38.3,11,202.9,17.4,7,10,2022-10-20T06:11:43,2022-10-20T17:27:26,0.83,Partially cloudy,Partly cloudy throughout the day.,partly-cloudy-day,"58238099999,ZSNJ"
nanjing,2022-10-21,23,13,17.5,23,13,17.5,12.4,73.7,0,0,0,,0,0,41.4,14.4,90.9,1021.4,86.5,10.1,105.3,9.2,6,10,2022-10-21T06:12:28,2022-10-21T17:26:21,0.86,Partially cloudy,Partly cloudy throughout the day.,partly-cloudy-day,"58238099999,ZSNJ"
nanjing,2022-10-22,25,11,17.4,25,11,17.4,12.6,76.9,0,0,0,,0,0,25.2,10.8,358.4,1021.6,5.4,7.3,199,17.3,7,10,2022-10-22T06:13:14,2022-10-22T17:25:16,0.89,Clear,Clear conditions throughout the day.,clear-day,"58238099999,ZSNJ"
nanjing,2022-10-23,23.1,11,16.2,23.1,11,16.2,11.2,76.2,0,0,0,,0,0,30.6,18,68,1023.4,33.6,6.5,198.3,17,7,10,2022-10-23T06:14:00,2022-10-23T17:24:12,0.93,Partially cloudy,Partly cloudy throughout the day.,partly-cloudy-day,"58238099999,ZSNJ"
nanjing,2022-10-24,23,7,15.7,23,7,15.7,6.6,60.8,0,0,0,,0,0,31,18,97.4,1024.5,50,9.7,195.3,16.9,7,10,2022-10-24T06:14:46,2022-10-24T17:23:09,0.96,Partially cloudy,Partly cloudy throughout the day.,partly-cloudy-day,"58238099999,ZSNJ"
nanjing,2022-10-25,22,12,16.9,22,12,16.9,8.2,59.9,0,0,0,,0,0,40.3,23.4,109.6,1024.6,74,10.8,187.2,16.3,7,10,2022-10-25T06:15:33,2022-10-25T17:22:07,0,Partially cloudy,Partly cloudy throughout the day.,partly-cloudy-day,"58238099999,ZSNJ"
nanjing,2022-10-26,18,14.9,15.8,18,14.9,15.8,12.1,79.5,6.5,100,12.5,rain,0,0,39.6,21.6,90.8,1022,66.2,9.5,9,0.8,0,10,2022-10-26T06:16:21,2022-10-26T17:21:06,0.03,"Rain, Partially cloudy",Partly cloudy throughout the day with rain.,rain,"58238099999,ZSNJ"
nanjing,2022-10-27,19,14.9,16.7,19,14.9,16.7,14.9,89.5,6.8,100,12.5,rain,0,0,40,18,64.3,1023.7,96.3,8.2,13.2,1.2,1,10,2022-10-27T06:17:08,2022-10-27T17:20:07,0.06,"Rain, Overcast",Cloudy skies throughout the day with rain clearing later.,rain,"58238099999,ZSNJ"
nanjing,2022-10-28,20,14.9,17,20,14.9,17,11.6,71.5,0,0,0,,0,0,36,28.8,71.8,1025.9,71.1,11,153,13.1,6,10,2022-10-28T06:17:56,2022-10-28T17:19:08,0.1,Partially cloudy,Partly cloudy throughout the day.,partly-cloudy-day,"58238099999,ZSNJ"
nanjing,2022-10-29,20,13,16.1,20,13,16.1,9.6,66.7,0,0,0,,0,0,34.2,21.6,68,1025,40.4,11.3,170.6,14.6,7,10,2022-10-29T06:18:45,2022-10-29T17:18:11,0.13,Partially cloudy,Clearing in the afternoon.,partly-cloudy-day,"58238099999,ZSNJ"
nanjing,2022-10-30,21,12,16.4,21,12,16.4,11.9,75.9,0,0,0,rain,0,0,28.8,14.4,59.5,1022.7,52.2,10.6,149,12.8,7,10,2022-10-30T06:19:34,2022-10-30T17:17:14,0.17,Partially cloudy,Becoming cloudy in the afternoon.,partly-cloudy-day,"58238099999,ZSNJ"
nanjing,2022-10-31,22,16,18.8,22,16,18.8,13.7,73.7,0,0,0,,0,0,25.6,10.9,57,1022.3,52.2,9.5,100.6,8.6,4,10,2022-10-31T06:20:23,2022-10-31T17:16:19,0.2,Partially cloudy,Partly cloudy throughout the day.,partly-cloudy-day,"58238099999,ZSNJ"
nanjing,2022-11-01,22,11,16.7,22,11,16.7,11.2,72.4,0,0,0,,0,0,36,21.6,62.7,1023.1,43.3,7.8,182.4,15.7,7,10,2022-11-01T06:21:13,2022-11-01T17:15:25,0.25,Partially cloudy,Partly cloudy throughout the day.,partly-cloudy-day,"58238099999,ZSNJ"
nanjing,2022-11-02,21,10,15.1,21,9.2,15.1,8.8,69,0,0,0,,0,0,32.8,14.4,75.5,1020.4,21.1,7,186.1,16.1,7,10,2022-11-02T06:22:03,2022-11-02T17:14:33,0.28,Partially cloudy,Partly cloudy throughout the day.,partly-cloudy-day,"58238099999,ZSNJ"
nanjing,2022-11-03,20,10,14.7,20,9.2,14.7,9.4,72.9,0,0,0,,0,0,33.1,14.4,57.8,1020.4,26,8.5,179.4,15.6,7,10,2022-11-03T06:22:53,2022-11-03T17:13:42,0.31,Partially cloudy,Partly cloudy throughout the day.,partly-cloudy-day,"58238099999,ZSNJ"
nanjing,2022-11-04,17,12,13.8,17,12,13.8,8.3,71,0,0,0,,0,0,32.4,18,47.8,1026.7,74.4,10.8,119.8,10.2,5,10,2022-11-04T06:23:44,2022-11-04T17:12:52,0.35,Partially cloudy,Partly cloudy throughout the day.,partly-cloudy-day,"58238099999,ZSNJ"
nanjing,2022-11-05,17.1,8,12.7,17.1,8,12.6,4.4,60.3,0,0,0,,0,0,25.2,18,84.4,1027.5,69.5,10.3,166.2,14.4,6,10,2022-11-05T06:24:35,2022-11-05T17:12:03,0.38,Partially cloudy,Partly cloudy throughout the day.,partly-cloudy-day,"58238099999,ZSNJ"
nanjing,2022-11-06,22,7,13.7,22,5.7,13.5,8.1,71.8,0,0,0,,0,0,37.4,18,110.9,1022.6,18.8,8.5,168.6,14.7,7,10,2022-11-06T06:25:26,2022-11-06T17:11:16,0.42,Clear,Clear conditions throughout the day.,clear-day,"58238099999,ZSNJ"
nanjing,2022-11-07,24,7,14.9,24,6.9,14.7,8.8,71.6,0,0,0,,0,0,28.8,7.2,54.9,1020.9,0.4,7.5,171.9,14.7,6,10,2022-11-07T06:26:18,2022-11-07T17:10:30,0.45,Clear,Clear conditions throughout the day.,clear-day,"58238099999,ZSNJ"
nanjing,2022-11-08,23,8,15.2,23,8,15.2,10.7,76.7,0,0,0,,0,0,34.9,14.4,84.2,1022.3,7,6,169.3,14.6,6,10,2022-11-08T06:27:10,2022-11-08T17:09:46,0.5,Clear,Clear conditions throughout the day.,clear-day,"58238099999,ZSNJ"
nanjing,2022-11-09,22,11,16.6,22,11,16.6,13.6,83.2,0,0,0,,0,0,37.4,12.6,85.7,1019.9,24,6.7,127.4,10.8,6,10,2022-11-09T06:28:02,2022-11-09T17:09:03,0.52,Partially cloudy,Partly cloudy throughout the day.,partly-cloudy-day,"58238099999,ZSNJ"
nanjing,2022-11-10,26,11,17.8,26,11,17.8,14.5,83.1,0,0,0,,0,0,29.9,18,76.4,1019.3,14.4,3.8,162.5,13.8,6,10,2022-11-10T06:28:55,2022-11-10T17:08:21,0.56,Clear,Clear conditions throughout the day.,clear-day,"58238099999,ZSNJ"
nanjing,2022-11-11,26,17,20.6,26,17,20.6,18.1,86.9,0,0,0,,0,0,40.3,21.6,97.9,1018,66.4,5.2,137.3,11.9,6,10,2022-11-11T06:29:47,2022-11-11T17:07:41,0.59,Partially cloudy,Partly cloudy throughout the day.,partly-cloudy-day,"58238099999,ZSNJ"
nanjing,2022-11-12,28,15.8,19.9,29.2,15.8,20,16.9,84.2,0,0,0,rain,0,0,43.2,21.6,322.6,1015.6,64.1,6,104.2,8.9,5,10,2022-11-12T06:30:40,2022-11-12T17:07:03,0.62,Partially cloudy,Partly cloudy throughout the day.,partly-cloudy-day,"58238099999,ZSNJ"
nanjing,2022-11-13,15,9.5,11.6,15,8.2,11.5,8.5,81.4,0.9,100,8.33,rain,0,0,43.2,14.4,16.4,1024.5,94.9,9,91.2,7.9,5,10,2022-11-13T06:31:33,2022-11-13T17:06:26,0.65,"Rain, Overcast",Cloudy skies throughout the day with rain clearing later.,rain,"58238099999,ZSNJ"
nanjing,2022-11-14,10,8.6,9.3,10,7.8,8.7,6.5,82.6,0.9,100,12.5,rain,0,0,25.2,10.8,334.5,1023.8,70.9,7.8,13.7,1.2,1,10,2022-11-14T06:32:26,2022-11-14T17:05:51,0.68,"Rain, Partially cloudy",Partly cloudy throughout the day with rain.,rain,"58238099999,ZSNJ"
nanjing,2022-11-15,15,5,9.4,15,5,9.3,5.9,80.9,0,0,0,,0,0,18,10.8,240.7,1021.4,8.5,5.6,168,14.5,6,10,2022-11-15T06:33:20,2022-11-15T17:05:17,0.72,Clear,Clear conditions throughout the day.,clear-day,"58238099999,ZSNJ"
nanjing,2022-11-16,15,3,9.9,15,3,9.9,6.1,80,0,0,0,rain,0,0,34.9,21.6,93.1,1019.9,30.1,3.4,136.2,11.8,6,10,2022-11-16T06:34:13,2022-11-16T17:04:45,0.75,Partially cloudy,Clearing in the afternoon.,partly-cloudy-day,"58238099999,ZSNJ"
nanjing,2022-11-17,14,12,13.3,14,12,13.3,12.6,96.1,0,0,0,rain,0,0,36,18,76.8,1018.7,100,3.7,3.7,0.1,0,10,2022-11-17T06:35:07,2022-11-17T17:04:15,0.78,Overcast,Cloudy skies throughout the day.,cloudy,"58238099999,ZSNJ"
nanjing,2022-11-18,17,13,14.9,17,13,14.9,13.9,93.9,3.2,100,8.33,rain,0,0,32.8,14.5,70.9,1020.8,98.2,4.9,38.8,3.3,2,10,2022-11-18T06:36:00,2022-11-18T17:03:46,0.81,"Rain, Overcast",Cloudy skies throughout the day with rain.,rain,"58238099999,ZSNJ"
nanjing,2022-11-19,16,14,15.4,16,14,15.4,14.5,94.7,3.6,100,12.5,rain,0,0,22,10.8,303.1,1019.4,100,3.3,20.5,1.7,2,10,2022-11-19T06:36:54,2022-11-19T17:03:19,0.85,"Rain, Overcast",Cloudy skies throughout the day with rain.,rain,"58238099999,ZSNJ"
nanjing,2022-11-20,18,9,13.9,18,9,13.9,11.5,86.5,0,0,0,,0,0,18,10.8,288.6,1019.1,74.4,5.7,123,10.6,5,10,2022-11-20T06:37:47,2022-11-20T17:02:54,0.88,Partially cloudy,Partly cloudy throughout the day.,partly-cloudy-day,"58238099999,ZSNJ"
nanjing,2022-11-21,18.4,8,13.9,18.4,8,13.9,12,89.4,5,100,4.17,rain,0,0,32,14.4,76.1,1018.8,71.8,3.9,115.2,9.9,5,10,2022-11-21T06:38:41,2022-11-21T17:02:30,0.91,"Rain, Partially cloudy",Partly cloudy throughout the day with late afternoon rain.,rain,"58238099999,ZSNJ"
nanjing,2022-11-22,16,13.9,14.7,16,13.9,14.7,13.7,94.1,21.2,100,16.67,rain,0,0,32.4,14.4,25.9,1017.1,99.5,6.9,11,1,1,10,2022-11-22T06:39:34,2022-11-22T17:02:08,0.94,"Rain, Overcast",Cloudy skies throughout the day with a chance of rain throughout the day.,rain,"58238099999,ZSNJ"
nanjing,2022-11-23,18,12,14.7,18,12,14.7,12.2,85.4,0,0,0,rain,0,0,25.2,10.8,359.6,1021.2,91.8,8.7,70.3,6,3,10,2022-11-23T06:40:27,2022-11-23T17:01:48,0.97,Overcast,Cloudy skies throughout the day.,cloudy,"58238099999,ZSNJ"
nanjing,2022-11-24,20,12,15.1,20,12,15.1,11.6,81,0,0,0,rain,0,0,31,18,110.6,1019.9,38.9,7.5,122.7,10.7,6,10,2022-11-24T06:41:20,2022-11-24T17:01:29,0,Partially cloudy,Partly cloudy throughout the day.,partly-cloudy-day,"58238099999,ZSNJ"
nanjing,2022-11-25,21.4,10,14.6,21.4,10,14.6,11.6,83.7,0,0,0,,0,0,32.8,14.4,334.5,1016.5,22.4,7.2,138.8,12.1,6,10,2022-11-25T06:42:13,2022-11-25T17:01:13,0.04,Partially cloudy,Partly cloudy throughout the day.,partly-cloudy-day,"58238099999,ZSNJ"
nanjing,2022-11-26,20,11,15.4,20,11,15.4,12.1,81.9,0,0,0,,0,0,38.9,16.2,76.9,1017.5,48.5,6.3,146,12.7,6,10,2022-11-26T06:43:05,2022-11-26T17:00:58,0.08,Partially cloudy,Partly cloudy throughout the day.,partly-cloudy-day,"58238099999,ZSNJ"
nanjing,2022-11-27,19.6,13,16.5,19.6,13,16.5,12.2,76,0,0,0,rain,0,0,50.8,18,132.9,1011.7,42,7.6,99.3,8.6,4,10,2022-11-27T06:43:57,2022-11-27T17:00:45,0.11,Partially cloudy,Partly cloudy throughout the day.,partly-cloudy-day,"58238099999,ZSNJ"
nanjing,2022-11-28,19,12,16,19,12,16,14.3,90,19.4,100,8.33,rain,0,0,32.4,18,4.6,1010.1,78.4,5.9,25.9,2.2,2,10,2022-11-28T06:44:49,2022-11-28T17:00:33,0.15,"Rain, Partially cloudy",Partly cloudy throughout the day with rain.,rain,"58238099999,ZSNJ"
nanjing,2022-11-29,12,2.4,8.4,12,-1.6,6.6,6.6,88.4,19,100,20.83,rain,0,0,53.3,21.5,14.3,1023.7,95.8,7.8,4.9,0.4,0,10,2022-11-29T06:45:41,2022-11-29T17:00:24,0.18,"Rain, Overcast",Cloudy skies throughout the day with a chance of rain throughout the day.,rain,"58238099999,ZSNJ"
nanjing,2022-11-30,2,-0.3,0.5,-1.1,-4.7,-3.1,-7.7,55,0.8,100,4.17,snow,0.1,0.4,50.4,18,18,1037.6,91.3,12.5,101.8,8.8,4,10,2022-11-30T06:46:32,2022-11-30T17:00:16,0.25,"Snow, Overcast",Cloudy skies throughout the day with early morning snow.,snow,"58238099999,ZSNJ"
nanjing,2022-12-01,4,-1,1.5,4,-3.8,-0.4,-9.4,45.1,0,0,0,snow,0,0.6,28.8,10.8,15.8,1035.6,86.5,12.7,116.8,10.1,5,10,2022-12-01T06:47:22,2022-12-01T17:00:10,0.25,Partially cloudy,Partly cloudy throughout the day.,partly-cloudy-day,"58238099999,ZSNJ"
nanjing,2022-12-02,6,-2,3.2,5,-3.6,1.5,-6.9,50.2,0,0,0,snow,0,0.2,21.6,14.4,103.7,1029.8,46.1,12,147.7,12.8,6,10,2022-12-02T06:48:12,2022-12-02T17:00:06,0.29,Partially cloudy,Partly cloudy throughout the day.,partly-cloudy-day,"58238099999,ZSNJ"
nanjing,2022-12-03,5,3.8,4.5,5,1.3,3.1,2.6,87.3,2.1,100,8.33,rain,0,0,33.8,10.8,46.7,1026.1,87.1,5.6,17.5,1.5,1,10,2022-12-03T06:49:02,2022-12-03T17:00:03,0.32,"Rain, Partially cloudy",Partly cloudy throughout the day with rain.,rain,"58238099999,ZSNJ"
nanjing,2022-12-04,6,4,5.2,5,1.9,3.3,3.9,91,5.5,100,16.67,rain,0,0,39.2,18,29.7,1030.9,97.7,7.1,5.4,0.5,0,10,2022-12-04T06:49:51,2022-12-04T17:00:03,0.36,"Rain, Overcast",Cloudy skies throughout the day with a chance of rain throughout the day.,rain,"58238099999,ZSNJ"
nanjing,2022-12-05,9.1,1,4.9,9,0.9,3.8,0.6,75.6,0.2,100,4.17,rain,0,0,32.4,10.8,5.5,1031.5,49.3,11,129.2,11.2,5,10,2022-12-05T06:50:39,2022-12-05T17:00:04,0.39,"Rain, Partially cloudy",Partly cloudy throughout the day with early morning rain.,rain,"58238099999,ZSNJ"
nanjing,2022-12-06,11,-2,4.2,11,-2,4.1,-0.3,76.2,0,0,0,,0,0,18,7.2,80.7,1028,43.9,8.3,134.3,11.3,6,10,2022-12-06T06:51:27,2022-12-06T17:00:07,0.43,Partially cloudy,Becoming cloudy in the afternoon.,partly-cloudy-day,"58238099999,ZSNJ"
nanjing,2022-12-07,10,0,6.1,8.5,0,5.2,2.6,79.3,0,0,0,,0,0,35.3,14.4,93.3,1025.8,57.9,6.3,30.7,2.6,2,10,2022-12-07T06:52:13,2022-12-07T17:00:12,0.46,Partially cloudy,Partly cloudy throughout the day.,partly-cloudy-day,"58238099999,ZSNJ"
nanjing,2022-12-08,11,8,9.1,11,7.3,9,6,80.8,0,0,0,rain,0,0,23.4,10.8,77.8,1023.8,92.7,5.1,8.1,0.7,1,10,2022-12-08T06:52:59,2022-12-08T17:00:19,0.5,Overcast,Cloudy skies throughout the day.,cloudy,"58238099999,ZSNJ"
nanjing,2022-12-09,11,8,9.4,11,7.7,9.2,8,91.4,0.9,100,8.33,rain,0,0,14.4,7.2,309.7,1022.1,100,1.8,20.4,1.6,1,10,2022-12-09T06:53:45,2022-12-09T17:00:27,0.53,"Rain, Overcast",Cloudy skies throughout the day with rain clearing later.,rain,"58238099999,ZSNJ"
nanjing,2022-12-10,12,7.6,9.5,12,5.6,8.7,7.3,86.4,0.5,100,4.17,rain,0,0,32.4,14.4,331.5,1022.8,98.4,2.9,67.7,5.8,4,10,2022-12-10T06:54:29,2022-12-10T17:00:37,0.57,"Rain, Overcast",Cloudy skies throughout the day with afternoon rain.,rain,"58238099999,ZSNJ"
nanjing,2022-12-11,8,2,4.9,6.1,-1.3,2.7,-0.8,67.3,0,0,0,,0,0,32.4,14.4,29.9,1028.2,54.9,9.7,128.2,11.1,5,10,2022-12-11T06:55:12,2022-12-11T17:00:49,0.6,Partially cloudy,Partly cloudy throughout the day.,partly-cloudy-day,"58238099999,ZSNJ"
nanjing,2022-12-12,9,0,3.7,6.8,-2.5,2.4,-2,70.1,0,0,0,,0,0,28.8,18,292.9,1026.2,20.6,8.1,121.9,10.7,6,10,2022-12-12T06:55:55,2022-12-12T17:01:03,0.63,Partially cloudy,Partly cloudy throughout the day.,partly-cloudy-day,"58238099999,ZSNJ"
nanjing,2022-12-13,12,-2,4.9,12,-4.8,3.6,-4.4,57.9,0,0,0,,0,0,32.8,18,299.8,1027.5,14.2,8.8,143.8,12.4,6,10,2022-12-13T06:56:36,2022-12-13T17:01:18,0.66,Clear,Clear conditions throughout the day.,clear-day,"58238099999,ZSNJ"
nanjing,2022-12-14,8,-2,3.1,6.9,-4.8,1.5,-8.8,44.3,0,0,0,,0,0,30.6,12.6,98.4,1031,12.9,11.3,146,12.6,6,10,2022-12-14T06:57:16,2022-12-14T17:01:35,0.7,Clear,Clear conditions throughout the day.,clear-day,"58238099999,ZSNJ"
nanjing,2022-12-15,14,-3,5.7,14,-4.7,4.8,-3.9,55.4,0,0,0,,0,0,21.6,14.4,87.9,1023.7,35.4,10.5,142.1,12.3,6,10,2022-12-15T06:57:55,2022-12-15T17:01:54,0.73,Partially cloudy,Partly cloudy throughout the day.,partly-cloudy-day,"58238099999,ZSNJ"
nanjing,2022-12-16,8,1.8,5,6.1,-2.3,2.3,1.7,80.2,2.7,100,8.33,"rain,snow",0,0,42.5,21.6,28.5,1030.2,85.7,7.1,33,2.9,2,10,2022-12-16T06:58:34,2022-12-16T17:02:14,0.75,"Snow, Rain, Partially cloudy",Partly cloudy throughout the day with rain or snow.,rain,"58238099999,ZSNJ"
nanjing,2022-12-17,3,-3.5,-0.3,-0.1,-7.7,-4,-8.4,57.8,0,0,0,snow,0,0,50.4,27.2,306.4,1037.5,36.1,10.4,137.7,11.9,6,10,2022-12-17T06:59:10,2022-12-17T17:02:36,0.79,Partially cloudy,Partly cloudy throughout the day.,partly-cloudy-day,"58238099999,ZSNJ"
nanjing,2022-12-18,7,-7,-0.7,3.8,-11.9,-3.6,-12.2,46.7,0,0,0,,0,0,50.4,18,251.4,1031.5,3.8,12,147.1,12.8,6,10,2022-12-18T06:59:46,2022-12-18T17:03:00,0.83,Clear,Clear conditions throughout the day.,clear-day,"58238099999,ZSNJ"
nanjing,2022-12-19,10,-6,1,9.2,-6,0.4,-7.7,60.3,0,0,0,,0,0,25.2,10.8,164.7,1025.8,6.3,11.3,145.5,12.7,6,10,2022-12-19T07:00:20,2022-12-19T17:03:25,0.86,Clear,Clear conditions throughout the day.,clear-day,"58238099999,ZSNJ"
nanjing,2022-12-20,12,-5,4.1,12,-7.1,3,-3.7,61.1,0,0,0,,0,0,28.8,18,115.7,1022.1,58.9,10.5,123.4,10.5,6,10,2022-12-20T07:00:54,2022-12-20T17:03:51,0.89,Partially cloudy,Partly cloudy throughout the day.,partly-cloudy-day,"58238099999,ZSNJ"
nanjing,2022-12-21,12,1,5.8,12,-2.3,4.6,-4.8,51.1,0,0,0,,0,0,49,21.6,278.6,1018.2,17.4,9.7,142.3,12.2,6,10,2022-12-21T07:01:25,2022-12-21T17:04:20,0.93,Clear,Clear conditions throughout the day.,clear-day,"58238099999,ZSNJ"
nanjing,2022-12-22,7,-5,2.6,3.4,-8.3,-0.4,-11,39.7,0,0,0,,0,0,52.9,27,318.9,1022.3,8,11.6,147.1,12.8,6,10,2022-12-22T07:01:56,2022-12-22T17:04:49,0.96,Clear,Clear conditions throughout the day.,clear-day,"58238099999,ZSNJ"
nanjing,2022-12-23,7.1,-8,-0.9,7,-8,-1.2,-12.1,50.8,0,0,0,,0,0,50.4,7.2,274.4,1026.4,3.8,12.6,145.5,12.7,6,10,2022-12-23T07:02:25,2022-12-23T17:05:21,0,Clear,Clear conditions throughout the day.,clear-day,"58238099999,ZSNJ"
nanjing,2022-12-24,6,-7,-0.9,3.8,-9.4,-2.3,-10.8,54.5,0,0,0,,0,0,28.8,12.5,334.6,1028.9,5,11.8,147.2,12.7,6,10,2022-12-24T07:02:52,2022-12-24T17:05:53,0.03,Clear,Clear conditions throughout the day.,clear-day,"58238099999,ZSNJ"
nanjing,2022-12-25,7,-8,-0.8,6,-8.6,-1.4,-7.2,65.9,0,0,0,,0,0,25.2,10.8,31.6,1029.9,15.4,10.8,144.4,12.4,6,10,2022-12-25T07:03:18,2022-12-25T17:06:27,0.06,Clear,Clear conditions throughout the day.,clear-day,"58238099999,ZSNJ"
nanjing,2022-12-26,6,-2,2.5,6,-2,2.3,-3.5,66.2,0,0,0,,0,0,14.4,7.2,20.3,1029.7,53.2,9.6,125.9,10.8,5,10,2022-12-26T07:03:43,2022-12-26T17:07:02,0.09,Partially cloudy,Partly cloudy throughout the day.,partly-cloudy-day,"58238099999,ZSNJ"
nanjing,2022-12-27,8,-5,2.2,6.9,-5,1.7,-3.8,67.7,0,0,0,,0,0,18,10.8,24.6,1031.3,26.7,6.7,132.7,11.4,6,10,2022-12-27T07:04:06,2022-12-27T17:07:39,0.13,Partially cloudy,Becoming cloudy in the afternoon.,partly-cloudy-day,"58238099999,ZSNJ"
nanjing,2022-12-28,6,1,3.9,6,-0.6,3.2,-1.2,69.9,0,0,0,,0,0,25.2,7.2,1.1,1033.5,34.5,3.7,84.6,7.3,3,10,2022-12-28T07:04:27,2022-12-28T17:08:17,0.16,Partially cloudy,Partly cloudy throughout the day.,partly-cloudy-day,"58238099999,ZSNJ"
nanjing,2022-12-29,6,-4,1.5,6,-4,0.8,-2.5,77.2,0,0,0,,0,0,14.4,10.8,66.6,1034.7,24.6,3.9,84.8,7.3,4,10,2022-12-29T07:04:47,2022-12-29T17:08:56,0.2,Partially cloudy,Partly cloudy throughout the day.,partly-cloudy-day,"58238099999,ZSNJ"
nanjing,2022-12-30,9.1,-4,1.9,9,-4,1.4,-5.5,64.4,0,0,0,,0,0,18,7.2,89.3,1034.3,26.6,7.5,137,11.7,6,10,2022-12-30T07:05:05,2022-12-30T17:09:36,0.25,Partially cloudy,Partly cloudy throughout the day.,partly-cloudy-day,"58238099999,ZSNJ"
nanjing,2022-12-31,11,-6,3.1,11,-7.1,2.7,-4.8,62.3,0,0,0,,0,0,18,10.8,116.6,1033.1,25.6,7.5,135,11.7,6,10,2022-12-31T07:05:22,2022-12-31T17:10:18,0.27,Partially cloudy,Becoming cloudy in the afternoon.,partly-cloudy-day,"58238099999,ZSNJ"
